"names","address","geo_id","hotel_id","rating","url","profile_image","review_score","review_heading","profile_contr","review_body","date_of_stay","company_responder","company_response","company_response_date","timestamp"
"Gyan Museum"," Rajasthan","g304555","d8382211","5.0","https://www.tripadvisor.com/ShowUserReviews-g304555-d8382211-r940566535-Gyan_Museum-Jaipur_Jaipur_District_Rajasthan.html","https://dynamic-media-cdn.tripadvisor.com/media/photo-o/1a/f6/f2/b8/default-avatar-2020-26.jpg?w=100&h=-1&s=1","5.0 of 5 bubbles","Spectacular!",0,"What an absolutely marvellous experience!! Unreal to say the least ., to think that the museum houses the collection of one man passion for collecting rare , varied and myriad objects is stupefying! The way they have been showcased is presented is a labour of love Kudos to the Dhadddha family ! A mustnt be missed place in Jaipur","Mar 2024 • Friends","","","","2024-03-22T08:46:54Z"
"Gyan Museum"," Rajasthan","g304555","d8382211","5.0","https://www.tripadvisor.com/ShowUserReviews-g304555-d8382211-r933423963-Gyan_Museum-Jaipur_Jaipur_District_Rajasthan.html","https://dynamic-media-cdn.tripadvisor.com/media/photo-o/1a/f6/ec/a2/default-avatar-2020-3.jpg?w=100&h=-1&s=1","5.0 of 5 bubbles","A niche of its own!",0,"Such an amazing place! Even though I didn't schedule an appointment as required the curator was gracious enough to accomodate us. Special thanks to the curator for being a wonderful host and the place is absolutely stunning. It surely is an experience!","Jan 2024 • Friends","","","","2024-03-22T08:46:54Z"
"Gyan Museum"," Rajasthan","g304555","d8382211","5.0","https://www.tripadvisor.com/ShowUserReviews-g304555-d8382211-r928840005-Gyan_Museum-Jaipur_Jaipur_District_Rajasthan.html","https://dynamic-media-cdn.tripadvisor.com/media/photo-o/1a/f6/f1/b8/default-avatar-2020-22.jpg?w=100&h=-1&s=1","5.0 of 5 bubbles","Personalized Art Experience",0,"A unique, vast collection of art from India and other parts of the world. Everything from the private guidance to the minimalist architecture felt so tailored and special. A must visit for historic art and design.","Dec 2023 • Family","","","","2024-03-22T08:46:54Z"
"Gyan Museum"," Rajasthan","g304555","d8382211","5.0","https://www.tripadvisor.com/ShowUserReviews-g304555-d8382211-r926651723-Gyan_Museum-Jaipur_Jaipur_District_Rajasthan.html","https://dynamic-media-cdn.tripadvisor.com/media/photo-o/1a/f6/e4/a9/default-avatar-2020-50.jpg?w=100&h=-1&s=1","5.0 of 5 bubbles","Great time",0,"We had a great time at the museum, miss Nikita was a great guide. She explained all the antique collections in detailed and friendly manner.","Nov 2023 • Couples","","","","2024-03-22T08:46:54Z"
"Gyan Museum"," Rajasthan","g304555","d8382211","5.0","https://www.tripadvisor.com/ShowUserReviews-g304555-d8382211-r925167701-Gyan_Museum-Jaipur_Jaipur_District_Rajasthan.html","https://dynamic-media-cdn.tripadvisor.com/media/photo-o/1a/f6/ed/7b/default-avatar-2020-6.jpg?w=100&h=-1&s=1","5.0 of 5 bubbles","Unique Museum!",33,"If I had to summarize our trip to Gyan Museum, I would call it 'unique'. There is a wide variety of displays ranging from pre- Harappan to the 19th century and many of them are unique. Loved the ruby and emerald chess set and the miniature paintings studded with pearls! Thanks Nikita for giving us a detailed tour... Worth a visit!","Nov 2023 • Family","","","","2024-03-22T08:46:54Z"
"Gyan Museum"," Rajasthan","g304555","d8382211","5.0","https://www.tripadvisor.com/ShowUserReviews-g304555-d8382211-r923157106-Gyan_Museum-Jaipur_Jaipur_District_Rajasthan.html","https://dynamic-media-cdn.tripadvisor.com/media/photo-o/1a/f6/e5/2b/default-avatar-2020-52.jpg?w=100&h=-1&s=1","5.0 of 5 bubbles","Magical ",0,"I had a wonderful experience I suggest each and every individual to visit Gyan museum once in a lifetime","Oct 2023 • Solo","","","","2024-03-22T08:46:54Z"
"Gyan Museum"," Rajasthan","g304555","d8382211","5.0","https://www.tripadvisor.com/ShowUserReviews-g304555-d8382211-r918948148-Gyan_Museum-Jaipur_Jaipur_District_Rajasthan.html","https://dynamic-media-cdn.tripadvisor.com/media/photo-o/1a/f6/e7/7b/default-avatar-2020-56.jpg?w=100&h=-1&s=1","5.0 of 5 bubbles","Best ",0,"One of the best places I have visited  in this year. Very professional guides experience also and knowledgeable place.","Sep 2023 • Friends","","","","2024-03-22T08:46:54Z"
"Gyan Museum"," Rajasthan","g304555","d8382211","5.0","https://www.tripadvisor.com/ShowUserReviews-g304555-d8382211-r907763923-Gyan_Museum-Jaipur_Jaipur_District_Rajasthan.html","https://dynamic-media-cdn.tripadvisor.com/media/photo-o/1a/f6/f2/11/default-avatar-2020-23.jpg?w=100&h=-1&s=1","4.0 of 5 bubbles","Worth visiting",39,"Pre Harappan pot, collection of manuscript are  articles of note.Guided tour is a good experience. Well maintained place","Aug 2023 • Solo","","","","2024-03-22T08:46:54Z"
"Gyan Museum"," Rajasthan","g304555","d8382211","5.0","https://www.tripadvisor.com/ShowUserReviews-g304555-d8382211-r906409554-Gyan_Museum-Jaipur_Jaipur_District_Rajasthan.html","https://dynamic-media-cdn.tripadvisor.com/media/photo-o/0a/85/af/00/anupam-j.jpg?w=100&h=-1&s=1","5.0 of 5 bubbles","Wonderful private museum",13,"We really enjoyed our time here. Budget about 30 minutes to 1 hour for the tour. Nikita was fabulous while explaining the various descriptions. It will be great if the slots can be booked online though. Overall, a great experience.","Jul 2023 • Family","","","","2024-03-22T08:46:54Z"
"Gyan Museum"," Rajasthan","g304555","d8382211","5.0","https://www.tripadvisor.com/ShowUserReviews-g304555-d8382211-r853509775-Gyan_Museum-Jaipur_Jaipur_District_Rajasthan.html","https://dynamic-media-cdn.tripadvisor.com/media/photo-o/1a/f6/ee/10/default-avatar-2020-8.jpg?w=100&h=-1&s=1","5.0 of 5 bubbles","Gyan Museum- Must Visit Once",15,"The museum is a tribute to Late Mr. Gyan Chand Dhaddha. It has varieties of Textiles, Mughal Rugs depicting the entire hunting scene- the rarest! All over amazing experience, You can spend as much time you want :)","Nov 2021","","","","2024-03-22T08:46:54Z"
"Gyan Museum"," Rajasthan","g304555","d8382211","5.0","https://www.tripadvisor.com/ShowUserReviews-g304555-d8382211-r798657846-Gyan_Museum-Jaipur_Jaipur_District_Rajasthan.html","https://dynamic-media-cdn.tripadvisor.com/media/photo-o/1a/f6/e5/2b/default-avatar-2020-52.jpg?w=100&h=-1&s=1","2.0 of 5 bubbles","Visiting Experience",0,"Suppose a theatre, event or an exhibition selling tickets or asking for appointments before the visit. And you discover the tickets/appointments are needed to be taken before the visit as well. Also, you are not sure on what grounds these are approved. Nonetheless, you go through a booking process with no revert from the other side. And travel more than 25 KMs to reach the destination just to discover that it is not open for visitors.I mean respecting your visitors time should be of utmost importance. You have a website that can show your schedule or critical information right? Use it then. Why a visitor could select a date of appointment on a date when no visitation is allowed. What kind of experience is that?","Jul 2021","","","","2024-03-22T08:46:55Z"
"Gyan Museum"," Rajasthan","g304555","d8382211","5.0","https://www.tripadvisor.com/ShowUserReviews-g304555-d8382211-r743495294-Gyan_Museum-Jaipur_Jaipur_District_Rajasthan.html","https://dynamic-media-cdn.tripadvisor.com/media/photo-o/1a/f6/ed/7b/default-avatar-2020-6.jpg?w=100&h=-1&s=1","5.0 of 5 bubbles","Amazing beauty",10,"This private collection of different cultural items from India is just amazing, collected with exquisite taste. The architecture of the museum is really beautiful, modern and simple, designed for the collection to give the best impression of it. We had also pleasure to meet the son of collector and have nice lunch in the garden.","Jan 2020","","","","2024-03-22T08:46:55Z"
"Gyan Museum"," Rajasthan","g304555","d8382211","5.0","https://www.tripadvisor.com/ShowUserReviews-g304555-d8382211-r734320627-Gyan_Museum-Jaipur_Jaipur_District_Rajasthan.html","https://dynamic-media-cdn.tripadvisor.com/media/photo-o/1a/f6/f6/0d/default-avatar-2020-34.jpg?w=100&h=-1&s=1","5.0 of 5 bubbles","Something different",19,"It's very rare that you see museums in India, that too so well kept. The art and craft will make your experience great. If you want to do something different in Jaipur, this is a must visit if it suits your taste.","Apr 2019","","","","2024-03-22T08:46:55Z"
"Gyan Museum"," Rajasthan","g304555","d8382211","5.0","https://www.tripadvisor.com/ShowUserReviews-g304555-d12469122-r678721537-Full_Day_Private_Guided_Tour_of_Gyan_Gallery-Jaipur_Jaipur_District_Rajasthan.html","https://dynamic-media-cdn.tripadvisor.com/media/photo-o/1a/f6/ed/7b/default-avatar-2020-6.jpg?w=100&h=-1&s=1","5.0 of 5 bubbles","Absolutely wonderful - A must see in Jaipur",2,"Discretely hidden in an industrial area in the South of Jaipur, the Gyan museum is a perfect place to visit, away from the uproar near the city’s monuments. First, I have been impressed by the modernity of the architecture, and then stunned by the amazing collection of impressively well-conserved artefacts from all over the world, sometimes dating as far as from the 17th century.The atmosphere inside is very intimate. I have been given a private tour of the museum, so that I got to learn about India’s exceptional craftmanship (silver craft, textile, painting…). It was fascinating!It was a very unique experience, that I recommend to whoever comes to visit Jaipur.","Jun 2019 • Solo","","","","2024-03-22T08:46:55Z"
"Gyan Museum"," Rajasthan","g304555","d8382211","5.0","https://www.tripadvisor.com/ShowUserReviews-g304555-d8382211-r678591278-Gyan_Museum-Jaipur_Jaipur_District_Rajasthan.html","https://dynamic-media-cdn.tripadvisor.com/media/photo-o/1a/f6/f0/d5/default-avatar-2020-17.jpg?w=100&h=-1&s=1","5.0 of 5 bubbles","A great way to start your day",0,"If you are someone who gets captivated with art, craft and gets lost into this unchartered terrain then Gyan Museum is surely going to entice you with it's fine collection and leave you in awe of things.I personally loved the collection of Hookah mouth pieces, watches and Glasses. It spoke its own story and how these would be priced possession since they would have interacted the most with the collector.The distinguishing feature among all the museum visits and this visit was the personal touch. Since we had someone to guide and lead us and it totally added to the entire experience.","Mar 2019 • Friends","","","","2024-03-22T08:46:55Z"
"Gyan Museum"," Rajasthan","g304555","d8382211","5.0","https://www.tripadvisor.com/ShowUserReviews-g304555-d8382211-r649390284-Gyan_Museum-Jaipur_Jaipur_District_Rajasthan.html","https://dynamic-media-cdn.tripadvisor.com/media/photo-o/0e/01/17/33/dan-f.jpg?w=100&h=-1&s=1","5.0 of 5 bubbles","Truly Beautiful and Intriguing - A Unique Experiance",46,"The Gyan museum is the repository of the collections of Gyan Dhaddha, founder of Gyan Jewelry.  Mr. Dhadda had an eclectic set of interests and a specific and particular taste level.  In other words, he was one of those rare individuals who has a great ""eye"" for the unique, the unusual, the beautiful.  His collecton ranges from the world's largest collection of hookah stems, to watches, to georgeous tapestries, to objects d'art, crafts, and paintings.  His collection was sourced from all over the world, but mostly India and Asia. This is an adult venue, I was fascinated, but I can imagine that teens, and certainly younger, would be unexcited.  For the adults it was a wonderful and worthwhile use of a couple of hours.  The building itself is unique, and the exhibit space has been meticulously designed and beautifully executed.  Fascinating.","Jan 2019 • Couples","","","","2024-03-22T08:46:55Z"
"Gyan Museum"," Rajasthan","g304555","d8382211","5.0","https://www.tripadvisor.com/ShowUserReviews-g304555-d8382211-r637141607-Gyan_Museum-Jaipur_Jaipur_District_Rajasthan.html","https://dynamic-media-cdn.tripadvisor.com/media/photo-o/15/97/7f/49/sm0uli.jpg?w=100&h=-1&s=1","5.0 of 5 bubbles","A great museum experience ",54,"Situated in the Industrial  district in Jaipur this museum is worth the visit if you happen to be in Jaipur. Unique private collection of Mr Gyan and housed in a space that is designed superbly well and aesthetically very pleasing . Harneet who is the person incharge of showing us around was well informed about the collections.Appointments to be made prior to the visit. Must see for sure.","Nov 2018 • Friends","","","","2024-03-22T08:46:55Z"
"Gyan Museum"," Rajasthan","g304555","d8382211","5.0","https://www.tripadvisor.com/ShowUserReviews-g304555-d8382211-r633288426-Gyan_Museum-Jaipur_Jaipur_District_Rajasthan.html","https://dynamic-media-cdn.tripadvisor.com/media/photo-o/1a/f6/df/99/default-avatar-2020-40.jpg?w=100&h=-1&s=1","5.0 of 5 bubbles","amazing collection in boutique museum",32,"If you are a serious about museums and want a unique and intimate visit to a museum with Indian and foreign artifacts from the 17th-19th centuries (and more), this place is for you. Based on the personal collections of Mr. Gyan Chand Ji Dhaddha, the gallery is a mind-blowing presentation of artwork, textiles, jewels, metalwork, game pieces, and much more. If you want to visit its best to fill out their inquiry form on the website to get a timeslot.The small but amazingly detailed paintings on rice paper were our favorite. Ms Harneet gave us a personal tour and filled in the back story to many items, both the item itself and/or the mythology behind the art.We spent two hours there to get a full appreciation of the presented collections.If you are also interested in custom jewelry, its worth a visit. There is no requirement to buy, or even to visit the show room, its a soft sell. The company sells most of its jewelry wholesale. But they (sons and grandson) are building brand recognition. If I wasn't retired and we were still accumulating jewelry we would have spent more time in the showroom, the work is exquisite.","Nov 2018","","","","2024-03-22T08:46:55Z"
"Gyan Museum"," Rajasthan","g304555","d8382211","5.0","https://www.tripadvisor.com/ShowUserReviews-g304555-d8382211-r629539767-Gyan_Museum-Jaipur_Jaipur_District_Rajasthan.html","https://dynamic-media-cdn.tripadvisor.com/media/photo-o/1a/f6/eb/6d/default-avatar-2020-19.jpg?w=100&h=-1&s=1","5.0 of 5 bubbles","Absolutely stunning",47,"Wow what a museum and collection. From the moment of arrival as you enter the building in the middle of an industrial estate on the outskirts of Jaipur you can’t help but to be blown away! First the architecture of the building is stunning and just perfect to house the amazing collection of treasures collected by this family. To be also shown their jewellery workshops was so fascinating and what an amazing company and experience this is. We were lucky enough to be shown around by Harneet Kaur, their marketing and communications manager and her knowledge and insight made the whole experience all the more fantastic. A must see place for all to see if you love and appreciate beautiful objects, architecture, amazing jewellery and a stunning collection of treasures.","Oct 2018 • Friends","","","","2024-03-22T08:46:55Z"
"Gyan Museum"," Rajasthan","g304555","d8382211","5.0","https://www.tripadvisor.com/ShowUserReviews-g304555-d8382211-r601423386-Gyan_Museum-Jaipur_Jaipur_District_Rajasthan.html","https://dynamic-media-cdn.tripadvisor.com/media/photo-o/13/ee/4c/98/sahil-b.jpg?w=100&h=-1&s=1","5.0 of 5 bubbles","Gyan museum",0,"This is a must good place which art culture history together.a place with incredible architecture and soothing ambience. this place has some amazing art effect and a great place to go for which include masterpieces from history and some amazing text  which can be a great part of learning","Jul 2018 • Solo","","","","2024-03-22T08:46:55Z"
"Gyan Museum"," Rajasthan","g304555","d8382211","5.0","https://www.tripadvisor.com/ShowUserReviews-g304555-d8382211-r593306422-Gyan_Museum-Jaipur_Jaipur_District_Rajasthan.html","https://dynamic-media-cdn.tripadvisor.com/media/photo-o/0e/1e/d4/43/anthony-h.jpg?w=100&h=-1&s=1","5.0 of 5 bubbles","Incredibly unique museum experience",55,"Located in a random industrial area on the outskirts of Jaipur, this museum is in an amazing designed building specifically created to hold the collection of gems and artifacts. Because we were the only visitors on the day we were there, we had a private tour of the entire collection. There is a cool synergy between the collection and the physical space. If you're into architecture this place is a worth a visit to see the building alone. Really unique experience that most travelers to Jaipur still don't know about.","Jun 2018 • Couples","","","","2024-03-22T08:46:57Z"
"Gyan Museum"," Rajasthan","g304555","d8382211","5.0","https://www.tripadvisor.com/ShowUserReviews-g304555-d8382211-r587077386-Gyan_Museum-Jaipur_Jaipur_District_Rajasthan.html","https://dynamic-media-cdn.tripadvisor.com/media/photo-o/1a/f6/eb/43/default-avatar-2020-11.jpg?w=100&h=-1&s=1","5.0 of 5 bubbles","A must see in Jaipur.",6,"This place is truly a hidden gem! Hard to find but when you do, it is totally worth it. This beautifully designed space. Our visit was elegantly conducted and was very educational.It was an honour to access the curated museum. We saw the factory and the skilled craftsmen at work. You could feel the vibe, the passion and the sense of aesthetics of the founder. A man of taste who you can discover through the visit. The brand is full of heritage and vision translated into the collection which they make with the most personalised experience. This is probably my favourite place in India, just because of the amount of thinking and style that has gone into making this space and designing the experience. Harneet the Marketing executive isa true professional and really represents the brand. Thank you thank you!","Nov 2017 • Solo","","","","2024-03-22T08:46:57Z"
"Gyan Museum"," Rajasthan","g304555","d8382211","5.0","https://www.tripadvisor.com/ShowUserReviews-g304555-d8382211-r574879387-Gyan_Museum-Jaipur_Jaipur_District_Rajasthan.html","https://dynamic-media-cdn.tripadvisor.com/media/photo-o/19/26/97/45/nitza1a.jpg?w=100&h=-1&s=1","5.0 of 5 bubbles","A Treasure Trove in the Sitapura Industrial Area, 30 Minutes from Jaipur Center",15,"At a first glance, from the road, Gem Place seems like any other industrial building. That is, until you have the opportunity to enter the premises, open its doors, and then witness  this beautiful high tech and yet intimate museum.  Harneet from the marketing team welcomed me and gave me an optional tour of the manufacturing facility before she took me to the first floor and opened that huge door. WOW. The collection begun by Mr. Gyan Chand Dhaddha is stunning. The 17th century jeweled hookah mouthpieces were unique. The textiles and old jewelry were my favorites. I left with a goodie bag as well! The 20 to 30 minute drive is absolutely and totally worth it. Please note it is best to make reservations.","Mar 2018 • Solo","","","","2024-03-22T08:46:57Z"
"Gyan Museum"," Rajasthan","g304555","d8382211","5.0","https://www.tripadvisor.com/ShowUserReviews-g304555-d8382211-r572613948-Gyan_Museum-Jaipur_Jaipur_District_Rajasthan.html","https://dynamic-media-cdn.tripadvisor.com/media/photo-o/17/74/8b/e0/amrita1308.jpg?w=100&h=-1&s=1","5.0 of 5 bubbles","A hidden gem in Jaipur Industrial area",0,"Gyan Museum  is a stunning example of how one man's pursuit of knowledge can become a source of collective learning. The museum houses over 2,500 treasured pieces, which he amassed during his lifetime including textiles, paintings, antique jewellery, vintage spectacles, rare inscriptions and objet d'art from around the world. A tribute by his sons, Suresh and Arun Dhaddha, the museum is a signature concept by French designer Paul Mathieu and is a must visit when in Jaipur!!","Apr 2018 • Business","","","","2024-03-22T08:46:57Z"
"Gyan Museum"," Rajasthan","g304555","d8382211","5.0","https://www.tripadvisor.com/ShowUserReviews-g304555-d8382211-r568384373-Gyan_Museum-Jaipur_Jaipur_District_Rajasthan.html","https://dynamic-media-cdn.tripadvisor.com/media/photo-o/04/0f/af/33/aparna-p.jpg?w=100&h=-1&s=1","5.0 of 5 bubbles","Peace and passion",4,"Jaipur's riot of colours and crafts can often overwhelm the senses. Gyan Museum provides a refreshing change, with it's minimalist, contemporary design. The collection is amazing; from paintings to jewellery, objets d'art and massive textiles and it's incredible how this is all the work of one man. It's a joy to spend an afternoon pottering around the very chic space. Do pop by the Gem Plaza boutique next door. It's all the luxury and gorgeousness you expect of Jaipur, minus the 'noise'.","Feb 2018 • Solo","","","","2024-03-22T08:46:57Z"
"Gyan Museum"," Rajasthan","g304555","d8382211","5.0","https://www.tripadvisor.com/ShowUserReviews-g304555-d8382211-r567843493-Gyan_Museum-Jaipur_Jaipur_District_Rajasthan.html","https://dynamic-media-cdn.tripadvisor.com/media/photo-o/12/64/31/cc/rashmi-s.jpg?w=100&h=-1&s=1","5.0 of 5 bubbles","Gyan museum is an experience in itself given its assemblage, display & architecture.",0,"Gyan museum is beautiful tribute to celebrate Mr. Gyan Chand's love for art, culture and appreciation; constructed by his sons. As humbling is his mammoth collection so is the warmness of his family and entire staff. The pursuit of excellence is very much visible in both the museum and his family owned factory 'Gem Plaza'. A must visit gem of Jaipur.","Mar 2018 • Family","","","","2024-03-22T08:46:57Z"
"Gyan Museum"," Rajasthan","g304555","d8382211","5.0","https://www.tripadvisor.com/ShowUserReviews-g304555-d8382211-r567657112-Gyan_Museum-Jaipur_Jaipur_District_Rajasthan.html","https://dynamic-media-cdn.tripadvisor.com/media/photo-o/1a/f6/e3/1f/default-avatar-2020-46.jpg?w=100&h=-1&s=1","5.0 of 5 bubbles","A Real Treasure of a Museum Located in Sitapura",11,"I booked this visit directly with the museum before I travelled to Jaipur and I was not disappointed. Around 20-25 minute drive from central Jaipur. A very insightful tour led by Harneet. I thought the collection was wonderfully curated and the museum itself is really atmospheric and beautiful. A real eclectic collection which obviously inspires the beautiful jewellery currently handcrafted by Gyan Jewels which has its workshop onsite too.  I was lucky enough to view a selection of their current creations, some of them a modern take on Indian classics. Superb visit, thoroughly recommended.","Feb 2018 • Solo","","","","2024-03-22T08:46:57Z"
"Gyan Museum"," Rajasthan","g304555","d8382211","5.0","https://www.tripadvisor.com/ShowUserReviews-g304555-d8382211-r566042665-Gyan_Museum-Jaipur_Jaipur_District_Rajasthan.html","https://dynamic-media-cdn.tripadvisor.com/media/photo-o/05/1c/ee/a0/heartfelt56.jpg?w=100&h=-1&s=1","5.0 of 5 bubbles","WONDERFUL SURPRISE IN SITAPURA",32,"Such an amazing gallery with beautiful objects collected by this amazing man and exhibited beautifully by his family. I loved my time exploring everything with the very welcoming Harneet who shared her knowledge with me. Also a very lovely cappucino for morning tea. I will be back!","Mar 2018 • Solo","","","","2024-03-22T08:46:57Z"
"Gyan Museum"," Rajasthan","g304555","d8382211","5.0","https://www.tripadvisor.com/ShowUserReviews-g304555-d8382211-r521282390-Gyan_Museum-Jaipur_Jaipur_District_Rajasthan.html","https://dynamic-media-cdn.tripadvisor.com/media/photo-o/07/95/91/06/camilapimenta.jpg?w=100&h=-1&s=1","5.0 of 5 bubbles","Speechless",14,"It's such an amazing place to visit.Couldn't imagine that in the middle of Sitapura we could find such work of art.Every single corner was so well done.Congratulation to the family and to the Designer Paul Mathieu.","Sep 2017 • Friends","","","","2024-03-22T08:46:57Z"
"Gyan Museum"," Rajasthan","g304555","d8382211","5.0","https://www.tripadvisor.com/ShowUserReviews-g304555-d8382211-r450480600-Gyan_Museum-Jaipur_Jaipur_District_Rajasthan.html","https://dynamic-media-cdn.tripadvisor.com/media/photo-o/19/cb/b0/e5/caption.jpg?w=100&h=-1&s=1","5.0 of 5 bubbles","Experiential Museum In Jaipur, India",58,"Hello Everyone, I am completely in awe to write a short note for wonderful work curated by Dhaddha family in memory of their father late Mr. Gyan Chand Dhaddha. Gyan museum is a wonderful walk into contemprory art curated by artist around the globe and collectiables from families private collection. I am a design & fashion educationist and had a lot of enthusisum to visit the museum and I must say it was beyond our expectation. The family run gem business was an add on offered to our group of students and their hospitality was inexpressible. Cannot put together in words the kindness and passion of the family which has produced a fine collection from jewels, clothing, gracious mouth peices, a pvt. gallery & library. It is truly gracious and the infrastructure of the museum is extremely classy. A must do while you are in Jaipur. Thank you for having us over & best wishes to Team Gyan Museum.","Dec 2016 • Business","","","","2024-03-22T08:46:57Z"
"Gyan Museum"," Rajasthan","g304555","d8382211","5.0","https://www.tripadvisor.com/ShowUserReviews-g304555-d8382211-r446111652-Gyan_Museum-Jaipur_Jaipur_District_Rajasthan.html","https://dynamic-media-cdn.tripadvisor.com/media/photo-o/1a/f6/f3/7c/default-avatar-2020-29.jpg?w=100&h=-1&s=1","5.0 of 5 bubbles","Workshop",2,"excellent experience.everyone should visit this if dey are in jaipur.had a wonderful time.love with this place.","Dec 2016 • Friends","","","","2024-03-22T08:46:58Z"
"Gyan Museum"," Rajasthan","g304555","d8382211","5.0","https://www.tripadvisor.com/ShowUserReviews-g304555-d8382211-r445112711-Gyan_Museum-Jaipur_Jaipur_District_Rajasthan.html","https://dynamic-media-cdn.tripadvisor.com/media/photo-o/1a/f6/f1/06/default-avatar-2020-18.jpg?w=100&h=-1&s=1","5.0 of 5 bubbles","I.V.",4,"It was a superb experience there.  Never would have thought that there would be such a wonderful museum in India. Hats off to the sons who built the museum in remembrance to their father.","Dec 2016 • Friends","","","","2024-03-22T08:46:58Z"
"Gyan Museum"," Rajasthan","g304555","d8382211","5.0","https://www.tripadvisor.com/ShowUserReviews-g304555-d8382211-r441410526-Gyan_Museum-Jaipur_Jaipur_District_Rajasthan.html","https://dynamic-media-cdn.tripadvisor.com/media/photo-o/1a/f6/e4/2d/default-avatar-2020-48.jpg?w=100&h=-1&s=1","5.0 of 5 bubbles","Treasure museum",35,"This is a treasure museum ,we feel really lucky to discover! Sooo nicely designed  by a French architect and beautyfully maintained by Dhaddha family!","Dec 2016","","","","2024-03-22T08:46:58Z"
"Gyan Museum"," Rajasthan","g304555","d8382211","5.0","https://www.tripadvisor.com/ShowUserReviews-g304555-d8382211-r438239049-Gyan_Museum-Jaipur_Jaipur_District_Rajasthan.html","https://dynamic-media-cdn.tripadvisor.com/media/photo-o/1a/f6/df/99/default-avatar-2020-40.jpg?w=100&h=-1&s=1","5.0 of 5 bubbles","Fascinating Museum",2,"Great experience , it is one of the most beautiful Museum I've ever seen in my life.I recommand Gyan Gallery.","Jul 2016 • Business","","","","2024-03-22T08:46:58Z"
"Gyan Museum"," Rajasthan","g304555","d8382211","5.0","https://www.tripadvisor.com/ShowUserReviews-g304555-d8382211-r413186405-Gyan_Museum-Jaipur_Jaipur_District_Rajasthan.html","https://dynamic-media-cdn.tripadvisor.com/media/photo-o/07/1f/66/a4/krysv2014.jpg?w=100&h=-1&s=1","5.0 of 5 bubbles","Royal Treasures in the Pink City",20,"The Gyan Gallery is a truly remarkable destination in one of India's most beloved and beautiful cities. It opened in January 2016 and has quickly proven itself one of Jaipur's most remarkable destinations. Located in the official jewelry manufacturing district, it's very strictly open by-appointment-only and should be on the top of every visitor's must-do list. Designed by the renowned French furniture designer Paul Mathieu, the Gyan Gallery houses the private art collection of the Gem Plaza family. Assembled by the current owner's father, the collection features a jaw dropping array of art, textiles, jewelry, coins, furniture and myriad objet d'art on a scale that boggles the mind in its beauty, and quality. The interiors are a vision of cool white and gray spaces, minimal and spare, permitting the objects on offer to shine. Indian museums should take note of the respect given the priceless items on display, especially the manner in which the miniature paintings are displayed. No trip to Jaipur is complete without a visit to the Gyan Gallery.","Aug 2016 • Friends","","","","2024-03-22T08:46:58Z"
"Gyan Museum"," Rajasthan","g304555","d8382211","5.0","https://www.tripadvisor.com/ShowUserReviews-g304555-d8382211-r346511563-Gyan_Museum-Jaipur_Jaipur_District_Rajasthan.html","https://dynamic-media-cdn.tripadvisor.com/media/photo-o/1a/f6/f0/9f/default-avatar-2020-16.jpg?w=100&h=-1&s=1","5.0 of 5 bubbles","The Gyan Gallery is a superb private collection displayed in a magnificent contemporary manner",2,"The objects on display are mainly from the personal and eclectic collection of the late Mr Gyan Dhaddha, they range from antique Indian fabrics to miniature paintings, from fine Indian antique jewels (mainly 19th Century) to precious walking sticks as well as curiosities such as a small collection of spectacles. The setting is very contemporary  and the  display and lighting are superb;  in addition each item is provided with a scholarly label. I highly recommend anyone with an interest in the arts to spend time here as the architecture, the design of the gallery and the items on show are a feast for the eyes and for the mind.","Jan 2016 • Business","","","","2024-03-22T08:46:58Z"
"Gyan Museum"," Rajasthan","g304555","d8382211","5.0","https://www.tripadvisor.com/ShowUserReviews-g304555-d8382211-r339588709-Gyan_Museum-Jaipur_Jaipur_District_Rajasthan.html","https://dynamic-media-cdn.tripadvisor.com/media/photo-o/1a/f6/f1/79/default-avatar-2020-21.jpg?w=100&h=-1&s=1","5.0 of 5 bubbles","Emotional",15,"Never before have I walked into a magical building to be hit by an immense and powerful energy. It has a soul; It’s the heart body and footprint of a great masterpiece I take my hat off to the architect Paul Mathieu who has captured the essence of a great man who inspired this magnificent building for his collection of rare artifacts delicately displayed.","Jan 2016 • Friends","","","","2024-03-22T08:46:58Z"
"Gyan Museum"," Rajasthan","g304555","d8382211","5.0","https://www.tripadvisor.com/ShowUserReviews-g304555-d8382211-r328600682-Gyan_Museum-Jaipur_Jaipur_District_Rajasthan.html","https://dynamic-media-cdn.tripadvisor.com/media/photo-f/01/2e/70/7f/avatar066.jpg?w=100&h=-1&s=1","5.0 of 5 bubbles","Worth seeing",3,"Above the factory making the jewelry to Gem Plaza is the greatest gem.  This is the collection of Gyan who amassed a remarkable and eclectic collection of miniatures, eyeglasses, textiles, jewels and so much more.  The design of the gallery is modern and shows the artifacts to perfection.","Nov 2015 • Friends","","","","2024-03-22T08:46:58Z"
"Gyan Museum"," Rajasthan","g304555","d8382211","5.0","https://www.tripadvisor.com/ShowUserReviews-g304555-d8382211-r323088406-Gyan_Museum-Jaipur_Jaipur_District_Rajasthan.html","https://dynamic-media-cdn.tripadvisor.com/media/photo-o/1a/f6/e7/7b/default-avatar-2020-56.jpg?w=100&h=-1&s=1","5.0 of 5 bubbles","Amazing collection!!",97,"The place is on the tonk road and there are lots of eateries around this place....They have a real good collection of precious and semi precious stones and you can trust the quality...This place offers import quality!!","Mar 2015 • Family","","","","2024-03-22T08:46:58Z"
"Gyan Museum"," Rajasthan","g304555","d8382211","5.0","https://www.tripadvisor.com/ShowUserReviews-g304555-d8382211-r321796693-Gyan_Museum-Jaipur_Jaipur_District_Rajasthan.html","https://dynamic-media-cdn.tripadvisor.com/media/photo-o/1a/f6/e8/5b/default-avatar-2020-61.jpg?w=100&h=-1&s=1","5.0 of 5 bubbles","A fascinating moment.",0,"A fantastic warm and personalized welcome from the owner and the team.The place is modern and shows a lot of interest for a visit.To be noted that the workers are so well treated by the management.","Oct 2015 • Couples","","","","2024-03-22T08:46:58Z"
"Gyan Museum"," Rajasthan","g304555","d8382211","5.0","https://www.tripadvisor.com/ShowUserReviews-g304555-d8382211-r314735065-Gyan_Museum-Jaipur_Jaipur_District_Rajasthan.html","https://dynamic-media-cdn.tripadvisor.com/media/photo-o/13/b3/21/6a/peregrineri.jpg?w=100&h=-1&s=1","5.0 of 5 bubbles","Beautiful collection",950,"This private museum has a beautiful collection. It's housed in a new building that was designed by a French architect—quite unusual. It's not open to the public, but you can visit Gem Plaza on MI Road and ask for an invitation.","Sep 2015","","","","2024-03-22T08:46:59Z"
"Gyan Museum"," Rajasthan","g304555","d8382211","5.0","https://www.tripadvisor.com/ShowUserReviews-g304555-d8382211-r304784561-Gyan_Museum-Jaipur_Jaipur_District_Rajasthan.html","https://dynamic-media-cdn.tripadvisor.com/media/photo-o/1a/f6/f4/20/default-avatar-2020-31.jpg?w=100&h=-1&s=1","5.0 of 5 bubbles","Love",0,"I came to see Arun in his new headquarters. I toured the facilities and visited the museum. Its super chic. I think the museum should be open to the public.","Mar 2015 • Business","","","","2024-03-22T08:46:59Z"
"Gyan Museum"," Rajasthan","g304555","d8382211","5.0","https://www.tripadvisor.com/ShowUserReviews-g304555-d8382211-r291166174-Gyan_Museum-Jaipur_Jaipur_District_Rajasthan.html","https://dynamic-media-cdn.tripadvisor.com/media/photo-o/1a/f6/ef/73/default-avatar-2020-13.jpg?w=100&h=-1&s=1","5.0 of 5 bubbles","Must visit !!!",2,"One of the best private gallery in india.Very rich, elegant,superb.Must visit spot in Jaipur.Great piece of hard work and imagine.Simply spectacular!Manish Singhvi","Jul 2015","","","","2024-03-22T08:46:59Z"
"Gyan Museum"," Rajasthan","g304555","d8382211","5.0","https://www.tripadvisor.com/ShowUserReviews-g304555-d8382211-r289749589-Gyan_Museum-Jaipur_Jaipur_District_Rajasthan.html","https://dynamic-media-cdn.tripadvisor.com/media/photo-o/1a/f6/e4/a9/default-avatar-2020-50.jpg?w=100&h=-1&s=1","5.0 of 5 bubbles","Sensational,Unique ,Original ,Beautiful",0,"I would advise anybody not to miss this Gallery. Very rich, extraordinary concept! Journey in time with very special collection of Indian art.","Mar 2015 • Couples","","","","2024-03-22T08:46:59Z"
"Gyan Museum"," Rajasthan","g304555","d8382211","5.0","https://www.tripadvisor.com/ShowUserReviews-g304555-d8382211-r288724267-Gyan_Museum-Jaipur_Jaipur_District_Rajasthan.html","https://dynamic-media-cdn.tripadvisor.com/media/photo-o/1a/f6/7c/01/default-avatar-2020-5.jpg?w=100&h=-1&s=1","5.0 of 5 bubbles","Unexpected Art Gem",21,"Visiting Gyan Gallery is the most unexpected experience. The location, though not hard to get to makes visiting this gallery a ""destination"" attraction. But once there - one is transformed into a world of luxury where every single millimetre and artefact is carefully thought about and curated. The selection of artefacts exhibited spans a wide period of time and product and is part of a vast privately collected lifelong collection of indian objects. The display cabinets highlight the beauty of the products and the space itself is magical, luxurious and tranquil. Though the displays are themed - there is no single overriding theme which is perfect for anyone wanting to get a glimpse of the diverse Indian art history.This small gem of a gallery is of world class and a true ""must see"" while in Jaipur. Visiting the gallery is in a single word - mermerising.","Feb 2015 • Solo","","","","2024-03-22T08:46:59Z"
"Gyan Museum"," Rajasthan","g304555","d8382211","5.0","https://www.tripadvisor.com/ShowUserReviews-g304555-d8382211-r285938414-Gyan_Museum-Jaipur_Jaipur_District_Rajasthan.html","https://dynamic-media-cdn.tripadvisor.com/media/photo-o/1a/f6/ef/32/default-avatar-2020-12.jpg?w=100&h=-1&s=1","5.0 of 5 bubbles","Beautiful Gallery",4,"One of the best gallery i have seen so far. Beautiful collection of antiques and jewllery, and amazing architecture. Amazing experience.","Jun 2015 • Business","","","","2024-03-22T08:46:59Z"
"Gyan Museum"," Rajasthan","g304555","d8382211","5.0","https://www.tripadvisor.com/ShowUserReviews-g304555-d8382211-r285628910-Gyan_Museum-Jaipur_Jaipur_District_Rajasthan.html","https://dynamic-media-cdn.tripadvisor.com/media/photo-o/1a/f6/e5/2b/default-avatar-2020-52.jpg?w=100&h=-1&s=1","5.0 of 5 bubbles","A collection of rare beauty",9,"I have had the extreme pleasure to visit the GYAN GALLERY more than once.  This is not a place to bring children or bored teenagers.  The setting is in a dark space that adds to the pleasure that the collection brings to the soul being uplifting and inspiring, the museum deserves contemplation and quiet to truly experience the treasures. The architecture of the museum is magical and in the mood of a dark and surprising Aladin's treasure cave.  The entrance to the inner sanctum is a by way of a majestic white hall watched over by a 2 meter tall carved malachite Ganesh. A spiraling white, smooth surfaced stair case leads to the main room of the collection.  The door opens to  pools of light on selected pieces of artistic treasures in textiles, precious metals, gem stones and finely painted miniatures  that span centuries of Indian history. This intimate architectural space best displays an important collection of jewelry, swords, ceremonial textiles, board games, spectacles and gem carved sculptures.  Not to be missed. Carolina P Schulze","Feb 2015 • Couples","","","","2024-03-22T08:46:59Z"
