"names","address","geo_id","hotel_id","rating","url","profile_image","review_score","review_heading","profile_contr","review_body","date_of_stay","company_responder","company_response","company_response_date","timestamp"
"Ashul Sharma","Varanasi Uttar Pradesh","g297685","d3378602","5.0","https://www.tripadvisor.com/ShowUserReviews-g297685-d3378602-r877548443-Ashul_Sharma-Varanasi_Varanasi_District_Uttar_Pradesh.html","https://dynamic-media-cdn.tripadvisor.com/media/photo-o/1a/f6/f1/79/default-avatar-2020-21.jpg?w=100&h=-1&s=1","1.0 of 5 bubbles","He stopped  astrology  and sprituality guidance",0,"I have visited feb 2023 . Now he is not giving guving any opinion  .He started puja shop .He clearly  told that he stopped the astrology  profession.So dont waste time to search this place . I have waisted 4 hour to visit this place","Feb 2023 • Friends","","","","2024-03-22T08:43:23Z"
"Ashul Sharma","Varanasi Uttar Pradesh","g297685","d3378602","5.0","https://www.tripadvisor.com/ShowUserReviews-g297685-d3378602-r863486573-Ashul_Sharma-Varanasi_Varanasi_District_Uttar_Pradesh.html","https://dynamic-media-cdn.tripadvisor.com/media/photo-o/1a/f6/f6/0d/default-avatar-2020-34.jpg?w=100&h=-1&s=1","5.0 of 5 bubbles","Magician",0,"Blessing this man is really blessed and meeting with him and spending time with his great Energy Really Powerful place Thanks 😊","Sep 2022 • Friends","","","","2024-03-22T08:43:23Z"
"Ashul Sharma","Varanasi Uttar Pradesh","g297685","d3378602","5.0","https://www.tripadvisor.com/ShowUserReviews-g297685-d3378602-r752394951-Ashul_Sharma-Varanasi_Varanasi_District_Uttar_Pradesh.html","https://dynamic-media-cdn.tripadvisor.com/media/photo-o/1a/f6/e6/ea/default-avatar-2020-54.jpg?w=100&h=-1&s=1","5.0 of 5 bubbles","Go here for a totally unique experience",5,"Baba Atreya is totally unique and all I can say is: go and hang out here!It will be worth it :-)He is super gifted and getting a vedic astrology reading will blow your mind. Be prepared for the absolute truth.","Mar 2020","","","","2024-03-22T08:43:23Z"
"Ashul Sharma","Varanasi Uttar Pradesh","g297685","d3378602","5.0","https://www.tripadvisor.com/ShowUserReviews-g297685-d3378602-r752341160-Ashul_Sharma-Varanasi_Varanasi_District_Uttar_Pradesh.html","https://dynamic-media-cdn.tripadvisor.com/media/photo-o/1a/f6/f4/5d/default-avatar-2020-32.jpg?w=100&h=-1&s=1","5.0 of 5 bubbles","Accurate, loving and generous spiritual healer, Baba Atreya",3,"I was blessed to encounter Baba Atreya during my recent trip to Varanasi. Baba is the most generous, wise and accurate spiritual healer. Trusting, loving and forward thinking. Baba stays with you everyday, from India to Australia, he is always by your side. He is a gift and a life blessing!","Oct 2019","","","","2024-03-22T08:43:23Z"
"Ashul Sharma","Varanasi Uttar Pradesh","g297685","d3378602","5.0","https://www.tripadvisor.com/ShowUserReviews-g297685-d3378602-r752234937-Ashul_Sharma-Varanasi_Varanasi_District_Uttar_Pradesh.html","https://dynamic-media-cdn.tripadvisor.com/media/photo-o/1b/3b/4f/70/violettesoleil.jpg?w=100&h=-1&s=1","5.0 of 5 bubbles","Dear friend and spiritual guide, authentic Vedic Astrologer BABA ATREYA",29,"Upon meeting BABA aka Ashul Sharma, it is easy to see why he is so loved and sought after in Varanasi for his guidance and wisdom as a vedic astrologer and powerful spiritual healer. He is completely authentic and not only that, quite funny. But, do not let his belly laugh and contagious smile fool you, this man is extremely gifted and has the ability to see and help ones that come in search of his services. Even as busy as he gets at times, he will always make sure that each client has the time needed to cover whatever is desired in each session. After my reading with Baba, we sat and talked and laughed. It was fun just to hang out on his meditation cushions be surrounded by images of gods and gurus. I cannot wait to go back to Varanasi and seeing Baba will be my first stop as not only is he my spiritual guide and helper, but also a friend with a heart of gold. Love you Baba!!","Dec 2019","","","","2024-03-22T08:43:23Z"
"Ashul Sharma","Varanasi Uttar Pradesh","g297685","d3378602","5.0","https://www.tripadvisor.com/ShowUserReviews-g297685-d3378602-r752198936-Ashul_Sharma-Varanasi_Varanasi_District_Uttar_Pradesh.html","https://dynamic-media-cdn.tripadvisor.com/media/photo-o/1a/f6/e4/2d/default-avatar-2020-48.jpg?w=100&h=-1&s=1","5.0 of 5 bubbles","Wonderful help",2,"BABAJI is such a wonderful,spiritual man with great commitment and on a humble note he is very spiritual and always heilling to help and never give up.Such a wonderful guru to many and have a great sense of humour too. ...thank you Baba Atreya ....","Aug 2019 • Solo","","","","2024-03-22T08:43:23Z"
"Ashul Sharma","Varanasi Uttar Pradesh","g297685","d3378602","5.0","https://www.tripadvisor.com/ShowUserReviews-g297685-d3378602-r710479674-Ashul_Sharma-Varanasi_Varanasi_District_Uttar_Pradesh.html","https://dynamic-media-cdn.tripadvisor.com/media/photo-o/1a/f6/e3/6a/default-avatar-2020-47.jpg?w=100&h=-1&s=1","5.0 of 5 bubbles","Most Memorable Encounter",7,"I've very thankful how life's synchronicities brought me in this humble abode of Baba Atreya, he helped me with connecting with myself more. I will never forget his great hospitality and how his aquarium filled abode makes me feel at ease and cozy. I would probably visit him everytime I go to Varanasi.","Aug 2019 • Solo","","","","2024-03-22T08:43:23Z"
"Ashul Sharma","Varanasi Uttar Pradesh","g297685","d3378602","5.0","https://www.tripadvisor.com/ShowUserReviews-g297685-d3378602-r708692744-Ashul_Sharma-Varanasi_Varanasi_District_Uttar_Pradesh.html","https://dynamic-media-cdn.tripadvisor.com/media/photo-o/18/91/2c/49/caption.jpg?w=100&h=-1&s=1","5.0 of 5 bubbles","My friend and Guru",7,"Baba Atreya is an incredibly wise and spiritual man. I met him seeking spiritual guidance and received that and so much more. He has a heart as big and warm as the sun and his intent is always sincere as he shares his wisdom and guidance.  I was so grateful to meet Baba by a chance meeting (not planned), and I gained a Guru and friend for life. Thank you Baba for all the ways you have helped me. See you again soon my friend.  I highly recommended meeting with Baba Atreya if you have the chance, it is life changing in so many beautiful ways.","Aug 2019 • Solo","","","","2024-03-22T08:43:23Z"
"Ashul Sharma","Varanasi Uttar Pradesh","g297685","d3378602","5.0","https://www.tripadvisor.com/ShowUserReviews-g297685-d3378602-r708536996-Ashul_Sharma-Varanasi_Varanasi_District_Uttar_Pradesh.html","https://dynamic-media-cdn.tripadvisor.com/media/photo-o/1a/f6/f2/59/default-avatar-2020-24.jpg?w=100&h=-1&s=1","5.0 of 5 bubbles","Stepping into another world",3,"In what can be a crazy and chaotic city at times, stepping into Babaji's place provides respite, but more than that, the chance to hang out with a kind-hearted, compassionate person with a great sense of humour. Some of the fondest times of my last few years were spent there, if not my life. Cheers!","Dec 2018 • Solo","","","","2024-03-22T08:43:23Z"
"Ashul Sharma","Varanasi Uttar Pradesh","g297685","d3378602","5.0","https://www.tripadvisor.com/ShowUserReviews-g297685-d3378602-r706855013-Ashul_Sharma-Varanasi_Varanasi_District_Uttar_Pradesh.html","https://dynamic-media-cdn.tripadvisor.com/media/photo-o/1a/f6/e9/ef/default-avatar-2020-66.jpg?w=100&h=-1&s=1","5.0 of 5 bubbles","Go and see Baba ;)",4,"this place is more than worth a visit. The vibrant, wonderful and spiritual atmosphere will add the right energy to your stay in varanasi.","Jun 2019","","","","2024-03-22T08:43:23Z"
"Ashul Sharma","Varanasi Uttar Pradesh","g297685","d3378602","5.0","https://www.tripadvisor.com/ShowUserReviews-g297685-d3378602-r706570003-Ashul_Sharma-Varanasi_Varanasi_District_Uttar_Pradesh.html","https://dynamic-media-cdn.tripadvisor.com/media/photo-o/1a/f6/f4/5d/default-avatar-2020-32.jpg?w=100&h=-1&s=1","5.0 of 5 bubbles","Spiritual place",2,"The ashram of babaji is really a very spiritual place.Babaji is a wonderful person with great wisdom and knowledge. You will be Received with hospitality, care and love. Thanks guru ji for the really Wonderful time!!","Dec 2018 • Solo","","","","2024-03-22T08:43:24Z"
"Ashul Sharma","Varanasi Uttar Pradesh","g297685","d3378602","5.0","https://www.tripadvisor.com/ShowUserReviews-g297685-d3378602-r706483963-Ashul_Sharma-Varanasi_Varanasi_District_Uttar_Pradesh.html","https://dynamic-media-cdn.tripadvisor.com/media/photo-o/1a/f6/f3/23/default-avatar-2020-28.jpg?w=100&h=-1&s=1","5.0 of 5 bubbles","Great astrology",9,"If you want a special experience in Varanasi, just pay a visit to Babaji. Fantastic personality, great astrology, with a powerful sense of humour and optimism, he made me better understand the spirituality of Varanasi.","Sep 2019","","","","2024-03-22T08:43:24Z"
"Ashul Sharma","Varanasi Uttar Pradesh","g297685","d3378602","5.0","https://www.tripadvisor.com/ShowUserReviews-g297685-d3378602-r706038687-Ashul_Sharma-Varanasi_Varanasi_District_Uttar_Pradesh.html","https://dynamic-media-cdn.tripadvisor.com/media/photo-o/1a/f6/e6/ea/default-avatar-2020-54.jpg?w=100&h=-1&s=1","5.0 of 5 bubbles","Brilliant",0,"Mr Sharma is brilliant and very insightful. I use the beads I bought from him every day and it made a huge difference in my life ever since.","Dec 2018 • Family","","","","2024-03-22T08:43:24Z"
"Ashul Sharma","Varanasi Uttar Pradesh","g297685","d3378602","5.0","https://www.tripadvisor.com/ShowUserReviews-g297685-d3378602-r706031137-Ashul_Sharma-Varanasi_Varanasi_District_Uttar_Pradesh.html","https://dynamic-media-cdn.tripadvisor.com/media/photo-o/1a/8a/88/39/pepechicasushi.jpg?w=100&h=-1&s=1","5.0 of 5 bubbles","The best astrology",602,"Baba is a great guy. I visited him with my wife and a friend. We had a very special time there. His knowledge on astrology is fascinating! Go there, don't miss it. It is certainly a moment you will keep in your heart forever. Namaste!","May 2019","","","","2024-03-22T08:43:24Z"
"Ashul Sharma","Varanasi Uttar Pradesh","g297685","d3378602","5.0","https://www.tripadvisor.com/ShowUserReviews-g297685-d3378602-r706028440-Ashul_Sharma-Varanasi_Varanasi_District_Uttar_Pradesh.html","https://dynamic-media-cdn.tripadvisor.com/media/photo-o/1a/f6/e7/7b/default-avatar-2020-56.jpg?w=100&h=-1&s=1","5.0 of 5 bubbles","Beads",4,"The beads and the paintings are just fascinating. Please check the painting of Maa Tara on the top shelf. The natural perfumes are highly recommended. Please take a appointment and go with a open mind. You get a lot of personal time and don’t miss on this opportunity. The light guides you here.....","Feb 2019","","","","2024-03-22T08:43:24Z"
"Ashul Sharma","Varanasi Uttar Pradesh","g297685","d3378602","5.0","https://www.tripadvisor.com/ShowUserReviews-g297685-d3378602-r706027899-Ashul_Sharma-Varanasi_Varanasi_District_Uttar_Pradesh.html","https://dynamic-media-cdn.tripadvisor.com/media/photo-o/1a/f6/f2/11/default-avatar-2020-23.jpg?w=100&h=-1&s=1","5.0 of 5 bubbles","Eye-opening and soul-searching experience",5,"Words could not adequately describe this most spiritual and insightful experience, certainly the best I had during many months in India. Babaji is a powerful, insightful, and honest man with much to teach both the individual and the world. Depending on the service, you may have to allocate several hours for a reading. But it is well worth the time. I think of Babaji and what he taught me every single day and it has been nine months since I saw him last. I hope to see him again, as I know I will be a better human for it.","Dec 2018","","","","2024-03-22T08:43:24Z"
"Ashul Sharma","Varanasi Uttar Pradesh","g297685","d3378602","5.0","https://www.tripadvisor.com/ShowUserReviews-g297685-d3378602-r705993653-Ashul_Sharma-Varanasi_Varanasi_District_Uttar_Pradesh.html","https://dynamic-media-cdn.tripadvisor.com/media/photo-o/15/10/3b/12/adriana-m.jpg?w=100&h=-1&s=1","5.0 of 5 bubbles","Life Changing",5,"Life changing experience! Its hard to write a review to capture the overall greatness of meeting Baba, but let me tell you this, I will always be grateful and forever changed by the experience! Visiting an Astrologer has always been on my bucket list, but this experience was more than I could have ever imagined. After setting up an appointment with him from a recommendation from a local, I sat for a reading that would forever change me. Baba knew everything, I mean EVERYTHING about me, from my past, current and future. I was stunned and amazed by his talent and forever changed, in the most amazing way!!! I hope to travel back to Varanasi one day to speak with him again. If you are ever in the area or even considering speaking to an astrologer, you need to go see him!!! You will not regret it.","Oct 2018","","","","2024-03-22T08:43:24Z"
"Ashul Sharma","Varanasi Uttar Pradesh","g297685","d3378602","5.0","https://www.tripadvisor.com/ShowUserReviews-g297685-d3378602-r705986418-Ashul_Sharma-Varanasi_Varanasi_District_Uttar_Pradesh.html","https://dynamic-media-cdn.tripadvisor.com/media/photo-o/1a/f6/f3/e4/default-avatar-2020-30.jpg?w=100&h=-1&s=1","5.0 of 5 bubbles","Best shop for mala",18,"I was finding for a mala by this app I found this shop and thing which I need I got here best place near gangs ghat and great Ashok Sharna hi thank you.","Sep 2019 • Solo","","","","2024-03-22T08:43:24Z"
"Ashul Sharma","Varanasi Uttar Pradesh","g297685","d3378602","5.0","https://www.tripadvisor.com/ShowUserReviews-g297685-d3378602-r705834956-Ashul_Sharma-Varanasi_Varanasi_District_Uttar_Pradesh.html","https://dynamic-media-cdn.tripadvisor.com/media/photo-o/1a/f6/de/5a/default-avatar-2020-36.jpg?w=100&h=-1&s=1","5.0 of 5 bubbles","Baba",3,"I met Baba in oktober 2017. He is a real guru and can tell you many things about yourself and your  future. He is a kind man. In his shop you find all kinds of essential oil. Highly recommended to visit.","Sep 2019 • Solo","","","","2024-03-22T08:43:24Z"
"Ashul Sharma","Varanasi Uttar Pradesh","g297685","d3378602","5.0","https://www.tripadvisor.com/ShowUserReviews-g297685-d3378602-r705830419-Ashul_Sharma-Varanasi_Varanasi_District_Uttar_Pradesh.html","https://dynamic-media-cdn.tripadvisor.com/media/photo-o/1a/f6/eb/6d/default-avatar-2020-19.jpg?w=100&h=-1&s=1","5.0 of 5 bubbles","You will not regret a visit",2,"Baba Atreya is one of the most interesting people in Varanasi, and if you have spent any time in Varanasi you know how significant a statement this is! He is incredibly charismatic and kind, and he is a very knowledgeable and talented astrologer and healer as well. Spending even a few minutes with him will open your mind to new realms of possibilities. And the shop space is incredibly interesting as well!","Oct 2018","","","","2024-03-22T08:43:24Z"
"Ashul Sharma","Varanasi Uttar Pradesh","g297685","d3378602","5.0","https://www.tripadvisor.com/ShowUserReviews-g297685-d3378602-r705827698-Ashul_Sharma-Varanasi_Varanasi_District_Uttar_Pradesh.html","https://dynamic-media-cdn.tripadvisor.com/media/photo-o/1a/f6/ea/2e/default-avatar-2020-67.jpg?w=100&h=-1&s=1","5.0 of 5 bubbles","Awesome shopping time with Awesome  Ashul ",20,"We found this cozy shop in our way back from Dolphin restaurant in Varanasi.Ashul Sharma is the owner and has everything  in there essential oils and real Perfumes enlighten Mala.But I personally spend time with this young beautiful girl who gives Aurvedic Massage and Ashul Baba atreya Astrology reading Take appointments before Best then you will have great time","Sep 2019 • Solo","","","","2024-03-22T08:43:26Z"
"Ashul Sharma","Varanasi Uttar Pradesh","g297685","d3378602","5.0","https://www.tripadvisor.com/ShowUserReviews-g297685-d3378602-r705787003-Ashul_Sharma-Varanasi_Varanasi_District_Uttar_Pradesh.html","https://dynamic-media-cdn.tripadvisor.com/media/photo-o/1a/f6/e8/ea/default-avatar-2020-63.jpg?w=100&h=-1&s=1","5.0 of 5 bubbles","Satisfaction Factory ",24,"Hard to Describe this shop and Babaji because I personally give much time for my life related things are here in this shop Ashul sharma Highley recommended from Heart Baba Atreya knowledge and his Powerful MalaDefinitely visit again soon for his Special best chai tea in India","Sep 2019 • Couples","","","","2024-03-22T08:43:26Z"
"Ashul Sharma","Varanasi Uttar Pradesh","g297685","d3378602","5.0","https://www.tripadvisor.com/ShowUserReviews-g297685-d3378602-r705611390-Ashul_Sharma-Varanasi_Varanasi_District_Uttar_Pradesh.html","https://dynamic-media-cdn.tripadvisor.com/media/photo-o/1a/f6/e2/a7/default-avatar-2020-44.jpg?w=100&h=-1&s=1","5.0 of 5 bubbles","Ashul Sharma is a special person ",15,"He is very honest little bit straight forward and very friendly and his hospitality asking chai or coffee or water made him very very special.  What a blessed powerful man Great Astrologer and very powerful Tantrik healer.This shop have some really powerful Mala  and refreshing energy really Great energy this man Ashul Sharma and his shop When ever I stay in varanasi I will visit this shop and buy something from Baba atreya","Sep 2019 • Couples","","","","2024-03-22T08:43:26Z"
"Ashul Sharma","Varanasi Uttar Pradesh","g297685","d3378602","5.0","https://www.tripadvisor.com/ShowUserReviews-g297685-d3378602-r705446916-Ashul_Sharma-Varanasi_Varanasi_District_Uttar_Pradesh.html","https://dynamic-media-cdn.tripadvisor.com/media/photo-o/1a/f6/f4/20/default-avatar-2020-31.jpg?w=100&h=-1&s=1","5.0 of 5 bubbles","Hard to find this Gem",20,"Varanasi is very famous for small street and in this small street near main ghat and near Dolphin restaurant you can find Greatest Diamond of Varanasi Ashul Sharma.What an attractive personality amazing power from great God and amazing powerful person. Spending time with Ashul Sharma is greatest pleasure and I personally bought few crystals and highly enlightened Statues. Little hard to find his place but it's very near by Dolphin restaurant. 1000% recommendations from heart Thanks Ashul Sharma","Aug 2019 • Couples","","","","2024-03-22T08:43:26Z"
"Ashul Sharma","Varanasi Uttar Pradesh","g297685","d3378602","5.0","https://www.tripadvisor.com/ShowUserReviews-g297685-d3378602-r704565388-Ashul_Sharma-Varanasi_Varanasi_District_Uttar_Pradesh.html","https://dynamic-media-cdn.tripadvisor.com/media/photo-o/1a/f6/e7/99/default-avatar-2020-57.jpg?w=100&h=-1&s=1","5.0 of 5 bubbles","Baba Atreya Greatest Ashul Sharma",22,"I must say Ashul Sharma store is hands down the best crystal and personal meeting with Baba Atreya is greatest pleasure","Aug 2019 • Solo","","","","2024-03-22T08:43:26Z"
"Ashul Sharma","Varanasi Uttar Pradesh","g297685","d3378602","5.0","https://www.tripadvisor.com/ShowUserReviews-g297685-d3378602-r622912373-Ashul_Sharma-Varanasi_Varanasi_District_Uttar_Pradesh.html","https://dynamic-media-cdn.tripadvisor.com/media/photo-o/1a/f6/de/5a/default-avatar-2020-36.jpg?w=100&h=-1&s=1","5.0 of 5 bubbles","Great shop",4,"I was lucky enough to stumble across Varanasi Remembrances and Baba Atreya in my travels. It's a beautiful shop and certainly worth the visit, even just to be in the surroundings. The crystals are beautiful, the malas are blessed and the natural perfume oils are exquisite. Namaste, Baba-ji","Oct 2018 • Solo","","","","2024-03-22T08:43:26Z"
"Ashul Sharma","Varanasi Uttar Pradesh","g297685","d3378602","5.0","https://www.tripadvisor.com/ShowUserReviews-g297685-d3378602-r611760452-Ashul_Sharma-Varanasi_Varanasi_District_Uttar_Pradesh.html","https://dynamic-media-cdn.tripadvisor.com/media/photo-o/1a/f6/df/99/default-avatar-2020-40.jpg?w=100&h=-1&s=1","5.0 of 5 bubbles","Best shop and best experience ",9,"Meeting Baba was one of the most incredible experiences in Varanasi. He is a real guru! His store has a great variety of stores, essentials oils and beautiful jewellery. You have to visit it!","Aug 2018 • Couples","","","","2024-03-22T08:43:26Z"
"Ashul Sharma","Varanasi Uttar Pradesh","g297685","d3378602","5.0","https://www.tripadvisor.com/ShowUserReviews-g297685-d3378602-r610346670-Ashul_Sharma-Varanasi_Varanasi_District_Uttar_Pradesh.html","https://dynamic-media-cdn.tripadvisor.com/media/photo-o/1a/f6/ee/db/default-avatar-2020-10.jpg?w=100&h=-1&s=1","5.0 of 5 bubbles","Amazing SHOP!",7,"If you go to Varanasi, you cannot miss to shop and meet Baba.He is fantastic and the store has all what you need.Go there and talk with BABA has been unique and unforgettable experience!","Aug 2018 • Couples","","","","2024-03-22T08:43:26Z"
"Ashul Sharma","Varanasi Uttar Pradesh","g297685","d3378602","5.0","https://www.tripadvisor.com/ShowUserReviews-g297685-d3378602-r608257951-Ashul_Sharma-Varanasi_Varanasi_District_Uttar_Pradesh.html","https://dynamic-media-cdn.tripadvisor.com/media/photo-o/1a/f6/eb/e3/default-avatar-2020-59.jpg?w=100&h=-1&s=1","5.0 of 5 bubbles","Best shop in Kasi - Varanasi",2,"One of the best  shops in the area.  Worth for money. They provide very good insights to buy item based on individual horoscope.","Jan 2018 • Family","","","","2024-03-22T08:43:26Z"
"Ashul Sharma","Varanasi Uttar Pradesh","g297685","d3378602","5.0","https://www.tripadvisor.com/ShowUserReviews-g297685-d3378602-r607984046-Ashul_Sharma-Varanasi_Varanasi_District_Uttar_Pradesh.html","https://dynamic-media-cdn.tripadvisor.com/media/photo-o/1a/f6/f1/b8/default-avatar-2020-22.jpg?w=100&h=-1&s=1","5.0 of 5 bubbles","real human love,",5,"Baba Atresha is one of the iluminated persons we have in this world, generous, help you with health, block spirits and open eyes for a more human world. He is love","Feb 2018 • Family","","","","2024-03-22T08:43:26Z"
"Ashul Sharma","Varanasi Uttar Pradesh","g297685","d3378602","5.0","https://www.tripadvisor.com/ShowUserReviews-g297685-d3378602-r607855318-Ashul_Sharma-Varanasi_Varanasi_District_Uttar_Pradesh.html","https://dynamic-media-cdn.tripadvisor.com/media/photo-o/1a/f6/f2/59/default-avatar-2020-24.jpg?w=100&h=-1&s=1","5.0 of 5 bubbles","Excellent...",0,"This is a local establishment should be modelled after they have a great variety and such friendly service.its a good mix shop.And if you want meet a good man please visit..","Apr 2018 • Friends","","","","2024-03-22T08:43:28Z"
"Ashul Sharma","Varanasi Uttar Pradesh","g297685","d3378602","5.0","https://www.tripadvisor.com/ShowUserReviews-g297685-d3378602-r607613471-Ashul_Sharma-Varanasi_Varanasi_District_Uttar_Pradesh.html","https://dynamic-media-cdn.tripadvisor.com/media/photo-o/1a/f6/e5/2b/default-avatar-2020-52.jpg?w=100&h=-1&s=1","5.0 of 5 bubbles","Special surprise",16,"Originally I wasn’t supposed to stop in Varanasi at all, but that’s the beauty of traveling alone sometimes, you’re in absolute control and can change things up as you please. It was the end of Shiva festival in Varanasi so things were specially chaotic around the old city. And in one early night my guide showed me to what came to be, most likely my reason to be there. Baba Atreya is a very special person with a true loving for what he does and a beautiful gift that he lovingly shares with those that come through. His wisdom and kindness are singular, he’s not pressuring anyone to spend their money, like in so many other places. Instantly felt at home, like I had just run into an old friend, and that’s exactly what the relationship becomes very quickly. He’s a true artist with his craft. The oils he sells are truly pure and of a quality that is truly hard to find. This place is a must! I would go as far as to say it’s worth the trip to India just to come here!","Aug 2018 • Solo","","","","2024-03-22T08:43:28Z"
"Ashul Sharma","Varanasi Uttar Pradesh","g297685","d3378602","5.0","https://www.tripadvisor.com/ShowUserReviews-g297685-d3378602-r607302559-Ashul_Sharma-Varanasi_Varanasi_District_Uttar_Pradesh.html","https://dynamic-media-cdn.tripadvisor.com/media/photo-o/1a/f6/e2/81/default-avatar-2020-43.jpg?w=100&h=-1&s=1","5.0 of 5 bubbles","Baba Atreya nd his magical store!",9,"After spending nearly a month in Varanasi I can easily say Baba Atreya’s store is hands down the best one for incense and crystals you will find. Beyond what this store can offer you is Baba himself. Myself and my friend I was travelling with had readings and several healings with him. His temple is a mystical haven where we would often go to retreat and have wonderful conversations with our new friend. On a few unfortunate occasions where travel or accommodation fell through Baba generously helped us sort it out. Baba’s power demands respect but he is a big teddy bear and now dear friend who made us feel safe, looked after and respected in our first city in India. It is hard to describe Baba Atreya and what he has to offer as a healer, all I can recommend you do is visit him and see for yourself.","Nov 2017 • Friends","","","","2024-03-22T08:43:28Z"
"Ashul Sharma","Varanasi Uttar Pradesh","g297685","d3378602","5.0","https://www.tripadvisor.com/ShowUserReviews-g297685-d3378602-r546497354-Ashul_Sharma-Varanasi_Varanasi_District_Uttar_Pradesh.html","https://dynamic-media-cdn.tripadvisor.com/media/photo-o/1a/8a/88/39/pepechicasushi.jpg?w=100&h=-1&s=1","5.0 of 5 bubbles","Don’t miss it in Varanasi",602,"A great place to go, a great person to meet. Save some time to enjoy the wonderful presence of Baba Atreya. The scents and his wisdom are fascinating. A life changing experience in Varanasi Old City.","Nov 2017 • Friends","","","","2024-03-22T08:43:28Z"
"Ashul Sharma","Varanasi Uttar Pradesh","g297685","d3378602","5.0","https://www.tripadvisor.com/ShowUserReviews-g297685-d3378602-r539152414-Ashul_Sharma-Varanasi_Varanasi_District_Uttar_Pradesh.html","https://dynamic-media-cdn.tripadvisor.com/media/photo-o/1a/f6/e8/ea/default-avatar-2020-63.jpg?w=100&h=-1&s=1","5.0 of 5 bubbles","What a Blessing",6,"Excellent place in the center of Varanasi, Very grateful for the wisdom of the people and the frequency of the items they have is amazing, a lot of magic here from the oldest city of light.","Jun 2017 • Solo","","","","2024-03-22T08:43:28Z"
"Ashul Sharma","Varanasi Uttar Pradesh","g297685","d3378602","5.0","https://www.tripadvisor.com/ShowUserReviews-g297685-d3378602-r527940901-Ashul_Sharma-Varanasi_Varanasi_District_Uttar_Pradesh.html","https://dynamic-media-cdn.tripadvisor.com/media/photo-o/0f/fe/0a/4b/ravi-v.jpg?w=100&h=-1&s=1","5.0 of 5 bubbles","Ashul sharma the great healer",4,"Ashul sharma is or commonly know as Baba Atreya is well known healer. He is one of most trusted Astrologer as well. Me and my family tried to heal from him and now we are feel in a better world then before. Although a very simple and pleasant personality. Was a very good experience with him.","Aug 2017 • Family","","","","2024-03-22T08:43:28Z"
"Ashul Sharma","Varanasi Uttar Pradesh","g297685","d3378602","5.0","https://www.tripadvisor.com/ShowUserReviews-g297685-d3378602-r510616714-Ashul_Sharma-Varanasi_Varanasi_District_Uttar_Pradesh.html","https://dynamic-media-cdn.tripadvisor.com/media/photo-o/1a/f6/7c/01/default-avatar-2020-5.jpg?w=100&h=-1&s=1","5.0 of 5 bubbles","Best place and nice collection in varanasi",6,"Ashul place is best place in Varanasi and when I came back here in japan I told also meny my friends that's if you go India and varanasi then please visit there cose there is real things and more then this all a pure and clean heart person you will find as a good friends ,,, brother I always remember you as a good friends and I thanks to you by hearts","Aug 2017 • Business","","","","2024-03-22T08:43:28Z"
"Ashul Sharma","Varanasi Uttar Pradesh","g297685","d3378602","5.0","https://www.tripadvisor.com/ShowUserReviews-g297685-d3378602-r510175288-Ashul_Sharma-Varanasi_Varanasi_District_Uttar_Pradesh.html","https://dynamic-media-cdn.tripadvisor.com/media/photo-s/03/2a/db/7e/shrisha-t.jpg?w=100&h=-1&s=1","5.0 of 5 bubbles","Life Affirming!",3,"How can I really add any more than what everyone else has already confirmed?! Baba Atreya is a kind and holy man who can progress your healing immensely. If you are ready for Light to be shined where there was unknown darkness, visit Babaji. My heart is more open and my mind more free because of this great Soul. True blessings, which I am grateful for on the daily.","Aug 2017 • Couples","","","","2024-03-22T08:43:28Z"
"Ashul Sharma","Varanasi Uttar Pradesh","g297685","d3378602","5.0","https://www.tripadvisor.com/ShowUserReviews-g297685-d3378602-r510010641-Ashul_Sharma-Varanasi_Varanasi_District_Uttar_Pradesh.html","https://dynamic-media-cdn.tripadvisor.com/media/photo-o/1a/f6/e9/60/default-avatar-2020-64.jpg?w=100&h=-1&s=1","5.0 of 5 bubbles","One stop shop for real organics things",2,"Ashul Sharma is the only shop in India you need to go to if you want to purchase incense sticks Rock crystals and Mala . straight forward no non - sence approach in explaining about really highest quality thins. Especially owner have Great knowledge in spirituality glad to meet him put in your must visit place in Varanasi","Jul 2017 • Friends","","","","2024-03-22T08:43:28Z"
"Ashul Sharma","Varanasi Uttar Pradesh","g297685","d3378602","5.0","https://www.tripadvisor.com/ShowUserReviews-g297685-d3378602-r509060021-Ashul_Sharma-Varanasi_Varanasi_District_Uttar_Pradesh.html","https://dynamic-media-cdn.tripadvisor.com/media/photo-o/1a/f6/eb/e3/default-avatar-2020-59.jpg?w=100&h=-1&s=1","5.0 of 5 bubbles","Atreya baba ",3,"A wonderful experience with this shop and with atreya baba ..Hindu mythology and western touch of this shop affects my soul and mind .. one can discuss and learn a lot of from atreya baba ... thanks for ur blessings baba","Aug 2017 • Friends","","","","2024-03-22T08:43:28Z"
"Ashul Sharma","Varanasi Uttar Pradesh","g297685","d3378602","5.0","https://www.tripadvisor.com/ShowUserReviews-g297685-d3378602-r508593903-Ashul_Sharma-Varanasi_Varanasi_District_Uttar_Pradesh.html","https://dynamic-media-cdn.tripadvisor.com/media/photo-o/1a/f6/ef/32/default-avatar-2020-12.jpg?w=100&h=-1&s=1","5.0 of 5 bubbles","Great Experience",2,"Great place comprising serene & positive vibrations. One can discuss & learn Hindu mythology for hours with Mr. Anshul. Really learned, honest & humble Person to interact with. Also great place comprising different kind of artifacts. A Must Visit.","Apr 2017 • Business","","","","2024-03-22T08:43:29Z"
"Ashul Sharma","Varanasi Uttar Pradesh","g297685","d3378602","5.0","https://www.tripadvisor.com/ShowUserReviews-g297685-d3378602-r508066121-Ashul_Sharma-Varanasi_Varanasi_District_Uttar_Pradesh.html","https://dynamic-media-cdn.tripadvisor.com/media/photo-o/1a/f6/e9/60/default-avatar-2020-64.jpg?w=100&h=-1&s=1","5.0 of 5 bubbles","Enlightenment",19,"Baba Atreya changes my life in positive ways. His intuition and talent to know about my soul blows my mind. I'm happy our paths crossed. What seems random I'm sure is exactly what is meant to be. My goal of enlightenment is my daily experience thanks to this great man. I highly recommend a session with the great Baba Atreya. Your life is enhanced through his wisdom and sage advise. GO SEE HIM. Make your way to enlightenment and a more fulfilling existence. Blessings on you.","Aug 2017 • Solo","","","","2024-03-22T08:43:29Z"
"Ashul Sharma","Varanasi Uttar Pradesh","g297685","d3378602","5.0","https://www.tripadvisor.com/ShowUserReviews-g297685-d3378602-r507588462-Ashul_Sharma-Varanasi_Varanasi_District_Uttar_Pradesh.html","https://dynamic-media-cdn.tripadvisor.com/media/photo-o/1a/f6/ee/db/default-avatar-2020-10.jpg?w=100&h=-1&s=1","5.0 of 5 bubbles","The happiest of accidents!",5,"Came upon this gem quite by accident & highly recommend making this a mandatory stop on your Varanasi travels. Indelible kindness, tremendous light, a must-see!","Aug 2016 • Solo","","","","2024-03-22T08:43:29Z"
"Ashul Sharma","Varanasi Uttar Pradesh","g297685","d3378602","5.0","https://www.tripadvisor.com/ShowUserReviews-g297685-d3378602-r507159407-Ashul_Sharma-Varanasi_Varanasi_District_Uttar_Pradesh.html","https://dynamic-media-cdn.tripadvisor.com/media/photo-o/1a/f6/eb/a3/default-avatar-2020-38.jpg?w=100&h=-1&s=1","5.0 of 5 bubbles","Great Experience!",5,"I regularly visit Varanasi and wanted some help with a personal issue I had been having.  Baba Atreya helped me above amd beyond my expectations.  I will see him again and recommend him at the highest level to everyone.  I also bought some oils, sandlewood and a necklace which I love.","Jan 2017 • Solo","","","","2024-03-22T08:43:29Z"
"Ashul Sharma","Varanasi Uttar Pradesh","g297685","d3378602","5.0","https://www.tripadvisor.com/ShowUserReviews-g297685-d3378602-r505723022-Ashul_Sharma-Varanasi_Varanasi_District_Uttar_Pradesh.html","https://dynamic-media-cdn.tripadvisor.com/media/photo-o/1a/f6/e7/3d/default-avatar-2020-55.jpg?w=100&h=-1&s=1","5.0 of 5 bubbles","Great Guru ji ",2,"Guru ji place is really best place for people who believe in spirituality. I found guru ji Baba Atreya by incident but feel myself really blessed.Thanks guru ji for really Wonderful products","Jul 2017 • Solo","","","","2024-03-22T08:43:29Z"
"Ashul Sharma","Varanasi Uttar Pradesh","g297685","d3378602","5.0","https://www.tripadvisor.com/ShowUserReviews-g297685-d3378602-r505707851-Ashul_Sharma-Varanasi_Varanasi_District_Uttar_Pradesh.html","https://dynamic-media-cdn.tripadvisor.com/media/photo-o/1a/f6/f2/59/default-avatar-2020-24.jpg?w=100&h=-1&s=1","5.0 of 5 bubbles","Baba is A savior ",2,"I'm a traveler which is looking for a spiritual places, and I was lucky enough to hear about Baba Atreya, and I can say that this is more then a shop. You feel kindness, love and belonging. Must visit to understand the value of this place.","Jul 2017","","","","2024-03-22T08:43:29Z"
"Ashul Sharma","Varanasi Uttar Pradesh","g297685","d3378602","5.0","https://www.tripadvisor.com/ShowUserReviews-g297685-d3378602-r505400863-Ashul_Sharma-Varanasi_Varanasi_District_Uttar_Pradesh.html","https://dynamic-media-cdn.tripadvisor.com/media/photo-o/1a/f6/ea/74/default-avatar-2020-68.jpg?w=100&h=-1&s=1","5.0 of 5 bubbles","Spirituality see here",14,"What an amazing place really powerful enlightened stuff specially Malas for zodiac very powerful and you can feel it if you check by yourself baba atreya is really kind hearted man offer us chai and hospitality and show his products with full patience and no force to buy really great energy man Baba Atreya Love to see him soon and find his blessing","Jul 2017 • Couples","","","","2024-03-22T08:43:29Z"
"Ashul Sharma","Varanasi Uttar Pradesh","g297685","d3378602","5.0","https://www.tripadvisor.com/ShowUserReviews-g297685-d3378602-r504304588-Ashul_Sharma-Varanasi_Varanasi_District_Uttar_Pradesh.html","https://dynamic-media-cdn.tripadvisor.com/media/photo-o/1a/f6/f2/59/default-avatar-2020-24.jpg?w=100&h=-1&s=1","5.0 of 5 bubbles","Deeply spiritual experience with Babaji...",11,"Baba Atreya is a modern mystic. He speaks English and understands western culture so he can communicate with foreigners, unlike many astrologers in Varanasi. He is also a gifted healer and can help you with many problems he finds either in your chart or reading. A true gem and one who has become a lifelong friend and teacher.","Apr 2017 • Solo","","","","2024-03-22T08:43:29Z"
"Ashul Sharma","Varanasi Uttar Pradesh","g297685","d3378602","5.0","https://www.tripadvisor.com/ShowUserReviews-g297685-d3378602-r504229968-Ashul_Sharma-Varanasi_Varanasi_District_Uttar_Pradesh.html","https://dynamic-media-cdn.tripadvisor.com/media/photo-o/1a/f6/e9/ef/default-avatar-2020-66.jpg?w=100&h=-1&s=1","5.0 of 5 bubbles","Must Go While in Varanasi",7,"I highly recommend this shop visit during your Varanasi trip. It is full of beautiful locally made handicrafts and it is a feast to the eyes. I was also especially lucky to meet Baba Atreya and do past life readings with him. He is still my guru today - a very kind and enlightened individual!","Aug 2016 • Friends","","","","2024-03-22T08:43:29Z"
"Ashul Sharma","Varanasi Uttar Pradesh","g297685","d3378602","5.0","https://www.tripadvisor.com/ShowUserReviews-g297685-d3378602-r504138669-Ashul_Sharma-Varanasi_Varanasi_District_Uttar_Pradesh.html","https://dynamic-media-cdn.tripadvisor.com/media/photo-o/1a/f6/ef/9c/default-avatar-2020-14.jpg?w=100&h=-1&s=1","5.0 of 5 bubbles","More than just a shop ",22,"I was in Varanasi last September and a local boy brought me to Baba Atreya. What can say amazing shop beautiful gifts and keepsakes. I'll defiantly be back. If your in Varanasi make it you business to go to this shop you won't be disappointed.","Sep 2016 • Solo","","","","2024-03-22T08:43:29Z"
"Ashul Sharma","Varanasi Uttar Pradesh","g297685","d3378602","5.0","https://www.tripadvisor.com/ShowUserReviews-g297685-d3378602-r444427375-Ashul_Sharma-Varanasi_Varanasi_District_Uttar_Pradesh.html","https://dynamic-media-cdn.tripadvisor.com/media/photo-o/1a/f6/e3/1f/default-avatar-2020-46.jpg?w=100&h=-1&s=1","5.0 of 5 bubbles","Good experience",13,"This is more than shop because I personally great feeling with great power enlighten necklace. Thanks for shop owners","Dec 2016 • Solo","","","","2024-03-22T08:43:31Z"
"Ashul Sharma","Varanasi Uttar Pradesh","g297685","d3378602","5.0","https://www.tripadvisor.com/ShowUserReviews-g297685-d3378602-r438509200-Ashul_Sharma-Varanasi_Varanasi_District_Uttar_Pradesh.html","https://dynamic-media-cdn.tripadvisor.com/media/photo-o/1a/f6/ed/7b/default-avatar-2020-6.jpg?w=100&h=-1&s=1","5.0 of 5 bubbles","Beautiful land fascinating shop",10,"I had some healing sessions with Baba Atreya, which helped me a lot. I also visited his shop to buy scented oils and gifts for friends and family. I bought the most beautiful incense and a lovely necklace for my partner. A visit to the fascinating city of Varanasi would not be complete without also visiting this beautiful little shop.","Feb 2016 • Solo","","","","2024-03-22T08:43:31Z"
"Ashul Sharma","Varanasi Uttar Pradesh","g297685","d3378602","5.0","https://www.tripadvisor.com/ShowUserReviews-g297685-d3378602-r346440929-Ashul_Sharma-Varanasi_Varanasi_District_Uttar_Pradesh.html","https://dynamic-media-cdn.tripadvisor.com/media/photo-o/1a/f6/e5/66/default-avatar-2020-53.jpg?w=100&h=-1&s=1","5.0 of 5 bubbles","Lovely shop and Baba",35,"Shop is lovely and Baba Atreya is insightful, gifted and kind. Thank you for making my trip to Varanasi so memorable. Highly recommend!","Nov 2015 • Solo","","","","2024-03-22T08:43:31Z"
"Ashul Sharma","Varanasi Uttar Pradesh","g297685","d3378602","5.0","https://www.tripadvisor.com/ShowUserReviews-g297685-d3378602-r341659832-Ashul_Sharma-Varanasi_Varanasi_District_Uttar_Pradesh.html","https://dynamic-media-cdn.tripadvisor.com/media/photo-o/1a/f6/f1/b8/default-avatar-2020-22.jpg?w=100&h=-1&s=1","5.0 of 5 bubbles","maalas ( bead Strings), incence and perfumed essences",5,"I and my co travellor were looking for Baba Atreya but .... without any clue of his address. How we found him without much effort is still a mystry. It was meant to happen. His mysterious shop is full of perfumed essences which are very captivating, bead strings infused with mantra recitation and incence. From the vibe u can tell that this is no ordinary place in a narrow varanasi street with a small temple. He will not intimidate you with holier than thou attitutude. Very kind and friendly.Will highly recommend his products. Make a visit, you ill not go empty handed :)","Sep 2015 • Friends","","","","2024-03-22T08:43:31Z"
"Ashul Sharma","Varanasi Uttar Pradesh","g297685","d3378602","5.0","https://www.tripadvisor.com/ShowUserReviews-g297685-d3378602-r341468102-Ashul_Sharma-Varanasi_Varanasi_District_Uttar_Pradesh.html","https://dynamic-media-cdn.tripadvisor.com/media/photo-o/14/f6/b8/f7/nejc-b.jpg?w=100&h=-1&s=1","5.0 of 5 bubbles","Great necklaces and much more...",11,"I was lucky enough to encounter this place among the myriads of streets in varanasi. Among the exotic fish i met baba, such an interesting and powerful man that you could stay there for ages. The necklace he provided me is now a part of my daily routine and I'm still to discover all its powers. Definitely a must visit for all truth seekers. Thank you Baba, I wish you all the best!","Jan 2016 • Solo","","","","2024-03-22T08:43:31Z"
"Ashul Sharma","Varanasi Uttar Pradesh","g297685","d3378602","5.0","https://www.tripadvisor.com/ShowUserReviews-g297685-d3378602-r339563732-Ashul_Sharma-Varanasi_Varanasi_District_Uttar_Pradesh.html","https://dynamic-media-cdn.tripadvisor.com/media/photo-o/0a/05/b9/91/ron-t.jpg?w=100&h=-1&s=1","5.0 of 5 bubbles","Necklace/beads from Ashul Sharma",4,"Varanasi is a spiritual destination for me and I wanted something special to incorporate into my meditation when I got back to Australia. I found Ashul Sharma while exploring the ancient old narrow streets of Varanasi, t's just a short and interesting stroll on ancient cobbled streets from the infamous steps of The Ganges river. I tried some beads and luckily got a good feeling about the second ones I tried on, blue and pearl, very attractive  a good weight, and they felt 'right'.. It wasn't just the visual aesthetic thing but a sense of feeling special for me which made me choose them. The shop attendants were very patient and respectful of the need to 'feel the beads' as well as to look. My necklace is good value, I use it daily for my meditation - it transports me just that little bit closer to my piece of spiritual Indian home - Varanasi - The 'Rome' of India. Thanks guys.","Dec 2015 • Solo","","","","2024-03-22T08:43:31Z"
"Ashul Sharma","Varanasi Uttar Pradesh","g297685","d3378602","5.0","https://www.tripadvisor.com/ShowUserReviews-g297685-d3378602-r339356635-Ashul_Sharma-Varanasi_Varanasi_District_Uttar_Pradesh.html","https://dynamic-media-cdn.tripadvisor.com/media/photo-o/1a/f6/e8/91/default-avatar-2020-62.jpg?w=100&h=-1&s=1","5.0 of 5 bubbles","Powerful crystals ",3,"Crystals carry extraordinary power: to guide and absorb and generate feelings. The outstanding crystals and malas Ashul Sharma offer you power. Blessed and clean, if you take home just one mala from Ashul Sharma your karmic gift is 100 times more powerful. Varanasi's best incense and crystal provider!","Nov 2015 • Solo","","","","2024-03-22T08:43:31Z"
"Ashul Sharma","Varanasi Uttar Pradesh","g297685","d3378602","5.0","https://www.tripadvisor.com/ShowUserReviews-g297685-d3378602-r316566771-Ashul_Sharma-Varanasi_Varanasi_District_Uttar_Pradesh.html","https://dynamic-media-cdn.tripadvisor.com/media/photo-o/1a/f6/eb/e3/default-avatar-2020-59.jpg?w=100&h=-1&s=1","5.0 of 5 bubbles","An amazing encounter!!!",16,"This is my story. I learnt about baba atreya on trip advisor as i was planning my trip to varanasi . I didnt have much detail as too how and where to find the shop and baba atreya himself. While going through the narrow alleys in kasi.. i decided to take a different route and asked a local and he pointed to head this direction and you might find this place. And magically i came across the shop.and baba atreya himself...i cannot agree more that he is very hospitable and genuinely showed care and interest in everyone that visits him. I learnt a lot from meeting him and enjoyed his company and glad to still keep in touch... A great gentleman and spiritual person who welcomes everyone to his place. Baba atreya and Varanasi remembrance is a must during your varanasi trip!! Dont forget to try the chai :)","Sep 2015 • Solo","","","","2024-03-22T08:43:31Z"
"Ashul Sharma","Varanasi Uttar Pradesh","g297685","d3378602","5.0","https://www.tripadvisor.com/ShowUserReviews-g297685-d3378602-r310926750-Ashul_Sharma-Varanasi_Varanasi_District_Uttar_Pradesh.html","https://dynamic-media-cdn.tripadvisor.com/media/photo-o/1a/f6/ec/a2/default-avatar-2020-3.jpg?w=100&h=-1&s=1","5.0 of 5 bubbles","Spirituality in its tru form",7,"I came across this shop by accident. I decided to have a peek and as I walked through the door i was hit with such beautiful energies for all senses. The oils are very authentic and of very very good quality. the statues are very well done and geometrically proportionate which to me is 100% plus point. The athmosphere is one that captured the heart of Hinduism. Not forgetting the owner who understands and is very passionate about his products. This to me is very enchanting. A must see, esperience shop....","Aug 2015 • Friends","","","","2024-03-22T08:43:31Z"
"Ashul Sharma","Varanasi Uttar Pradesh","g297685","d3378602","5.0","https://www.tripadvisor.com/ShowUserReviews-g297685-d3378602-r267660046-Ashul_Sharma-Varanasi_Varanasi_District_Uttar_Pradesh.html","https://dynamic-media-cdn.tripadvisor.com/media/photo-o/1a/f6/de/5a/default-avatar-2020-36.jpg?w=100&h=-1&s=1","5.0 of 5 bubbles","Not to miss ! ",0,"Must do in Varanasi ! Ask for Baba Atreya at varanasi rememberances, located at the main ghats. He is a kind man with great wisdom ! Baba is welcoming and hospitable he makes you feel right at home ! Go hang out and relax, have a chat and get your reading done. The spirituality that oozes out of this man is amazing you will not regret it! For those on a spiritual journey this is a must do! His power and guidance is outstanding and will never forget the experience we had with him, we will most definitely be back to varanasi rememberances in the near future!","","","","","2024-03-22T08:43:31Z"
"Ashul Sharma","Varanasi Uttar Pradesh","g297685","d3378602","5.0","https://www.tripadvisor.com/ShowUserReviews-g297685-d3378602-r263031816-Ashul_Sharma-Varanasi_Varanasi_District_Uttar_Pradesh.html","https://dynamic-media-cdn.tripadvisor.com/media/photo-o/1a/f6/e8/5b/default-avatar-2020-61.jpg?w=100&h=-1&s=1","5.0 of 5 bubbles","Great shop operated by a great soul",7,"Baba Atraya is hospitable and genuine. His products are high quality, but more importantly, he cares more about making connections with people. Visiting Baba Atraya is a must while in Varanasi!","Mar 2015","","","","2024-03-22T08:43:32Z"
"Ashul Sharma","Varanasi Uttar Pradesh","g297685","d3378602","5.0","https://www.tripadvisor.com/ShowUserReviews-g297685-d3378602-r252572797-Ashul_Sharma-Varanasi_Varanasi_District_Uttar_Pradesh.html","https://dynamic-media-cdn.tripadvisor.com/media/photo-o/1a/f6/7c/01/default-avatar-2020-5.jpg?w=100&h=-1&s=1","5.0 of 5 bubbles","Best.  Unique. Wonderful. Powerful. Spiritual",4,"A must stop place in Varanasi. Ashul Sharma (my guru Ji BABA JI)  shop have great quality golden agarbatti (incense sticks) and healing stones real gems stones and ganesha statues and also perfumes very refreshing. Ashul Sharma best shop in India for shopping with fully freedom and they are very helpful caring and hospitality great worth a visit sure","","","","","2024-03-22T08:43:32Z"
"Ashul Sharma","Varanasi Uttar Pradesh","g297685","d3378602","5.0","https://www.tripadvisor.com/ShowUserReviews-g297685-d3378602-r252326561-Ashul_Sharma-Varanasi_Varanasi_District_Uttar_Pradesh.html","https://dynamic-media-cdn.tripadvisor.com/media/photo-o/13/0d/6d/bb/juliana-s.jpg?w=100&h=-1&s=1","5.0 of 5 bubbles","Peacefull and lovely place",15,"Very good place to be! Received with hospitality, simplicity, care and love. Good, profound and holistic conversation and share about life. Good products, essences, fragrances, cristals. Place full of spirituality.","Jan 2015 • Solo","","","","2024-03-22T08:43:32Z"
"Ashul Sharma","Varanasi Uttar Pradesh","g297685","d3378602","5.0","https://www.tripadvisor.com/ShowUserReviews-g297685-d3378602-r251579212-Ashul_Sharma-Varanasi_Varanasi_District_Uttar_Pradesh.html","https://dynamic-media-cdn.tripadvisor.com/media/photo-o/07/3a/a4/f1/helena-p.jpg?w=100&h=-1&s=1","5.0 of 5 bubbles","Amazing Shop",2,"""Ashul Sharma""Anshul means first raise of sun.Baba Atreya the owner makes it to a magic and special place. Allways offering masala chai with good conversation.  With his knowledge,  full patience for his work, talented to tell you what kind of issues are good for healing and energy field. Powerful rock crystal, golden incense sticks, tea masala, curry masala, enlighten necklace for zodiac and organic soaps.Fix prices but no pressure to buy something! Come in and meet Baba!","","","","","2024-03-22T08:43:32Z"
"Ashul Sharma","Varanasi Uttar Pradesh","g297685","d3378602","5.0","https://www.tripadvisor.com/ShowUserReviews-g297685-d3378602-r250753782-Ashul_Sharma-Varanasi_Varanasi_District_Uttar_Pradesh.html","https://dynamic-media-cdn.tripadvisor.com/media/photo-o/1a/f6/e2/4a/default-avatar-2020-42.jpg?w=100&h=-1&s=1","5.0 of 5 bubbles","Amazing shop with great energy",2,"Always its my feeling to search some thing special. Powerful.useful and after reach this shop Ashul sharma my many wishes come true. This is a place where I find Golden incence sticks and some very high energy stones. The owner show his products with great pleasure and full patience. I will love to go back again Ashul sharma store Thanks","","","","","2024-03-22T08:43:32Z"
"Ashul Sharma","Varanasi Uttar Pradesh","g297685","d3378602","5.0","https://www.tripadvisor.com/ShowUserReviews-g297685-d3378602-r250166885-Ashul_Sharma-Varanasi_Varanasi_District_Uttar_Pradesh.html","https://dynamic-media-cdn.tripadvisor.com/media/photo-o/1a/f6/77/ae/default-avatar-2020-2.jpg?w=100&h=-1&s=1","5.0 of 5 bubbles","I really find diamond",2,"Ashul sharma really simple name but quality of his products make you fully satisfied.  I find great agarbatti in the store.  This is very important to have some time when you visit this store.  Owner Ashul sharma have a great knowledge of mixture of flower and herbs I will be definitely coming back","","","","","2024-03-22T08:43:32Z"
"Ashul Sharma","Varanasi Uttar Pradesh","g297685","d3378602","5.0","https://www.tripadvisor.com/ShowUserReviews-g297685-d3378602-r247965362-Ashul_Sharma-Varanasi_Varanasi_District_Uttar_Pradesh.html","https://dynamic-media-cdn.tripadvisor.com/media/photo-o/18/18/4b/17/mrorganic1973.jpg?w=100&h=-1&s=1","5.0 of 5 bubbles","awesome place",33,"this shop is a real gem... this is the real deal in varanasi where you can by beautiful incense or chrystals and all sorts of precious stones and rocks.... the owner is a legend... a real straight down the line person full of love and honesty.... the owner baba also does his astrological readings at a very reasonable price.... his reading blew me away ! you are always made to feel welcome and the chai is on the house when you drop in and say hello... enjoy this shop and this place...","Jan 2015 • Solo","","","","2024-03-22T08:43:32Z"
"Ashul Sharma","Varanasi Uttar Pradesh","g297685","d3378602","5.0","https://www.tripadvisor.com/ShowUserReviews-g297685-d3378602-r241380275-Ashul_Sharma-Varanasi_Varanasi_District_Uttar_Pradesh.html","https://dynamic-media-cdn.tripadvisor.com/media/photo-o/1a/f6/ed/7b/default-avatar-2020-6.jpg?w=100&h=-1&s=1","5.0 of 5 bubbles","100% recommended by personal experience",7,"Golden incence sticks. I am Indian and We Indian real lovers of incence and Ashul sharma store have great collection of golden sticks","","","","","2024-03-22T08:43:32Z"
"Ashul Sharma","Varanasi Uttar Pradesh","g297685","d3378602","5.0","https://www.tripadvisor.com/ShowUserReviews-g297685-d3378602-r239735863-Ashul_Sharma-Varanasi_Varanasi_District_Uttar_Pradesh.html","https://dynamic-media-cdn.tripadvisor.com/media/photo-o/1a/f6/e5/66/default-avatar-2020-53.jpg?w=100&h=-1&s=1","5.0 of 5 bubbles","Real deal ",2,"I am very surprised to see huge rock crystal collection in this shop. Only I'm simply very satisfied with my shopping and I can say Ashul dharma is a real deal in varanasi","","","","","2024-03-22T08:43:32Z"
"Ashul Sharma","Varanasi Uttar Pradesh","g297685","d3378602","5.0","https://www.tripadvisor.com/ShowUserReviews-g297685-d3378602-r233218339-Ashul_Sharma-Varanasi_Varanasi_District_Uttar_Pradesh.html","https://dynamic-media-cdn.tripadvisor.com/media/photo-o/1a/f6/ea/74/default-avatar-2020-68.jpg?w=100&h=-1&s=1","5.0 of 5 bubbles","Charming",2,"I have been visited this ashul sharma shop and I was surprised that I got very very nice things and very reasonable price. He have so many different kind of thing. Best","","","","","2024-03-22T08:43:32Z"
"Ashul Sharma","Varanasi Uttar Pradesh","g297685","d3378602","5.0","https://www.tripadvisor.com/ShowUserReviews-g297685-d3378602-r232342333-Ashul_Sharma-Varanasi_Varanasi_District_Uttar_Pradesh.html","https://dynamic-media-cdn.tripadvisor.com/media/photo-o/1a/f6/f4/5d/default-avatar-2020-32.jpg?w=100&h=-1&s=1","5.0 of 5 bubbles","Beauty with attraction",2,"Simply best very peaceful man Ashul sharma and his products are highly a unique quality. Speciality of ashul sharma store is golden incense sticks and very powerful rock","","","","","2024-03-22T08:43:33Z"
"Ashul Sharma","Varanasi Uttar Pradesh","g297685","d3378602","5.0","https://www.tripadvisor.com/ShowUserReviews-g297685-d3378602-r232144152-Ashul_Sharma-Varanasi_Varanasi_District_Uttar_Pradesh.html","https://dynamic-media-cdn.tripadvisor.com/media/photo-o/05/71/0d/86/robert-j.jpg?w=100&h=-1&s=1","5.0 of 5 bubbles","A Must after Visiting the Ganges",20,"I visited this wonderful shop where the selections are plentiful  and affordable.  Try the incense they are relaxing as well as the other spiritual themed personal products.  The staff are friendly and helpful stop by and have a chat with them.  They are not pushy and you  wont find paid agents trying to get you into the store.  The owner does not participate in that where the price of the product is increased to pay off ringers trying to steer you into the store.  Even if you don't buy from them they are still helpful.  Trust that you are in good hands and they will give you the best advice.  They want your business but not at the expense of you being unhappy from them after visiting  Varanasi.  You are considered family tell them I sent you.  A visit will be a memorable experience.","Feb 2014 • Couples","","","","2024-03-22T08:43:33Z"
"Ashul Sharma","Varanasi Uttar Pradesh","g297685","d3378602","5.0","https://www.tripadvisor.com/ShowUserReviews-g297685-d3378602-r231738779-Ashul_Sharma-Varanasi_Varanasi_District_Uttar_Pradesh.html","https://dynamic-media-cdn.tripadvisor.com/media/photo-o/1a/f6/f1/42/default-avatar-2020-20.jpg?w=100&h=-1&s=1","5.0 of 5 bubbles","Excellent Shop",22,"I visited this shop when I was in Varanasi and I was very pleased with the selection and the service. I was looking for some stones and oils that I wanted to bring back to the US and they had everything I needed. I appreciated how attentive they were with their service and they were not pushy, they really helped me select what I wanted and did not oversell their items.","Aug 2014 • Friends","","","","2024-03-22T08:43:33Z"
"Ashul Sharma","Varanasi Uttar Pradesh","g297685","d3378602","5.0","https://www.tripadvisor.com/ShowUserReviews-g297685-d3378602-r230738401-Ashul_Sharma-Varanasi_Varanasi_District_Uttar_Pradesh.html","https://dynamic-media-cdn.tripadvisor.com/media/photo-o/1a/f6/e4/ca/default-avatar-2020-51.jpg?w=100&h=-1&s=1","5.0 of 5 bubbles","Unbelievable",2,"Ashul Sharma is like a little universe, of natural and organic products of every kind!! Oh, God! I was just planning it buy some Sandal incense sticks and at the end I had a Typical God statue, organic soap and some Shakti oils! The attention is soooo polite, and the prices are quite reasonable that I felt I was dreaming.","Sep 2014 • Friends","","","","2024-03-22T08:43:33Z"
"Ashul Sharma","Varanasi Uttar Pradesh","g297685","d3378602","5.0","https://www.tripadvisor.com/ShowUserReviews-g297685-d3378602-r230510524-Ashul_Sharma-Varanasi_Varanasi_District_Uttar_Pradesh.html","https://dynamic-media-cdn.tripadvisor.com/media/photo-o/04/b7/95/d1/amyeperez.jpg?w=100&h=-1&s=1","5.0 of 5 bubbles","One stop shop in Varanasi for all your fun shopping",19,"When I was in Varanasi I was searching for a special place where I could find some cool gifts specially from India for my friends and family. I went to Ashul Sharma and found everything I was hoping to find….pure essential oils, crystals, Ganesha figurines and enlightenment necklaces. I even learned more about these items from the helpful and friendly shop staff. The prices were also quite reasonable.","Jul 2014 • Solo","","","","2024-03-22T08:43:33Z"
"Ashul Sharma","Varanasi Uttar Pradesh","g297685","d3378602","5.0","https://www.tripadvisor.com/ShowUserReviews-g297685-d3378602-r229706770-Ashul_Sharma-Varanasi_Varanasi_District_Uttar_Pradesh.html","https://dynamic-media-cdn.tripadvisor.com/media/photo-o/06/4a/58/10/dulce-yocelyn-m.jpg?w=100&h=-1&s=1","5.0 of 5 bubbles","Ashul Sharma's Magical World ",18,"When I visited Ashul Sharma I couldn't believe the variety of products I found there! I could buy organic soup and an Enlightened statute and enlighten necklace! The attention is very kind and the prices are good. I will absolutely go back!","","","","","2024-03-22T08:43:33Z"
"Ashul Sharma","Varanasi Uttar Pradesh","g297685","d3378602","5.0","https://www.tripadvisor.com/ShowUserReviews-g297685-d3378602-r213570537-Ashul_Sharma-Varanasi_Varanasi_District_Uttar_Pradesh.html","https://dynamic-media-cdn.tripadvisor.com/media/photo-o/1a/f6/f1/42/default-avatar-2020-20.jpg?w=100&h=-1&s=1","5.0 of 5 bubbles","Great place",9,"Definitely worth checkin' out, this place has great oils, soaps and a really cool, laid back owner. I visited this shop because I was told by my friends it was really relaxed and does not pressure you to buy anything you do not want. It lived up to that and am grateful that I stopped by to inspect it for myself. I suggest that if you are in Varanasi and are looking to grab some lovely smelling oils or soap then this is the place to go.","Jun 2014","","","","2024-03-22T08:43:33Z"
"Ashul Sharma","Varanasi Uttar Pradesh","g297685","d3378602","5.0","https://www.tripadvisor.com/ShowUserReviews-g297685-d3378602-r193156121-Ashul_Sharma-Varanasi_Varanasi_District_Uttar_Pradesh.html","https://dynamic-media-cdn.tripadvisor.com/media/photo-o/1a/f6/e2/e6/default-avatar-2020-45.jpg?w=100&h=-1&s=1","5.0 of 5 bubbles","Incredible esential oils ",0,"I had been visited the shop and bought a essential oil, but after a few days of use I could notice the high quality of it and return to purchase more. 5 + from my side","","","","","2024-03-22T08:43:33Z"
"Ashul Sharma","Varanasi Uttar Pradesh","g297685","d3378602","5.0","https://www.tripadvisor.com/ShowUserReviews-g297685-d3378602-r192189001-Ashul_Sharma-Varanasi_Varanasi_District_Uttar_Pradesh.html","https://dynamic-media-cdn.tripadvisor.com/media/photo-o/1a/f6/ef/9c/default-avatar-2020-14.jpg?w=100&h=-1&s=1","5.0 of 5 bubbles","magical place in Varanasi",5,"All in Varanasi is magical but this shop is one of the most energy place in this city. When you enter the door you will feel the positive energy and dont want to go out so fast. All products are high quality, I try there the best tea masala ever wich was so heplful in the cold. I especially recommend magical essencial oils from this shop which power you will feel just after use. All products are pure natural and healthy what is felt when you use. The power is so strong. I can wait when I will have a chance to visit this place again.I highly recommend a visit to this shop. For sure Must visit place in Varanasi. Good Luck.","Mar 2013 • Friends","","","","2024-03-22T08:43:33Z"
"Ashul Sharma","Varanasi Uttar Pradesh","g297685","d3378602","5.0","https://www.tripadvisor.com/ShowUserReviews-g297685-d3378602-r191866107-Ashul_Sharma-Varanasi_Varanasi_District_Uttar_Pradesh.html","https://dynamic-media-cdn.tripadvisor.com/media/photo-o/1a/f6/ed/7b/default-avatar-2020-6.jpg?w=100&h=-1&s=1","5.0 of 5 bubbles","Beautiful Experience",0,"As with most things in India - everything is an experience~! This one was particularly enriching and insightful. A beautiful store and high quality products. I hope to go back to Varanasi and visit this store again.","Feb 2013 • Solo","","","","2024-03-22T08:43:33Z"
"Ashul Sharma","Varanasi Uttar Pradesh","g297685","d3378602","5.0","https://www.tripadvisor.com/ShowUserReviews-g297685-d3378602-r191777400-Ashul_Sharma-Varanasi_Varanasi_District_Uttar_Pradesh.html","https://dynamic-media-cdn.tripadvisor.com/media/photo-o/1a/f6/e5/2b/default-avatar-2020-52.jpg?w=100&h=-1&s=1","5.0 of 5 bubbles","The best incense!!",0,"Such a nice place!!! I bought few incense and Rajul and Shakti oils!!! The quality is perfect!!! I enjoy it so much! Guys, I really recommend you this wonderful store!","Jan 2014 • Solo","","","","2024-03-22T08:43:34Z"
"Ashul Sharma","Varanasi Uttar Pradesh","g297685","d3378602","5.0","https://www.tripadvisor.com/ShowUserReviews-g297685-d3378602-r190728472-Ashul_Sharma-Varanasi_Varanasi_District_Uttar_Pradesh.html","https://dynamic-media-cdn.tripadvisor.com/media/photo-o/1a/f6/e8/ea/default-avatar-2020-63.jpg?w=100&h=-1&s=1","5.0 of 5 bubbles","Best little shop in Varanasi",4,"Great place to buy essential oils that are one of a kind for healing. Incense and an amazing crystal collection is like to other I have seen many from all over the world the finest.  A must stop to shop and bring home a something special. You don't want to miss the experience!","Nov 2013 • Friends","","","","2024-03-22T08:43:34Z"
"Ashul Sharma","Varanasi Uttar Pradesh","g297685","d3378602","5.0","https://www.tripadvisor.com/ShowUserReviews-g297685-d3378602-r189848833-Ashul_Sharma-Varanasi_Varanasi_District_Uttar_Pradesh.html","https://dynamic-media-cdn.tripadvisor.com/media/photo-o/1a/f6/ea/2e/default-avatar-2020-67.jpg?w=100&h=-1&s=1","5.0 of 5 bubbles","Mystic Varanasi best attraction: Ansul Sharma (Baba Atreya)",0,"Varanasi has always been considered as the most mystic and oldest place on earth. While touring, I had a reading with Baba Atreya. He possesses powers beyond explination, revealing facts relating to your past; present and future. The past and present readings are so accurate that there is no doubt in believing the future he predicts. He has the ability of even going as far back to reveiling facts from one's previous life.This encounter has definitely changed my life, I have  changed my line thinking and become more god conscious. A trip to Varanasi would not be complete unless you meet Baba Atreya.Highly recommended.Shalendra Persad","Dec 2013 • Couples","","","","2024-03-22T08:43:34Z"
"Ashul Sharma","Varanasi Uttar Pradesh","g297685","d3378602","5.0","https://www.tripadvisor.com/ShowUserReviews-g297685-d3378602-r189795692-Ashul_Sharma-Varanasi_Varanasi_District_Uttar_Pradesh.html","https://dynamic-media-cdn.tripadvisor.com/media/photo-o/1a/f6/e2/a7/default-avatar-2020-44.jpg?w=100&h=-1&s=1","5.0 of 5 bubbles","My favourite Varanasi refuge..",3,"This lovely little shop was recommended to me by a friend I met in Varanasi. It stocks some very special and powerful crystals, mala beads and divine little bottles of perfume. Please make time to visit this shop and say hello to Baba.","Feb 2013 • Solo","","","","2024-03-22T08:43:34Z"
"Ashul Sharma","Varanasi Uttar Pradesh","g297685","d3378602","5.0","https://www.tripadvisor.com/ShowUserReviews-g297685-d3378602-r188848045-Ashul_Sharma-Varanasi_Varanasi_District_Uttar_Pradesh.html","https://dynamic-media-cdn.tripadvisor.com/media/photo-o/1a/f6/e7/99/default-avatar-2020-57.jpg?w=100&h=-1&s=1","5.0 of 5 bubbles","Unique",0,"To me, one of my favorite places to shop at in Varanasi. I came here due to a recommendation of a friend and did not regret it. A great range on pieces. I mainly purchased for myself but after being more then happy with the offer, experience and the stuff, I returned to get gifts for friends and family.Very nice, friendly, personal shop!Have a go or two :-)!","","","","","2024-03-22T08:43:34Z"
"Ashul Sharma","Varanasi Uttar Pradesh","g297685","d3378602","5.0","https://www.tripadvisor.com/ShowUserReviews-g297685-d3378602-r188039184-Ashul_Sharma-Varanasi_Varanasi_District_Uttar_Pradesh.html","https://dynamic-media-cdn.tripadvisor.com/media/photo-o/1a/f6/f1/79/default-avatar-2020-21.jpg?w=100&h=-1&s=1","5.0 of 5 bubbles","The best shop of Varanasi ! Don't miss it !",9,"Ashul Sharma is from far the best shop of Varanasi. Here the quality is amazing and the prices very good. I'm very happy with all the products I buy there and everytime I go to Varanasi I take some times to go there to buy encens, or crystals or  malas or many other items.  Contrary to lot of other places in Varanasi here nobody will try to cheat you. I higly recommand it ! Celine.France.","Aug 2013 • Friends","","","","2024-03-22T08:43:34Z"
"Ashul Sharma","Varanasi Uttar Pradesh","g297685","d3378602","5.0","https://www.tripadvisor.com/ShowUserReviews-g297685-d3378602-r187867976-Ashul_Sharma-Varanasi_Varanasi_District_Uttar_Pradesh.html","https://dynamic-media-cdn.tripadvisor.com/media/photo-o/05/26/b7/d7/malou442.jpg?w=100&h=-1&s=1","5.0 of 5 bubbles","You cannot miss this place!",2,"Baba is a man that is really worth to meet! Personnaly I did healings sessions with him, and it helped and still help me a lot.His shop contains some very speciale and beautifull items, and most of all, very powerfull one. If there is one place you have to visite, It's this place!","Feb 2013 • Friends","","","","2024-03-22T08:43:34Z"
"Ashul Sharma","Varanasi Uttar Pradesh","g297685","d3378602","5.0","https://www.tripadvisor.com/ShowUserReviews-g297685-d3378602-r187833266-Ashul_Sharma-Varanasi_Varanasi_District_Uttar_Pradesh.html","https://dynamic-media-cdn.tripadvisor.com/media/photo-o/1a/f6/eb/e3/default-avatar-2020-59.jpg?w=100&h=-1&s=1","5.0 of 5 bubbles","Wonderful place in Varanasi!!!",2,"Do not miss the opportunity to meet Baba if you happen to be in Varanasi! I had an amazing time at Baba's. He is a kind-hearted, powerful healer and astrologer. Truly a life changing experience. There is a vast collection of crystals of such a fine quality. It is beautiful! I also got a lovely essential oil. It's a common thing in India to add chemicals and alcohol to perfumes and sell it as essential oil. In Baba's shop, it's pure and natural! I highly recommend visiting this place, it is a must.","Jan 2013 • Solo","","","","2024-03-22T08:43:34Z"
"Ashul Sharma","Varanasi Uttar Pradesh","g297685","d3378602","5.0","https://www.tripadvisor.com/ShowUserReviews-g297685-d3378602-r187828347-Ashul_Sharma-Varanasi_Varanasi_District_Uttar_Pradesh.html","https://dynamic-media-cdn.tripadvisor.com/media/photo-o/1a/f6/e4/59/default-avatar-2020-49.jpg?w=100&h=-1&s=1","5.0 of 5 bubbles","A spiritual delight",6,"I visit this shop every time I'm in Varanasi as it has the most powerful crystals that I find there - and things at all budgets. Last time my boyfriend bought a beautiful statue of Ganesh for his Mum and the staff in the shop wrapped it with much love and care and posted it back to Australia for her. She absolutely loves it and says she can feel there is something very special about it. The oils, crystals and incense are also great to help with meditation and overcoming any obstacles - and trust me the shop's owner will be able to give you some excellent advice on which oils/stones/incense will be right for you and your loved ones.","Mar 2013 • Couples","","","","2024-03-22T08:43:34Z"
"Ashul Sharma","Varanasi Uttar Pradesh","g297685","d3378602","5.0","https://www.tripadvisor.com/ShowUserReviews-g297685-d3378602-r187752164-Ashul_Sharma-Varanasi_Varanasi_District_Uttar_Pradesh.html","https://dynamic-media-cdn.tripadvisor.com/media/photo-o/1a/f6/eb/e3/default-avatar-2020-59.jpg?w=100&h=-1&s=1","5.0 of 5 bubbles","The one true spiritual shop in Varanasi",3,"A must see when you travel in Varanasi. As soon as you cross the door and you feel the vibe in the place, you can tell this shop was built on true love and devotion. Everything they sell has this loving, magic, spiritual vibe, the incense and the crystals are so much more than souvenirs! I brought back home some for me and my siblings and you can really feel the sacred essence in them. People are very friendly too and wide open hearted. They helped me know my way around Varanasi, which can be really helpful as a female tourist! Varanasi wouldn't have been half as magical, had I not come across Mr. Anshul Sharma and this shop.","Jan 2013 • Solo","","","","2024-03-22T08:43:34Z"
"Ashul Sharma","Varanasi Uttar Pradesh","g297685","d3378602","5.0","https://www.tripadvisor.com/ShowUserReviews-g297685-d3378602-r187714767-Ashul_Sharma-Varanasi_Varanasi_District_Uttar_Pradesh.html","https://dynamic-media-cdn.tripadvisor.com/media/photo-o/06/ff/62/79/jadeskirt.jpg?w=100&h=-1&s=1","5.0 of 5 bubbles","A slice of Benaras.  Not just a shop, but an experience.",18,"Truly something different.  Meandering through the lanes of Benaras you will find this lovely treasure of a shop. High quality spiritual items; statues, beads, incense and oils.  Helpful but not pushy staff, Anshul Sharma's shop is a respite from an often too chaotic city. If you are lucky you will meet Anshul Sharma himself,  a warm and fascinating man.One bit of warning, this is not a shop the local ""guides"" will take you to. Find your way to the observatory just off the main ghat,  it is right across the way.","Apr 2013 • Solo","","","","2024-03-22T08:43:36Z"
"Ashul Sharma","Varanasi Uttar Pradesh","g297685","d3378602","5.0","https://www.tripadvisor.com/ShowUserReviews-g297685-d3378602-r187710788-Ashul_Sharma-Varanasi_Varanasi_District_Uttar_Pradesh.html","https://dynamic-media-cdn.tripadvisor.com/media/photo-s/03/2a/db/7e/shrisha-t.jpg?w=100&h=-1&s=1","5.0 of 5 bubbles","Not to be missed!",3,"I found many affordable, beautiful and powerful gifts in this shop. I brought home jewelry, essential oils, incense, and precious stones. Meeting the kind people working there was a highlight of the trip. Any traveller to Varanasi should make a point to stop in here; you will be glad you did!","Dec 2013","","","","2024-03-22T08:43:36Z"
"Ashul Sharma","Varanasi Uttar Pradesh","g297685","d3378602","5.0","https://www.tripadvisor.com/ShowUserReviews-g297685-d3378602-r187676643-Ashul_Sharma-Varanasi_Varanasi_District_Uttar_Pradesh.html","https://dynamic-media-cdn.tripadvisor.com/media/photo-o/03/7b/26/58/marek-n.jpg?w=100&h=-1&s=1","5.0 of 5 bubbles","more than magic crystals",43,"before Varanasi departure i visited this shop.lot of powerful crystals and more than this...highly remend this place.","Dec 2013 • Friends","","","","2024-03-22T08:43:36Z"
"Ashul Sharma","Varanasi Uttar Pradesh","g297685","d3378602","5.0","https://www.tripadvisor.com/ShowUserReviews-g297685-d3378602-r187548012-Ashul_Sharma-Varanasi_Varanasi_District_Uttar_Pradesh.html","https://dynamic-media-cdn.tripadvisor.com/media/photo-o/1a/f6/f6/0d/default-avatar-2020-34.jpg?w=100&h=-1&s=1","5.0 of 5 bubbles","simply the best shop in Varanasi",2,"I can t wait to go back and take some more of the magic crystals this unique beautiful shop has to offer.I loved the incense too and the many nice sculpturesI really suggest you all to take the time to enter a magic door and bring home not only an original souvenir but something more.Thank you to the owner and his friends to have helped me to choose what since so long i was looking for and having gave me such a friendly welcome and gift.Don t miss it while you re in varanasi.","Mar 2013 • Friends","","","","2024-03-22T08:43:36Z"
"Ashul Sharma","Varanasi Uttar Pradesh","g297685","d3378602","5.0","https://www.tripadvisor.com/ShowUserReviews-g297685-d3378602-r181133785-Ashul_Sharma-Varanasi_Varanasi_District_Uttar_Pradesh.html","https://dynamic-media-cdn.tripadvisor.com/media/photo-o/1a/f6/7c/01/default-avatar-2020-5.jpg?w=100&h=-1&s=1","5.0 of 5 bubbles","Double power magic",2,"After visiting many spiritual places and shops then after find fully satisfaction with Mr.Anshul Sharma. This man is so great","Sep 2013","","","","2024-03-22T08:43:36Z"
"Ashul Sharma","Varanasi Uttar Pradesh","g297685","d3378602","5.0","https://www.tripadvisor.com/ShowUserReviews-g297685-d3378602-r138195924-Ashul_Sharma-Varanasi_Varanasi_District_Uttar_Pradesh.html","https://dynamic-media-cdn.tripadvisor.com/media/photo-o/05/10/fe/bf/crazynapsys.jpg?w=100&h=-1&s=1","5.0 of 5 bubbles","One of the best places in Varanasi",14,"I strongly recomend to go Ashul Sharma place, the shop is one of the more magical places I been al over the world (and I visited many). All products there are very special and powerful. All stones and cristal are very carefully selected for special needs.I still have some scents that use during my travels.Without any doubt this is one f the places you MUST visit if you are in Varanasi.","Apr 2012 • Solo","","","","2024-03-22T08:43:36Z"
