"names","address","geo_id","hotel_id","rating","url","profile_image","review_score","review_heading","profile_contr","review_body","date_of_stay","company_responder","company_response","company_response_date","timestamp"
"Kriti Gallery","Varanasi Uttar Pradesh","g297685","d2626746","5.0","https://www.tripadvisor.com/ShowUserReviews-g297685-d2626746-r751281170-Kriti_Gallery-Varanasi_Varanasi_District_Uttar_Pradesh.html","https://dynamic-media-cdn.tripadvisor.com/media/photo-o/1a/f6/e5/2b/default-avatar-2020-52.jpg?w=100&h=-1&s=1","5.0 of 5 bubbles","Navneet",0,"Navneet is a great person, really caring and kind. He know Varanasi well and can help with what ever necessary.","Feb 2020","","","","2024-03-22T08:48:30Z"
"Kriti Gallery","Varanasi Uttar Pradesh","g297685","d2626746","5.0","https://www.tripadvisor.com/ShowUserReviews-g297685-d2626746-r749008296-Kriti_Gallery-Varanasi_Varanasi_District_Uttar_Pradesh.html","https://dynamic-media-cdn.tripadvisor.com/media/photo-o/1b/13/34/df/khanusch.jpg?w=100&h=-1&s=1","5.0 of 5 bubbles","Rare to find a place like that",0,"Kriti Gallery is a real gem with its lovely architecture and attention to detail. I was positively surprised to find an ambitious art space of such standard in Benaras. The Bricks show is great - I recommend it!Hidden away from dusty roads and traffic it is an oasis with a huge garden of big trees and flowers. This in itself is already well worth a visit. Navneet, who I had the joy to get to know during my stay, is the curator of the space and beside being extremly generous, he is also very helpful with local knowledge. Kriti's art residencies made a very good impression on me since I was invited to join some of their activities where I made new contacts. I will consider applying to enjoy the full package of a live-in-studio, access to workshop facilities, good food and supportive staff!","Feb 2020 • Friends","","","","2024-03-22T08:48:30Z"
"Kriti Gallery","Varanasi Uttar Pradesh","g297685","d2626746","5.0","https://www.tripadvisor.com/ShowUserReviews-g297685-d2626746-r748993395-Kriti_Gallery-Varanasi_Varanasi_District_Uttar_Pradesh.html","https://dynamic-media-cdn.tripadvisor.com/media/photo-o/1a/f6/e8/91/default-avatar-2020-62.jpg?w=100&h=-1&s=1","5.0 of 5 bubbles","Not A Tourist",0,"Definitely a must visit. Kriti Gallery is an amazing space: Anja Brurehling’s sensitive photographs of Brick Workers currently being exhibited, perfectly captures Petra and Navneet’s proactive commitment to real life and people. I must also thank them for making my visit to Varanasi a truly extraordinary experience. They shared their city with me – the one they know, love and appreciate – and, through their eyes, I saw layers and nuances way beyond the obvious and the expected offered to tourists.","Mar 2020","","","","2024-03-22T08:48:30Z"
"Kriti Gallery","Varanasi Uttar Pradesh","g297685","d2626746","5.0","https://www.tripadvisor.com/ShowUserReviews-g297685-d2626746-r748250118-Kriti_Gallery-Varanasi_Varanasi_District_Uttar_Pradesh.html","https://dynamic-media-cdn.tripadvisor.com/media/photo-o/1a/f6/f2/7a/default-avatar-2020-25.jpg?w=100&h=-1&s=1","5.0 of 5 bubbles","Kriti Gallery",0,"A great place for contemporary art in Varanasi. A must visit if you’re in the city. Navneet, the curator, is so nice and informative. The atmosphere in the gallery is amazing. The Brick Workers exhibition by Anja Bruehling was so interesting. Ill visit again (:N.","Feb 2020 • Friends","","","","2024-03-22T08:48:30Z"
"Kriti Gallery","Varanasi Uttar Pradesh","g297685","d2626746","5.0","https://www.tripadvisor.com/ShowUserReviews-g297685-d2626746-r747201661-Kriti_Gallery-Varanasi_Varanasi_District_Uttar_Pradesh.html","https://dynamic-media-cdn.tripadvisor.com/media/photo-o/1a/f6/eb/e3/default-avatar-2020-59.jpg?w=100&h=-1&s=1","5.0 of 5 bubbles","Hihgly recommend",0,"Navnit's gallery is special.  First of all, in order to understand the gallery one must come to the place and experience the dichotomy between the outside mess and the calm atmosphere of the gallery space. Second, The Exhibition of Brick Builders is powerful and brave.","Feb 2020 • Friends","","","","2024-03-22T08:48:30Z"
"Kriti Gallery","Varanasi Uttar Pradesh","g297685","d2626746","5.0","https://www.tripadvisor.com/ShowUserReviews-g297685-d2626746-r746927106-Kriti_Gallery-Varanasi_Varanasi_District_Uttar_Pradesh.html","https://dynamic-media-cdn.tripadvisor.com/media/photo-o/1a/f6/ec/3d/default-avatar-2020-1.jpg?w=100&h=-1&s=1","5.0 of 5 bubbles","Great artist residency",0,"My partner and I spent one month living and working at one of the five artist studios at Kriti Gallery & Residency. We warmly recommend the residency for artists of all disciplines. The staff is extremely knowledgeable and helpful and greatly facilitated us in our projects of experimental film-making and photography. The studios are in a peaceful garden off the busy streets and provide with a safe haven in the chaotic city. There's a cook who prepares two fantastic vegetarian meals for the residents every day. We made friends with both the other artists and the staff. We will definitely return!","Jan 2020","","","","2024-03-22T08:48:30Z"
"Kriti Gallery","Varanasi Uttar Pradesh","g297685","d2626746","5.0","https://www.tripadvisor.com/ShowUserReviews-g297685-d2626746-r746879870-Kriti_Gallery-Varanasi_Varanasi_District_Uttar_Pradesh.html","https://dynamic-media-cdn.tripadvisor.com/media/photo-o/1a/f6/f4/5d/default-avatar-2020-32.jpg?w=100&h=-1&s=1","5.0 of 5 bubbles","very special gallery",0,"The photographs very interesting and made in high quality. Very recommend to visit   and learn more about the local culture.","Feb 2020","","","","2024-03-22T08:48:30Z"
"Kriti Gallery","Varanasi Uttar Pradesh","g297685","d2626746","5.0","https://www.tripadvisor.com/ShowUserReviews-g297685-d2626746-r746877302-Kriti_Gallery-Varanasi_Varanasi_District_Uttar_Pradesh.html","https://dynamic-media-cdn.tripadvisor.com/media/photo-o/1a/f6/ee/db/default-avatar-2020-10.jpg?w=100&h=-1&s=1","5.0 of 5 bubbles","Gallery and comples",3,"In the gallery  displaye amazing photo exhibition. Recommended. The compound is quiet, relaxing and inspiring.","Feb 2020 • Friends","","","","2024-03-22T08:48:30Z"
"Kriti Gallery","Varanasi Uttar Pradesh","g297685","d2626746","5.0","https://www.tripadvisor.com/ShowUserReviews-g297685-d2626746-r746873709-Kriti_Gallery-Varanasi_Varanasi_District_Uttar_Pradesh.html","https://dynamic-media-cdn.tripadvisor.com/media/photo-o/1a/f6/77/ae/default-avatar-2020-2.jpg?w=100&h=-1&s=1","5.0 of 5 bubbles","Shir Tibi",0,"Navnit is a vert kind and graceful person. The gallery is very pleasant and unique. Very recomended.","Feb 2020 • Friends","","","","2024-03-22T08:48:30Z"
"Kriti Gallery","Varanasi Uttar Pradesh","g297685","d2626746","5.0","https://www.tripadvisor.com/ShowUserReviews-g297685-d2626746-r746857881-Kriti_Gallery-Varanasi_Varanasi_District_Uttar_Pradesh.html","https://dynamic-media-cdn.tripadvisor.com/media/photo-o/1a/f6/e2/11/default-avatar-2020-41.jpg?w=100&h=-1&s=1","5.0 of 5 bubbles","Superb exhibition",0,"The gallery is a must see in Varanasi. The current exhibition about brick workers is strong and thoughtful and is an opportunity to understand the fragile social and economic conditions in India.","Feb 2020 • Solo","","","","2024-03-22T08:48:30Z"
"Kriti Gallery","Varanasi Uttar Pradesh","g297685","d2626746","5.0","https://www.tripadvisor.com/ShowUserReviews-g297685-d2626746-r746844230-Kriti_Gallery-Varanasi_Varanasi_District_Uttar_Pradesh.html","https://dynamic-media-cdn.tripadvisor.com/media/photo-o/1a/f6/e9/bb/default-avatar-2020-65.jpg?w=100&h=-1&s=1","5.0 of 5 bubbles","Brick workers exhibition",0,"The exhibition was extraordinary, amazing and interesting. The gallery is conveniently located for your arrival and is wonderfully decorated.","Feb 2020 • Friends","","","","2024-03-22T08:48:32Z"
"Kriti Gallery","Varanasi Uttar Pradesh","g297685","d2626746","5.0","https://www.tripadvisor.com/ShowUserReviews-g297685-d2626746-r746841191-Kriti_Gallery-Varanasi_Varanasi_District_Uttar_Pradesh.html","https://dynamic-media-cdn.tripadvisor.com/media/photo-o/1a/f6/f0/9f/default-avatar-2020-16.jpg?w=100&h=-1&s=1","5.0 of 5 bubbles","a must see in Varanasi",0,"Kriti is the only gallery for contemporary art in Varanasi. A site to see learn and enjoy culture like one does in any other big city in the world , and yet a very local and situated manner. An opportunity to step aside from the Varanasi we take for granted","Feb 2020","","","","2024-03-22T08:48:32Z"
"Kriti Gallery","Varanasi Uttar Pradesh","g297685","d2626746","5.0","https://www.tripadvisor.com/ShowUserReviews-g297685-d2626746-r743495522-Kriti_Gallery-Varanasi_Varanasi_District_Uttar_Pradesh.html","https://dynamic-media-cdn.tripadvisor.com/media/photo-o/1a/f6/df/99/default-avatar-2020-40.jpg?w=100&h=-1&s=1","5.0 of 5 bubbles","Excellent Exhibition and Excellent Venue",2,"Amidst the activity and bustle of Varanasi this is a peaceful oasis created by both the premises and the staff.   The photo exhibition at the time I visited was of excellent quality and the visit was a balance of both time and space to appreciate the artistic skill and excellent background information from the staff.","Feb 2020","","","","2024-03-22T08:48:32Z"
"Kriti Gallery","Varanasi Uttar Pradesh","g297685","d2626746","5.0","https://www.tripadvisor.com/ShowUserReviews-g297685-d2626746-r740547120-Kriti_Gallery-Varanasi_Varanasi_District_Uttar_Pradesh.html","https://dynamic-media-cdn.tripadvisor.com/media/photo-o/0b/1d/3d/7c/pradeep-d.jpg?w=100&h=-1&s=1","4.0 of 5 bubbles","Navneet's Enterprise",405,"It was a pleasure to visit this small gallery set in the sprawling grounds of an age old kothi and be shown around by Navneet himself. He is the man behind this gallery devoted to contemporary art which is a rarity any where in India, leave alone Benaras! The current exhibit of black and white photographs of brick workers around Varanasi by an American photographer was quite interesting. The gallery draws art students from BHU. Hats off to Navneet for this slice of art in traditional Benaras.","Jan 2020","","","","2024-03-22T08:48:32Z"
"Kriti Gallery","Varanasi Uttar Pradesh","g297685","d2626746","5.0","https://www.tripadvisor.com/ShowUserReviews-g297685-d2626746-r735403965-Kriti_Gallery-Varanasi_Varanasi_District_Uttar_Pradesh.html","https://dynamic-media-cdn.tripadvisor.com/media/photo-o/1a/f6/f0/48/default-avatar-2020-15.jpg?w=100&h=-1&s=1","5.0 of 5 bubbles","Great Gallery in Varansi",0,"This is a great gallery that is really a must see if you are traveling to Varanasi. The art is truly one of a kind and quite exquisite.","Dec 2019 • Solo","","","","2024-03-22T08:48:32Z"
"Kriti Gallery","Varanasi Uttar Pradesh","g297685","d2626746","5.0","https://www.tripadvisor.com/ShowUserReviews-g297685-d2626746-r735403576-Kriti_Gallery-Varanasi_Varanasi_District_Uttar_Pradesh.html","https://dynamic-media-cdn.tripadvisor.com/media/photo-f/01/2e/70/72/avatar054.jpg?w=100&h=-1&s=1","5.0 of 5 bubbles","Visited a show ",0,"A great gallery , very well organized.  A artist sanctuary that also seems like a gathering place for intellectuals / artists.  Terrific showcase / discussion place that makes visiting Varanasi even better","Dec 2019 • Solo","","","","2024-03-22T08:48:32Z"
"Kriti Gallery","Varanasi Uttar Pradesh","g297685","d2626746","5.0","https://www.tripadvisor.com/ShowUserReviews-g297685-d2626746-r732354015-Kriti_Gallery-Varanasi_Varanasi_District_Uttar_Pradesh.html","https://dynamic-media-cdn.tripadvisor.com/media/photo-o/1a/f6/df/99/default-avatar-2020-40.jpg?w=100&h=-1&s=1","5.0 of 5 bubbles","Must visit during your stay in Varanasi - Fabulous contemporary Art Gallery for Indian and international Art",0,"Love the place! - have been coming for year on each visit to Varanasi. Love that they show contemporary and international Art which has a relationship to Banaras. Their artist residence Program is one of a kind in India. The support the gallery shows for local and intentional artists is amazing.Don't miss the during your stay in Varanasi.","Dec 2019","","","","2024-03-22T08:48:32Z"
"Kriti Gallery","Varanasi Uttar Pradesh","g297685","d2626746","5.0","https://www.tripadvisor.com/ShowUserReviews-g297685-d2626746-r725533826-Kriti_Gallery-Varanasi_Varanasi_District_Uttar_Pradesh.html","https://dynamic-media-cdn.tripadvisor.com/media/photo-o/19/fe/52/74/vilmaaustralia.jpg?w=100&h=-1&s=1","5.0 of 5 bubbles","Artist residency at Kriti Gallery",0,"My one month at Kriti Gallery was perfect for research and documentation. Varanasi can be quite hectic so it is important to have somewhere restful to stay. The simple accomodation is clean, fully functional and very spacious. It was perfect to make work and conduct research. My residency was a happy mix of both private and communal. Petra, Navneet and Ajay are supportive, knowledgeable and resourceful. The friendly staff, the tasty meals prepared by Chinta the cook and the two gentle dogs, Badal and Bijli brought a family ambience to the whole experience.","Oct 2019","","","","2024-03-22T08:48:32Z"
"Kriti Gallery","Varanasi Uttar Pradesh","g297685","d2626746","5.0","https://www.tripadvisor.com/ShowUserReviews-g297685-d2626746-r722975727-Kriti_Gallery-Varanasi_Varanasi_District_Uttar_Pradesh.html","https://dynamic-media-cdn.tripadvisor.com/media/photo-o/1a/f6/f4/20/default-avatar-2020-31.jpg?w=100&h=-1&s=1","5.0 of 5 bubbles","Painting in Varansi in July",0,"I had a lovely time at Kriti Gallery on an artist residency in July. It was blisteringly hot in the city, but the peaceful compound and garden of the gallery offered a blissful zone of retreat where I could read and make work. I had an extremely productive month at Kriti. I met an interesting group of scholars, both international and local, with whom I shared meals, and went on some trips. The team, Navneet, Petra, Anup and Chinta were wonderfully supportive. On my last week we were taken to a Bakhti puja. Everyone was singing in the small temple space. The worshippers made us feel very welcome. An extraordinary experience.","Jul 2019","","","","2024-03-22T08:48:32Z"
"Kriti Gallery","Varanasi Uttar Pradesh","g297685","d2626746","5.0","https://www.tripadvisor.com/ShowUserReviews-g297685-d2626746-r673892350-Kriti_Gallery-Varanasi_Varanasi_District_Uttar_Pradesh.html","https://dynamic-media-cdn.tripadvisor.com/media/photo-o/1a/f6/e2/e6/default-avatar-2020-45.jpg?w=100&h=-1&s=1","5.0 of 5 bubbles","Outstanding Artist in Residency Program",5,"I am staying at the Kriti Artist in Residency Program for five months while conducting research for my PhD dissertation and I have been having a wonderful experience so far. The residency is a beautiful and peaceful oasis in the bustling city of Varanasi. Petra and Navneet are perfect hosts and they have done so much to ensure that my time at Kriti is both enjoyable and productive. I would highly recommend the Kriti Artist in Residency Program to any artist, student, or scholar.","Apr 2019 • Solo","","","","2024-03-22T08:48:32Z"
"Kriti Gallery","Varanasi Uttar Pradesh","g297685","d2626746","5.0","https://www.tripadvisor.com/ShowUserReviews-g297685-d2626746-r640043762-Kriti_Gallery-Varanasi_Varanasi_District_Uttar_Pradesh.html","https://dynamic-media-cdn.tripadvisor.com/media/photo-o/11/e8/01/ab/vijay-amrit-raj-v.jpg?w=100&h=-1&s=1","4.0 of 5 bubbles","Amazing Exhibition!",550,"Its a residency and an event Organization which invite artist shows there Handmade arts paintings and Handicrafts.I went with my friends for an Art exhibition over there it was amazing experience.This organization arrange events and set the platform to both domestic and international artist to show their art.","Jul 2018 • Solo","","","","2024-03-22T08:48:35Z"
"Kriti Gallery","Varanasi Uttar Pradesh","g297685","d2626746","5.0","https://www.tripadvisor.com/ShowUserReviews-g297685-d2626746-r627841647-Kriti_Gallery-Varanasi_Varanasi_District_Uttar_Pradesh.html","https://dynamic-media-cdn.tripadvisor.com/media/photo-o/1a/f6/df/2b/default-avatar-2020-39.jpg?w=100&h=-1&s=1","5.0 of 5 bubbles","Life changing artist residency at Kriti",0,"I stayed at Kriti for a 6 week residency. Petra and Navneet are incredible people. So generous and organised and full of energy. They, with their beautiful two dogs and friendly staff made my experience of Varanasi a memorable one.The studio itself was perfectly suited to an artist's need to make work and write in solitude while being part of a familial and communal atmosphere. The food was delicious and the building is an oasis to escape to after the hustle and bustle of the old city. Petra and Navneet were amazingly generous in helping me to make contacts and facilitate opportunities for my ideas. Words can't thank them enough and I would consider them friends and family for life.  I can't wait to return and recommend a stay at Kriti for any creative person looking for an international residency.","Sep 2018 • Solo","","","","2024-03-22T08:48:35Z"
"Kriti Gallery","Varanasi Uttar Pradesh","g297685","d2626746","5.0","https://www.tripadvisor.com/ShowUserReviews-g297685-d2626746-r615578295-Kriti_Gallery-Varanasi_Varanasi_District_Uttar_Pradesh.html","https://dynamic-media-cdn.tripadvisor.com/media/photo-o/1a/f6/df/99/default-avatar-2020-40.jpg?w=100&h=-1&s=1","5.0 of 5 bubbles","A brilliant artists’s residency",10,"I'm at Kriti Residency for three months of writing residency, and it's been absolutely perfect. Set in a tranquil haven away from the main drag, the gardens are green and lush and cool and welcoming, the room is spacious and light, and the general ambiance is conducive to hard work with a balance of social activity and seeing the sights of this amazing city. Petra and Navneet are the most brilliant hosts; terrific communicators, incredibly helpful, and very friendly. They go out of their way to make sure you have all you need. They organised for me to have printer in my room, which has been a great help, and they look after all your needs - big or small. They also arrange to take you to interesting places if you want to go: the old city, religious ceremonies, school visits etc. Navneet and Petra are massive sources of information, and incredibly well connected - so they can introduce you to people and organisations to help your research and practice. They run this place as sustainably as possible and also give a lot back to the local community, which is great to see in action. The food is fantastic - very high quality vegetarian meals - and there sure is plenty of it! All the staff are terrific: helpful, and friendly, and lovely. Three months is a long time for a residency, and I am enjoying every minute - cutting through masses of work, while still having fun. I am loving my time here and I sincerely hope to come back here every few years at least. Thank you Navneet and Petra for setting up such a terrific artist-friendly space, and for supporting so many local organisations along the way. Mary Anne Butler, Playwright","Sep 2018 • Solo","","","","2024-03-22T08:48:35Z"
"Kriti Gallery","Varanasi Uttar Pradesh","g297685","d2626746","5.0","https://www.tripadvisor.com/ShowUserReviews-g297685-d2626746-r615072098-Kriti_Gallery-Varanasi_Varanasi_District_Uttar_Pradesh.html","https://dynamic-media-cdn.tripadvisor.com/media/photo-o/1a/f6/ee/10/default-avatar-2020-8.jpg?w=100&h=-1&s=1","5.0 of 5 bubbles","Great Art Retreat",4,"Situated in the heart of Varanasi yet hidden away from the bustling energy of the streets, Kriti Gallery is a great little oasis to create art. Petra and Navneet are wonderful hosts and to wander the streets of the old city with Navneet recalling childhood memories of this amazing city was a special treat. The studios/ accommodation are purpose built and make settling in and creating art a Breeze! I highly recommend Kriti as a stimulating, comfortable and fun residence in one of the most fascinating cities in the world. Certainly an experience that will stay with me forever.","Aug 2018 • Solo","","","","2024-03-22T08:48:35Z"
"Kriti Gallery","Varanasi Uttar Pradesh","g297685","d2626746","5.0","https://www.tripadvisor.com/ShowUserReviews-g297685-d2626746-r614973310-Kriti_Gallery-Varanasi_Varanasi_District_Uttar_Pradesh.html","https://dynamic-media-cdn.tripadvisor.com/media/photo-o/1a/f6/7c/01/default-avatar-2020-5.jpg?w=100&h=-1&s=1","4.0 of 5 bubbles","Kriti Gallery residence",2,"The residence at Kriti Gallery is a great experience. The space to live/work in is large, very comfortable & private. The staff are very friendly & helpful. With meals provided, it's a great place to do your work & experience Varanasi at your own pace.","Aug 2018 • Solo","","","","2024-03-22T08:48:35Z"
"Kriti Gallery","Varanasi Uttar Pradesh","g297685","d2626746","5.0","https://www.tripadvisor.com/ShowUserReviews-g297685-d2626746-r577956872-Kriti_Gallery-Varanasi_Varanasi_District_Uttar_Pradesh.html","https://dynamic-media-cdn.tripadvisor.com/media/photo-o/1a/f6/e7/3d/default-avatar-2020-55.jpg?w=100&h=-1&s=1","5.0 of 5 bubbles","Kriti Gallery contemporary art oasis",0,"This gallery was a welcome reprieve from the busy Varanasi traffic. Stepping into the gallery transports you to a peaceful and contemplative space. The best place for contemporary art in Banares.","Apr 2018 • Solo","","","","2024-03-22T08:48:35Z"
"Kriti Gallery","Varanasi Uttar Pradesh","g297685","d2626746","5.0","https://www.tripadvisor.com/ShowUserReviews-g297685-d2626746-r577876787-Kriti_Gallery-Varanasi_Varanasi_District_Uttar_Pradesh.html","https://dynamic-media-cdn.tripadvisor.com/media/photo-o/1a/f6/f2/eb/default-avatar-2020-27.jpg?w=100&h=-1&s=1","5.0 of 5 bubbles","A welcoming family artist residency ",60,"I came to Kritigallery for a one month artist residency in April 2018. There are five nice, simple studios with a good light in all. First we have been four artists, and than three. The staff and organisers are very helpful if you need any informations, food is well prepared by the Indian cook Chinta and the two dogs Badal & Bijli are always a good company if you feel lonely or not. The Kritigallery place is a green quiet ( for'Varanasi ) island in the middle of the crazy city of light with high traffic, and still not too far away from the old fascinating town and the mother Ganga. You feel very quickly at home in the family like handled residency. You have your time and freedom for creating your artwork. At the art gallery they are having regular interesting shows, and as I could see one of the only contemporary art gallery in Varanasi.If you are looking for an artist residency in India, this is your place, no doubt.","Apr 2018 • Solo","","","","2024-03-22T08:48:35Z"
"Kriti Gallery","Varanasi Uttar Pradesh","g297685","d2626746","5.0","https://www.tripadvisor.com/ShowUserReviews-g297685-d2626746-r570953929-Kriti_Gallery-Varanasi_Varanasi_District_Uttar_Pradesh.html","https://dynamic-media-cdn.tripadvisor.com/media/photo-o/10/6c/6d/41/masaccio.jpg?w=100&h=-1&s=1","4.0 of 5 bubbles","Rather a small space and will be hit and miss",944,"The gallery space here is quite small and there was just one artist displaying his work. However, the artist was at the gallery and was there to explain how he arrived at his work, which was very interesting. The style of his art divided us quite a bit. I did rather like it, especially as it picked out designs and colours from the Hanuman temple we’d visited earlier.","Apr 2018 • Friends","","","","2024-03-22T08:48:35Z"
"Kriti Gallery","Varanasi Uttar Pradesh","g297685","d2626746","5.0","https://www.tripadvisor.com/ShowUserReviews-g297685-d2626746-r569248214-Kriti_Gallery-Varanasi_Varanasi_District_Uttar_Pradesh.html","https://dynamic-media-cdn.tripadvisor.com/media/photo-o/1a/f6/f4/5d/default-avatar-2020-32.jpg?w=100&h=-1&s=1","5.0 of 5 bubbles","Amazing Gallery with a wonderful story - another that needs to be on the Intrepid Tour list",5,"A wonderful display of art, a chance meeting with an Australian artist in residence & a interesting & informative chat with the curator with a close relationship to Australia. An insight into how a group of like minded people are helping India & it's people through Art, reaching out to children of all privileges & welcoming random tourists. Kriti Gallery is a quiet & green haven, away from the heat, noise & business of India life. A visit is recommended + the tuk tuk ride there is an experience in itself :)","Mar 2018 • Friends","","","","2024-03-22T08:48:35Z"
"Kriti Gallery","Varanasi Uttar Pradesh","g297685","d2626746","5.0","https://www.tripadvisor.com/ShowUserReviews-g297685-d2626746-r562683933-Kriti_Gallery-Varanasi_Varanasi_District_Uttar_Pradesh.html","https://dynamic-media-cdn.tripadvisor.com/media/photo-o/1a/f6/e2/81/default-avatar-2020-43.jpg?w=100&h=-1&s=1","5.0 of 5 bubbles","Where Art is sacred...",3,"Kristi Galley is an art gallery without the thorny content and political questions that art addresses. A magnificent courage to expose art which speaks to the heart, you become a poet though the artist talent.Kristin Gallery is a blazing torch with as much enlightenment as the city itself.Navneet is not only an exceptional patron of the art but even more a sacred soul trough its devotion to artists and universality....Go visit Kristi Gallery, you will surprised to discover yourself...","Feb 2018 • Solo","","","","2024-03-22T08:48:35Z"
"Kriti Gallery","Varanasi Uttar Pradesh","g297685","d2626746","5.0","https://www.tripadvisor.com/ShowUserReviews-g297685-d2626746-r562320585-Kriti_Gallery-Varanasi_Varanasi_District_Uttar_Pradesh.html","https://dynamic-media-cdn.tripadvisor.com/media/photo-o/1a/f6/77/ae/default-avatar-2020-2.jpg?w=100&h=-1&s=1","5.0 of 5 bubbles","Cultural Oasis in Varanasi",11,"This Gallery was recommended to me by an acquaintance so when I arrived in Varanasi I put it first in my agenda. Luckily I waited to go with a friend so we could both enjoy a beautiful exhibition by Shaurye Kumar together. Although we arrived late, the owner kindly reopened the gallery for us allowing us to feel like “If in a sacred land a traveler”, the title of the exhibition. You don’t want to miss it!","Feb 2018 • Solo","","","","2024-03-22T08:48:36Z"
"Kriti Gallery","Varanasi Uttar Pradesh","g297685","d2626746","5.0","https://www.tripadvisor.com/ShowUserReviews-g297685-d2626746-r546479478-Kriti_Gallery-Varanasi_Varanasi_District_Uttar_Pradesh.html","https://dynamic-media-cdn.tripadvisor.com/media/photo-o/1a/f6/f4/d0/default-avatar-2020-33.jpg?w=100&h=-1&s=1","5.0 of 5 bubbles","A writer's retreat in a vibrant ancient city",3,"I visited Kriti Gallery twice during a recent five day stay in Varanasi. Although I wasn't in residence, Petra and Navneet at Kriti, and Ajay through them, were exceptionally helpful in introducing me to unexpected highlights in this wonderful city,  and inviting me to a contemporary art exhibition in the gallery. I am a writer and I have now applied for a residency at Kriti. I think it will prove to be an extraordinary and stimulating writer's retreat.","Oct 2017 • Solo","","","","2024-03-22T08:48:36Z"
"Kriti Gallery","Varanasi Uttar Pradesh","g297685","d2626746","5.0","https://www.tripadvisor.com/ShowUserReviews-g297685-d2626746-r545191502-Kriti_Gallery-Varanasi_Varanasi_District_Uttar_Pradesh.html","https://dynamic-media-cdn.tripadvisor.com/media/photo-o/1a/f6/df/99/default-avatar-2020-40.jpg?w=100&h=-1&s=1","5.0 of 5 bubbles","A wonderful oasis of creativity in Varanasi",0,"Kriti Gallery and residency is a very well run, creative oasis in Varanasi. Whether you are just visiting the gallery, or there as a resident artist you are in for a treat. Petra and her husband Navneed are hugely knowledge about contemporary and heritage Indian art forms, and amazing hosts for those new to the city, or India.  The residency provides a calm, comfortable and supportive base from which to work and explore the wealth of experiences Varanasi has to offer. I couldn't has asked for a better base for my time in India, thank you Petra, Navneed and staff.","Nov 2017 • Solo","","","","2024-03-22T08:48:36Z"
"Kriti Gallery","Varanasi Uttar Pradesh","g297685","d2626746","5.0","https://www.tripadvisor.com/ShowUserReviews-g297685-d2626746-r544515342-Kriti_Gallery-Varanasi_Varanasi_District_Uttar_Pradesh.html","https://dynamic-media-cdn.tripadvisor.com/media/photo-o/1a/f6/e2/a7/default-avatar-2020-44.jpg?w=100&h=-1&s=1","5.0 of 5 bubbles","excellent refuge in the city of light",2,"Kriti Gallery provides a beautiful space for artists and art lovers in the glorious chaos of Banaras. The many trees the owner's have planted in the peaceful garden purify the city air and offer welcome shade. I stayed at Kriti for 6 weeks in their residency program and thoroughly enjoyed it. The owners are knowledgable and very helpful, the atmosphere is very conducive to producing good work, and not far away is the endless wonder of the old city which never ceases to amaze and inspire. I certainly hope to visit again in the future.","Nov 2017 • Solo","","","","2024-03-22T08:48:36Z"
"Kriti Gallery","Varanasi Uttar Pradesh","g297685","d2626746","5.0","https://www.tripadvisor.com/ShowUserReviews-g297685-d2626746-r544412635-Kriti_Gallery-Varanasi_Varanasi_District_Uttar_Pradesh.html","https://dynamic-media-cdn.tripadvisor.com/media/photo-o/11/69/bd/e8/anna-c.jpg?w=100&h=-1&s=1","5.0 of 5 bubbles","Just like home.",2,"I can mainly speak on behalf of the Artist residency side of Kriti Gallery. I have been here now for three months on an Artist residency from New Zealand, and as an artist could not wish for a more supportive environment in which to work on ones creative project. The rooms are large, airy and light, Chinta the cook makes delicious authentic Indian lunches and dinners, Petra, Navneet and Ajay, the hosts, can give you learned information on anywhere and anything you might need to know or need. They are part of the artistic fabric of India and their knowledge extends further into the historical, cultural, religious and ethical world of India. An excellent place to interact with other artists and creatives from all over.","Nov 2017 • Solo","","","","2024-03-22T08:48:36Z"
"Kriti Gallery","Varanasi Uttar Pradesh","g297685","d2626746","5.0","https://www.tripadvisor.com/ShowUserReviews-g297685-d2626746-r486744849-Kriti_Gallery-Varanasi_Varanasi_District_Uttar_Pradesh.html","https://dynamic-media-cdn.tripadvisor.com/media/photo-o/0e/09/0d/7f/lisa-k.jpg?w=100&h=-1&s=1","5.0 of 5 bubbles","Another side of Varanasi",2,"Kriti Gallery is tucked away from the main thoroughfare around the ghats. It's a place of peace (including a lush garden), a gallery showing tasteful local and international art, an art residency (which I did) and a home to owners Petra and Navneet who run the whole space. Exhibitions are constantly changing, including the resident artists who you can meet floating around the grounds. There are also interesting happenings, film screenings and discussions that will grow to music concerts in the new courtyard, or so we have been told! My stay here was extremely productive. The space felt like home, with the most delicious Indian meals cooked daily and the support we needed to complete our projects. Also the owners are happy to share their rich love of Varanasi and Indian culture with you. It was a pleasure to stay here and would definitely do it again!","Feb 2017 • Solo","","","","2024-03-22T08:48:36Z"
"Kriti Gallery","Varanasi Uttar Pradesh","g297685","d2626746","5.0","https://www.tripadvisor.com/ShowUserReviews-g297685-d2626746-r482449807-Kriti_Gallery-Varanasi_Varanasi_District_Uttar_Pradesh.html","https://dynamic-media-cdn.tripadvisor.com/media/photo-o/0a/36/e4/38/madeleine-b.jpg?w=100&h=-1&s=1","5.0 of 5 bubbles","A world class gallery featuring the work of international a well as local artists.",28,"This is an extraordinary find in Varanasi.  Run buy a local man and his german wife, the gallery is a gem.  The exhibits are of superior quality, the art is (usually) nontraditional (as in not traditionally Indian) and mind expanding yet consummately tasteful.  They also run an artist's residency program that is excellent.  I know; I stayed there.","Jan 2017 • Friends","","","","2024-03-22T08:48:36Z"
"Kriti Gallery","Varanasi Uttar Pradesh","g297685","d2626746","5.0","https://www.tripadvisor.com/ShowUserReviews-g297685-d2626746-r465202652-Kriti_Gallery-Varanasi_Varanasi_District_Uttar_Pradesh.html","https://dynamic-media-cdn.tripadvisor.com/media/photo-o/1a/f6/f3/23/default-avatar-2020-28.jpg?w=100&h=-1&s=1","5.0 of 5 bubbles","An oasis",3,"What a fabiulous find in Varanasi. We discovered a wonderful photography exhibition. We bought one set and came back the next day for another purchase. The hosts could not have been more hospitable and friendly. Highly recommend a visit.","Mar 2017 • Friends","","","","2024-03-22T08:48:36Z"
"Kriti Gallery","Varanasi Uttar Pradesh","g297685","d2626746","5.0","https://www.tripadvisor.com/ShowUserReviews-g297685-d2626746-r462703245-Kriti_Gallery-Varanasi_Varanasi_District_Uttar_Pradesh.html","https://dynamic-media-cdn.tripadvisor.com/media/photo-o/0e/87/1b/5e/agi-wittich.jpg?w=100&h=-1&s=1","5.0 of 5 bubbles","Serenity and calmness",25,"A wonderfull get-away from the busy and dusty city of Varanasi. A must-visit point for art lovers. An excellent place for artists who would like to spend some time in one place, focusing on their art, in this holy city. wonderful garden, well kept flours, very clean, peacefull atmosphere.","Feb 2017 • Solo","","","","2024-03-22T08:48:36Z"
"Kriti Gallery","Varanasi Uttar Pradesh","g297685","d2626746","5.0","https://www.tripadvisor.com/ShowUserReviews-g297685-d2626746-r462517957-Kriti_Gallery-Varanasi_Varanasi_District_Uttar_Pradesh.html","https://dynamic-media-cdn.tripadvisor.com/media/photo-o/1a/f6/ef/73/default-avatar-2020-13.jpg?w=100&h=-1&s=1","5.0 of 5 bubbles","""Kirti to acha karti hai""",2,"And indeed the couple who runs it does such a wonderful job by providing the platform for young and talented artists.Very peaceful and beautiful place to visit.🤗","Feb 2017 • Friends","","","","2024-03-22T08:48:36Z"
"Kriti Gallery","Varanasi Uttar Pradesh","g297685","d2626746","5.0","https://www.tripadvisor.com/ShowUserReviews-g297685-d2626746-r461088548-Kriti_Gallery-Varanasi_Varanasi_District_Uttar_Pradesh.html","https://dynamic-media-cdn.tripadvisor.com/media/photo-o/1a/f6/ed/00/default-avatar-2020-4.jpg?w=100&h=-1&s=1","5.0 of 5 bubbles","Kriti Gallery is a Varanasi gem, must visit",2,"I've been in Varanasi for about a week, and visiting Kriti Gallery was one of the best part of the visit. The gallery gives voice to artists in different fields, and all the work which is being presented there is very much related to the magic of Varanasi itself. The gallery is located in a beautiful and specious garden, which is perfect if you want to relax from the the busy streets outside, and it also has a small shop with extraoridanry local craft and art. Navneet & Petra, who run the place, are wonderful people, and the encounter with them is as special as the visit in the gallery.","Feb 2017 • Friends","","","","2024-03-22T08:48:38Z"
"Kriti Gallery","Varanasi Uttar Pradesh","g297685","d2626746","5.0","https://www.tripadvisor.com/ShowUserReviews-g297685-d2626746-r460866898-Kriti_Gallery-Varanasi_Varanasi_District_Uttar_Pradesh.html","https://dynamic-media-cdn.tripadvisor.com/media/photo-o/1a/f6/e7/7b/default-avatar-2020-56.jpg?w=100&h=-1&s=1","5.0 of 5 bubbles","Island of inspiration and beauty ",3,"I've met the couple who run the gallery and visited there. The first thing I thought was ""it's a Zen Garden"". Kriti Gallery is a truly special place run by kind, intellectual and inspirational people. I'm really hoping to see this place again soon.","Feb 2017 • Friends","","","","2024-03-22T08:48:38Z"
"Kriti Gallery","Varanasi Uttar Pradesh","g297685","d2626746","5.0","https://www.tripadvisor.com/ShowUserReviews-g297685-d2626746-r458746398-Kriti_Gallery-Varanasi_Varanasi_District_Uttar_Pradesh.html","https://dynamic-media-cdn.tripadvisor.com/media/photo-o/1a/f6/e4/a9/default-avatar-2020-50.jpg?w=100&h=-1&s=1","5.0 of 5 bubbles","Centre of culture and education",4,"We visited the gallery on a occasion of a presentation of some documentaries of Polish filmmakers visiting the city. We were very warmly greeted by owners Petra and Navneet who made us feel very welcome. The presentation was attended by, among others, students of local university and arts collage. Lively discussion generated by the presentation was truly a good example of cross-cultural exchange of ideas and reaching for a cross-cultural understanding. We were truly impressed by the atmosphere of comradeship and sharing universal values. A real beacon of culture in a seemingly one-dimensional environment - highly recommended for any events that are taking place there.","Feb 2017 • Couples","","","","2024-03-22T08:48:38Z"
"Kriti Gallery","Varanasi Uttar Pradesh","g297685","d2626746","5.0","https://www.tripadvisor.com/ShowUserReviews-g297685-d2626746-r457109279-Kriti_Gallery-Varanasi_Varanasi_District_Uttar_Pradesh.html","https://dynamic-media-cdn.tripadvisor.com/media/photo-o/1a/f6/ef/73/default-avatar-2020-13.jpg?w=100&h=-1&s=1","5.0 of 5 bubbles","Fascinating place",37,"We visited this gallery on the recommendation of friends and were not disappointed. They were showing an exhibition of photographs by Katarina Weslien of the Khumb Mela festival called Riktata which means emptiness. A strange subject at a festival of 30 million people but the pictures were both moving and beautiful.  The gallery is in a beautiful garden and the owners Navneet and Petra are both welcoming and fascinating.  The only things we saw that we wanted to buy in all the time we were in Varanasi were some of the wonderful crafts that Petra sells through the gallery. Gorgeous lapis lazuli balls and eggs, soft and really beautiful and unusual pashminas and summer blankets of soft muslin over printed fabric which were exquisite and there was plenty more.  I understand they also do residencies for artists, writers, anthropologists etc anyone who wants to live and work in the teaming, fascinating holy city of Varanasi should head straight to the Kriti Gallery.  One of the best things we did in Varanasi.  Also Petra introduced us to Ajay who is part of their foundation and is the most extraordinary fascinating, beautifully spoken and knowledgable guide to the city where he has lived all his life.  His insights into the lifestyle and the delicious street foods of Varanasi made our visit. We would never have dared to eat street food without his know.edge of where was both delicious and safe.","Jan 2017 • Friends","","","","2024-03-22T08:48:38Z"
"Kriti Gallery","Varanasi Uttar Pradesh","g297685","d2626746","5.0","https://www.tripadvisor.com/ShowUserReviews-g297685-d2626746-r456309933-Kriti_Gallery-Varanasi_Varanasi_District_Uttar_Pradesh.html","https://dynamic-media-cdn.tripadvisor.com/media/photo-o/14/d3/41/cb/christineb6426.jpg?w=100&h=-1&s=1","5.0 of 5 bubbles","Excellent gallery and great residency, lovely athmosphere",35,"Kriti Gallery is two in one: There’s the gallery with its various exhibitions, where international artists find a platform and a place for an intercultural exchange. Check the website to find out, what’s the running exhibition, they show modern and traditional art and unique handicrafts. It’s worth to visit! And there is the artist residence: You can rent a studio, a perfect retreat to do your work, to get in contact with other artists from all over the world and to be inspired by the lively, mystic and amazing city od Varanasi. The studios are huge, clean and comfortable - like a home far away from home. They are surrounded by a green garden. It’s a bit away from the Ganges-River but with a tuktuk it’s easy and cheap to get to the old part of the city. There are two other reasons why you feel super comfortable at the Kriti Gallery: The in the price included food is made by the best cook you can imagine, it’s super comfortable that you don’t have to care about anything, you just can sit on the table and get excellent Indian food. The second reason is the owner Petra, who welcomes you with wide open arms and a big heart and who shows and explain you many things about Varanasi that you don’t find in a travel book. She is a great support, does anything for making you feeling comfortable. And I loved her stories! Thanks a lot for the great time!","Jan 2017 • Solo","","","","2024-03-22T08:48:38Z"
"Kriti Gallery","Varanasi Uttar Pradesh","g297685","d2626746","5.0","https://www.tripadvisor.com/ShowUserReviews-g297685-d2626746-r431852009-Kriti_Gallery-Varanasi_Varanasi_District_Uttar_Pradesh.html","https://dynamic-media-cdn.tripadvisor.com/media/photo-o/1a/f6/e7/3d/default-avatar-2020-55.jpg?w=100&h=-1&s=1","5.0 of 5 bubbles","Excellent art gallery and residency in Varanasi",0,"Great place in Varanasi ! Peacefull place with a nice garden near an old villa in the non touristic area of Varanasi.You are interested in modern art, miniature painting, silk weaving...? Go there and and get connected with finest artisans ! You will get a lot of background information about indian art and culture by the nice owners Petra and Navneet.","Oct 2016 • Solo","","","","2024-03-22T08:48:38Z"
"Kriti Gallery","Varanasi Uttar Pradesh","g297685","d2626746","5.0","https://www.tripadvisor.com/ShowUserReviews-g297685-d2626746-r428598196-Kriti_Gallery-Varanasi_Varanasi_District_Uttar_Pradesh.html","https://dynamic-media-cdn.tripadvisor.com/media/photo-s/02/42/4e/d0/pollyannasydney.jpg?w=100&h=-1&s=1","5.0 of 5 bubbles","Such a surprise. ",75,"This beautiful modern art gallery has exhibitions of international and Indian art from both modern and traditional genres. It includes an Artist in Residence program and has a boutique presenting exclusive handcrafts. An oasis of sophistication. Don't miss it.","Oct 2016","","","","2024-03-22T08:48:38Z"
"Kriti Gallery","Varanasi Uttar Pradesh","g297685","d2626746","5.0","https://www.tripadvisor.com/ShowUserReviews-g297685-d2626746-r425734099-Kriti_Gallery-Varanasi_Varanasi_District_Uttar_Pradesh.html","https://dynamic-media-cdn.tripadvisor.com/media/photo-o/1a/f6/f2/11/default-avatar-2020-23.jpg?w=100&h=-1&s=1","5.0 of 5 bubbles","Excellent place to see modern art & unique handicrafts",15,"While in Varanasi Kriti is a must-see for modern art and to be connected with some of the city's finest artisans. Petra and Navneet are working with stonemasons and silk hand weavers to utilize their unique skills to produce intricate and beautiful piece that are for sale in the gallery and by special order. The gallery itself features international and Indian artists, and they host artists in residence.","Oct 2016 • Friends","","","","2024-03-22T08:48:38Z"
"Kriti Gallery","Varanasi Uttar Pradesh","g297685","d2626746","5.0","https://www.tripadvisor.com/ShowUserReviews-g297685-d2626746-r364303952-Kriti_Gallery-Varanasi_Varanasi_District_Uttar_Pradesh.html","https://dynamic-media-cdn.tripadvisor.com/media/photo-o/09/5c/84/f4/debajyoti-d.jpg?w=100&h=-1&s=1","3.0 of 5 bubbles","Only.....1",55,"As a photographer i like this place when i get a invitation from Kriti Gallery. Nice and peace full place for photography exhibition. Owner of gallery too frank and friendly..","May 2015","","","","2024-03-22T08:48:38Z"
"Kriti Gallery","Varanasi Uttar Pradesh","g297685","d2626746","5.0","https://www.tripadvisor.com/ShowUserReviews-g297685-d2626746-r363574781-Kriti_Gallery-Varanasi_Varanasi_District_Uttar_Pradesh.html","https://dynamic-media-cdn.tripadvisor.com/media/photo-o/0a/e0/e6/63/sohmerg.jpg?w=100&h=-1&s=1","5.0 of 5 bubbles","BEST OF VARANASI",30,"Going to Kriti Gallery is a must.  Owners Navneet and Petra are experts in art appreciation and the history of Varanasi.  They are both excellent at explaining the art they are showing it the gallery, as well as helping tourists truly enjoy their stay in Varanasi.  Their show opening including a wonderful mix of locals, international artists, ex-pats, and tourists.  They hosted us with delicious traditional Benarsi street food in a relaxed, but classy environment. My husband and I later took a walking tour with Ajay, who is part of their Banaras Historical Walks group.  There is nothing like this experience.  Going through the old city, including the spice market was a unique experience that most tourists definitely miss.  The spice market was exceptional as Ajay explained day to day life and history of the places we were visiting.  Petra and Navneet are full of valuable information.  Definitely come to Kriti to enjoy the art, but also to know where you really should visit in Varanasi on your trip.","Mar 2016 • Couples","","","","2024-03-22T08:48:38Z"
"Kriti Gallery","Varanasi Uttar Pradesh","g297685","d2626746","5.0","https://www.tripadvisor.com/ShowUserReviews-g297685-d2626746-r362872083-Kriti_Gallery-Varanasi_Varanasi_District_Uttar_Pradesh.html","https://dynamic-media-cdn.tripadvisor.com/media/photo-o/1a/f6/df/2b/default-avatar-2020-39.jpg?w=100&h=-1&s=1","5.0 of 5 bubbles","An intellectual haven",0,"Kriti Gallery is a unique and incredible place - a world-class contemporary art gallery and artists residency venue with artists studios in the heart of the spiritual capital of India. It is an ideal place to experience contemporary art and for artists to work in an atmosphere of peace and intellectual stimulation. Kriti's owners have created a haven which allows artists the physical and mental space to process their experiences of the the city beyond. We spent one month at Kriti Gallery in January 2016. It was our first experience of India and we were assisted by the owners throughout with excellent advice, connections and knowledge that proved essential in ensuring we were able to make the most of our time. The studio facilities are excellent, the food delicious and we made great friends with the staff and other artists in residence. The whole place is run with a professionalism and attention to detail that allows you to focus on your work and to enjoy the experience to the full. We cannot recommend it highly enough and look forward to returning.","Jan 2016 • Business","","","","2024-03-22T08:48:40Z"
"Kriti Gallery","Varanasi Uttar Pradesh","g297685","d2626746","5.0","https://www.tripadvisor.com/ShowUserReviews-g297685-d2626746-r360838093-Kriti_Gallery-Varanasi_Varanasi_District_Uttar_Pradesh.html","https://dynamic-media-cdn.tripadvisor.com/media/photo-o/1a/f6/df/99/default-avatar-2020-40.jpg?w=100&h=-1&s=1","5.0 of 5 bubbles","An Oasis of Peace and Beauty",2,"I stayed at Kriti Artist Residency in the summer of 2014 and visit the Gallery whenever we are in Varanasi. It is one of my favorite places in town. Why? Because of the garden. Because of the peacock I encountered there. Because of the gallery that has lit up days longing for beauty, art and another way of seeing things. And because of the people. Petra and Navneet are dear friends and their passion for art, planting trees and organic farming is reflected in the location. It is a place with a heart and soul and any moment spent there is pure BLISS. We were also happy to recently visit the Gallery with our students of Loka School (see photo) who besides enjoying the exhibition and garden were encouraged to think and reflect on the meaning and importance of cultural heritage and history. Thank you Navneet and Petra for your efforts in enriching Kashi with a space where lovers of art, nature and life itself can come to reflect, imagine, create or just be.","Feb 2016 • Family","","","","2024-03-22T08:48:40Z"
"Kriti Gallery","Varanasi Uttar Pradesh","g297685","d2626746","5.0","https://www.tripadvisor.com/ShowUserReviews-g297685-d2626746-r360069521-Kriti_Gallery-Varanasi_Varanasi_District_Uttar_Pradesh.html","https://dynamic-media-cdn.tripadvisor.com/media/photo-o/09/b0/23/81/yair-e.jpg?w=100&h=-1&s=1","5.0 of 5 bubbles","A different angel of Varanasi",149,"Come see a different angel of Varanasi. A contemporary Art gallery and an artist residency program. Enjoy the exhibitions, meet the artists and scholars who work on their projects and Vavneet Raman who runs it all with Banarasi passion.","Mar 2016 • Couples","","","","2024-03-22T08:48:40Z"
"Kriti Gallery","Varanasi Uttar Pradesh","g297685","d2626746","5.0","https://www.tripadvisor.com/ShowUserReviews-g297685-d2626746-r358573500-Kriti_Gallery-Varanasi_Varanasi_District_Uttar_Pradesh.html","https://dynamic-media-cdn.tripadvisor.com/media/photo-o/1a/f6/e9/ef/default-avatar-2020-66.jpg?w=100&h=-1&s=1","5.0 of 5 bubbles","Fantastic",4,"Great trip to Kriti Gallery. Both the owners, Navneet and Petra were more than happy to spend time explaining the photography in the gallery (which is stunning by the way) and the background of the photographer. A great little excursion  away from the hustle and bustle of the tourist hub in Varanasi.","Mar 2016 • Solo","","","","2024-03-22T08:48:40Z"
"Kriti Gallery","Varanasi Uttar Pradesh","g297685","d2626746","5.0","https://www.tripadvisor.com/ShowUserReviews-g297685-d2626746-r357489034-Kriti_Gallery-Varanasi_Varanasi_District_Uttar_Pradesh.html","https://dynamic-media-cdn.tripadvisor.com/media/photo-o/1a/f6/e2/11/default-avatar-2020-41.jpg?w=100&h=-1&s=1","5.0 of 5 bubbles","Amazing space!!!",0,"It was a great discovery to find a space like this, in the middle of Varanasi. Is posible to enjoy contemporay art in a silence and very peacfull place, is like an oassis in the middle of crowded city.I recommend talking with the owner and discover many artists who work with them.Congratulations for this nice project!!!","Feb 2016 • Friends","","","","2024-03-22T08:48:40Z"
"Kriti Gallery","Varanasi Uttar Pradesh","g297685","d2626746","5.0","https://www.tripadvisor.com/ShowUserReviews-g297685-d2626746-r353453788-Kriti_Gallery-Varanasi_Varanasi_District_Uttar_Pradesh.html","https://dynamic-media-cdn.tripadvisor.com/media/photo-s/02/42/4e/d0/pollyannasydney.jpg?w=100&h=-1&s=1","5.0 of 5 bubbles","An oasis of peace and simplicity",75,"For serious art lovers this gallery is a rare treat.  The current exhibition of photographs is rare and beautiful and the artist worthy of his international success.","Mar 2016 • Friends","","","","2024-03-22T08:48:40Z"
"Kriti Gallery","Varanasi Uttar Pradesh","g297685","d2626746","5.0","https://www.tripadvisor.com/ShowUserReviews-g297685-d2626746-r344075712-Kriti_Gallery-Varanasi_Varanasi_District_Uttar_Pradesh.html","https://dynamic-media-cdn.tripadvisor.com/media/photo-o/1a/f6/ee/db/default-avatar-2020-10.jpg?w=100&h=-1&s=1","5.0 of 5 bubbles","World Class Contemporary Art Gallery  Don't miss it!",10,"I noticed a flyer at the Open Hand Restaurant in Varanasi for platinum prints by a Japanese photographer. Being interested in such things, I decided that would be the perfect way to experience the contemporary art scene in Varanasi. The exhibit was as good as it gets. The gallery is a lovely space set back from a busy street. It is relatively small, but spacious enough to see (terrific) art work displayed with elegance, breathing room, and good lighting.Petra Manefield, the director, came out and introduced herself.  After that it became personal. Not only is she a wonderful person, she and her husband are dedicated to the arts in a way that warms my heart.  As well as the gallery, there is a residency program for artists and researchers to come stay for goodly periods of time. They nurture and support the arts in real time.A small shop is tucked in the back, but very much worth a look.  Her inventory is not the usual faire, I assure you. If you are interested at all in the contemporary art scene, or if you want to see photographs of Varanasi in the mid 1900's, or if you want to get off the beaten tourist path, treat yourself to this gallery.","Jan 2016 • Friends","","","","2024-03-22T08:48:40Z"
"Kriti Gallery","Varanasi Uttar Pradesh","g297685","d2626746","5.0","https://www.tripadvisor.com/ShowUserReviews-g297685-d2626746-r324904561-Kriti_Gallery-Varanasi_Varanasi_District_Uttar_Pradesh.html","https://dynamic-media-cdn.tripadvisor.com/media/photo-o/1a/f6/ec/3d/default-avatar-2020-1.jpg?w=100&h=-1&s=1","5.0 of 5 bubbles","Eden on earth",12,"Navneet and Petra are phenomenal people, each in their own right. Between them they can facilitate just about anything for you. Their superb team will take care of whatever you want to explore. From the chef to the drivers, they are one fantastic group of people, and it was a privilege to be their guest.The residence is perfectly designed to give you private space within a communal atmosphere. When you step off the street into the residence it's like walking through a wall into a magic garden.To be in Varanasi is to connect to the funiculus umbilicalis of human existence. Whether you're the spiritual type or not, the place just overwhelms you with its beauty and energy. Whatever your medium, the only limitation to this city–and this place in this city–is your imagination.","Oct 2015 • Friends","","","","2024-03-22T08:48:40Z"
"Kriti Gallery","Varanasi Uttar Pradesh","g297685","d2626746","5.0","https://www.tripadvisor.com/ShowUserReviews-g297685-d2626746-r264704717-Kriti_Gallery-Varanasi_Varanasi_District_Uttar_Pradesh.html","https://dynamic-media-cdn.tripadvisor.com/media/photo-o/1a/f6/e9/ef/default-avatar-2020-66.jpg?w=100&h=-1&s=1","5.0 of 5 bubbles","Kriti Gallery is the best",16,"Kriti Gallery is a cutting-edge, trendsetting venue. Without a doubt this post-modern gallery and performance space is one of the best places in Varanasi.","Jan 2015 • Solo","","","","2024-03-22T08:48:40Z"
"Kriti Gallery","Varanasi Uttar Pradesh","g297685","d2626746","5.0","https://www.tripadvisor.com/ShowUserReviews-g297685-d2626746-r264088698-Kriti_Gallery-Varanasi_Varanasi_District_Uttar_Pradesh.html","https://dynamic-media-cdn.tripadvisor.com/media/photo-o/1a/f6/e7/99/default-avatar-2020-57.jpg?w=100&h=-1&s=1","5.0 of 5 bubbles","Great Art Gallery",2,"Navneet and Petra run an excellent gallery of local artist from around India.  They arefriendly and knowledgable. In this lovely setting, they provide support  and residence for working artists.   Their collections are shown in the other parts of the world   and all shows are well known and attended.  I so enjoyed meeting them, seeing their gallery and happily purchased a gorgeous shawl by a local  artist.","Feb 2015 • Solo","","","","2024-03-22T08:48:40Z"
"Kriti Gallery","Varanasi Uttar Pradesh","g297685","d2626746","5.0","https://www.tripadvisor.com/ShowUserReviews-g297685-d2626746-r260928763-Kriti_Gallery-Varanasi_Varanasi_District_Uttar_Pradesh.html","https://dynamic-media-cdn.tripadvisor.com/media/photo-o/1a/f6/f3/e4/default-avatar-2020-30.jpg?w=100&h=-1&s=1","5.0 of 5 bubbles","Excellent Modern Art Gallery",5,"Navneet Raman and his wife Petra Manefield do an amazing job running a state of the art gallery, showing the latest works by Varanasi artists and other areas of India. They also feature music events and have a residency program with housing and studios for visiting artists!","Feb 2015 • Couples","","","","2024-03-22T08:48:41Z"
"Kriti Gallery","Varanasi Uttar Pradesh","g297685","d2626746","5.0","https://www.tripadvisor.com/ShowUserReviews-g297685-d2626746-r259284230-Kriti_Gallery-Varanasi_Varanasi_District_Uttar_Pradesh.html","https://dynamic-media-cdn.tripadvisor.com/media/photo-o/07/83/40/30/rajesh-d.jpg?w=100&h=-1&s=1","5.0 of 5 bubbles","nice experience",4,"Its saturated mid of city in palace. Old attractive building , specious, clean and good environment to see collection . Nicely cover and good price, Having accommodation with kitchen in premises. Loving people working for Gallery. I met To Norman smith who described me in brief . Visit for your collection... Highly commending........","Dec 2014 • Solo","","","","2024-03-22T08:48:41Z"
"Kriti Gallery","Varanasi Uttar Pradesh","g297685","d2626746","5.0","https://www.tripadvisor.com/ShowUserReviews-g297685-d2626746-r252638796-Kriti_Gallery-Varanasi_Varanasi_District_Uttar_Pradesh.html","https://dynamic-media-cdn.tripadvisor.com/media/photo-o/1a/f6/de/e7/default-avatar-2020-37.jpg?w=100&h=-1&s=1","5.0 of 5 bubbles","An amazing stop during my visit to Banaras",2,"Kriti Gallery is a wonderful little sanctuary in the beautiful craziness of Banaras. It was amazing to see contemporary art of India blossom in such a historically rich city, and I enjoyed getting a taste of   what other visitor artists take from their stay in India. Fazal Sheikh's mesmerizing photographs were shown when I visited. I loved being able to view his experience through stunning and incredibly moving photographs. Kriti also offers a small gift shop featuring works from local and featured artists allowing visitors to take a piece of art home with them. If you'd like to keep the experience you have in Kriti Gallery with you, you 'll be able to do so through books by Sheikh sold in the gift shop.","Jan 2015 • Friends","","","","2024-03-22T08:48:41Z"
"Kriti Gallery","Varanasi Uttar Pradesh","g297685","d2626746","5.0","https://www.tripadvisor.com/ShowUserReviews-g297685-d2626746-r252598105-Kriti_Gallery-Varanasi_Varanasi_District_Uttar_Pradesh.html","https://dynamic-media-cdn.tripadvisor.com/media/photo-o/1a/f6/f3/7c/default-avatar-2020-29.jpg?w=100&h=-1&s=1","5.0 of 5 bubbles","Beautiful Contemporary Gallery",3,"Kriti Gallery is a beautiful and well located gallery in Varanasi. The space is fantastic for showing, has a wonderful little gift shop, and has a great outdoor space.","Jan 2015 • Business","","","","2024-03-22T08:48:41Z"
"Kriti Gallery","Varanasi Uttar Pradesh","g297685","d2626746","5.0","https://www.tripadvisor.com/ShowUserReviews-g297685-d2626746-r251803756-Kriti_Gallery-Varanasi_Varanasi_District_Uttar_Pradesh.html","https://dynamic-media-cdn.tripadvisor.com/media/photo-f/01/2e/70/5b/avatar033.jpg?w=100&h=-1&s=1","5.0 of 5 bubbles","The place to see in Varanasi",41,"This art gallery is one of a kind in banaras. Great vibe and garden to just relax from the crazy traffic outside. They showcase some unique international and local artist's work and have a small art shop on the side. Bought few gifts too. Don't miss out.","Dec 2014 • Couples","","","","2024-03-22T08:48:41Z"
"Kriti Gallery","Varanasi Uttar Pradesh","g297685","d2626746","5.0","https://www.tripadvisor.com/ShowUserReviews-g297685-d2626746-r251210772-Kriti_Gallery-Varanasi_Varanasi_District_Uttar_Pradesh.html","https://dynamic-media-cdn.tripadvisor.com/media/photo-o/1a/f6/f2/b8/default-avatar-2020-26.jpg?w=100&h=-1&s=1","5.0 of 5 bubbles","Great Gallery",0,"Kriti Gallery is a gallery that houses a history and culture of India as well as great amount of international artists to come participate in making and show art work in. Exhibitions here are very well curated by staffs who have great appreciation and knowledge about art and history of India. Studying art and my experience of working in some galleries in and out of United States, I am always excited to find a gallery in other countries and cities and see what kind of works are shown in galleries and how each galleries present those works I was very excited to find Kriti Gallery in Varanasi. Especially in India where I haven't come across as many galleries, I thought that Kriti Gallery was to bring such beauty and magic in India, one of the most artful cities I ever came across.  Not only I was amazed by the beautiful interior of the gallery--has clean white wall, beautiful local sandstone floor, beautiful garden that houses art works at right places (mural, and the relief carving just above the little pond, nice sitting area..) but also I was amazed by the quality of exhibition they had here. When I went for a visit, there was an exhibition going on titled ""Ether"" by a contemporary artist, Fazah Sheikh. He used photography as a medium to honor the experience of death and tried to comprehend its significance while he's trip to Benares (Varanasi) , one of India's sacred cities. All the photos were very well printed and presented, they had very well written exhibition statement in the entrance of the gallery that helped me read into the photographs in deeper level. I was very deeply touched by the exhibition and work itself, but I was so touched by the reverence that was paid to the artist and every individual frames of the series that were presented. I would love to have my work shown in this gallery. At the end of the exhibition, there was a little shop as well where they sell, still very well curated with exceptional taste of staffs, selection of pashmina scarves, miniature paintings, ceramic pieces as well as other books from past exhibitions. I was very excited to find other photography books by Fazal Sheikh, and got to see whole another body of his work. I would love to go back to this place whenever I get my chance, and see the artists and works they present.","Jan 2015 • Friends","","","","2024-03-22T08:48:41Z"
"Kriti Gallery","Varanasi Uttar Pradesh","g297685","d2626746","5.0","https://www.tripadvisor.com/ShowUserReviews-g297685-d2626746-r251041438-Kriti_Gallery-Varanasi_Varanasi_District_Uttar_Pradesh.html","https://dynamic-media-cdn.tripadvisor.com/media/photo-o/07/47/02/59/shirasom.jpg?w=100&h=-1&s=1","5.0 of 5 bubbles","Do not miss this place",28,"A must-see in Varanasi.  Always has a wonderful display in the gallery and often has events and open house parties.  The owners are welcoming and very knowledgable and can help with seeing other parts of the city as well.","Jan 2015 • Solo","","","","2024-03-22T08:48:41Z"
"Kriti Gallery","Varanasi Uttar Pradesh","g297685","d2626746","5.0","https://www.tripadvisor.com/ShowUserReviews-g297685-d2626746-r250911548-Kriti_Gallery-Varanasi_Varanasi_District_Uttar_Pradesh.html","https://dynamic-media-cdn.tripadvisor.com/media/photo-o/1a/f6/e4/59/default-avatar-2020-49.jpg?w=100&h=-1&s=1","5.0 of 5 bubbles","Wonderful Gallery of Contemporary Indian Art",0,"Kriti Gallery in Banaras is a rare place showing exquisite contemporary art in a totally professional and beautiful exhibition space, curated by an exceptional staff. The art work includes photographs, paintings, drawings, prints, sculpture and installations of some of the best Indian and international artists. Surrounded by a lovely garden, the gallery includes a gift shop with excellent examples of Kashmiri shawls, ceramics and miniature paintings. As a professional artist and teacher of art, I highly recommend a visit to Kriti Gallery!","Jan 2015 • Friends","","","","2024-03-22T08:48:41Z"
"Kriti Gallery","Varanasi Uttar Pradesh","g297685","d2626746","5.0","https://www.tripadvisor.com/ShowUserReviews-g297685-d2626746-r250904508-Kriti_Gallery-Varanasi_Varanasi_District_Uttar_Pradesh.html","https://dynamic-media-cdn.tripadvisor.com/media/photo-o/07/41/16/e6/michaelp4340lr.jpg?w=100&h=-1&s=1","5.0 of 5 bubbles","Worth The Visit",0,"Kriti Gallery is a great place to view contemporary artwork while visiting Banaras.  The gallery is very peaceful and there is an area to purchase a variety of handicrafts.  The gallery is run by very nice people who are always excited to see new faces.","Jan 2015 • Friends","","","","2024-03-22T08:48:41Z"
"Kriti Gallery","Varanasi Uttar Pradesh","g297685","d2626746","5.0","https://www.tripadvisor.com/ShowUserReviews-g297685-d2626746-r250360378-Kriti_Gallery-Varanasi_Varanasi_District_Uttar_Pradesh.html","https://dynamic-media-cdn.tripadvisor.com/media/photo-o/1a/f6/e4/59/default-avatar-2020-49.jpg?w=100&h=-1&s=1","5.0 of 5 bubbles","Amazing Gallery",0,"An amazing gallery surrounded by beautiful nature. I am glad that I had an opportunity to visit this amazing gallery and see work by Fazal Sheikh. Kriti Gallery is definitely worth a visit!!","Jan 2015 • Solo","","","","2024-03-22T08:48:41Z"
"Kriti Gallery","Varanasi Uttar Pradesh","g297685","d2626746","5.0","https://www.tripadvisor.com/ShowUserReviews-g297685-d2626746-r250359139-Kriti_Gallery-Varanasi_Varanasi_District_Uttar_Pradesh.html","https://dynamic-media-cdn.tripadvisor.com/media/photo-o/1a/f6/e2/4a/default-avatar-2020-42.jpg?w=100&h=-1&s=1","5.0 of 5 bubbles","Great quality art gallery in Varanasi",0,"I recently went to an art exhibit at the Kriti gallery along with participating in a group exhibit. The atmosphere is beautiful and everything is presented very professionaly. It is a great place to see and discus art. there is also a small gift area that has the most beautiful and highest quality scarves so that is also something great to check out when visiting. the Kriti gallery feels just as sacred as the city it resides in. Deffinately a must go when visiting Verinassi","Jan 2015 • Friends","","","","2024-03-22T08:48:43Z"
"Kriti Gallery","Varanasi Uttar Pradesh","g297685","d2626746","5.0","https://www.tripadvisor.com/ShowUserReviews-g297685-d2626746-r250297572-Kriti_Gallery-Varanasi_Varanasi_District_Uttar_Pradesh.html","https://dynamic-media-cdn.tripadvisor.com/media/photo-o/1a/f6/f1/06/default-avatar-2020-18.jpg?w=100&h=-1&s=1","5.0 of 5 bubbles","Contemporary Art Gem",0,"While staying in Banaras I was fortunate to find Kriti gallery. There was a beautiful and unassuming show of contemporary photographer Fazal Sheikh, and evidence of great care on the part of the owners in the sanctuary of calm and beauty within the bustle of Banaras. Highly recommended and worth a visit! There are lovely books from some of the most esteemed photographers working today and other items for sale, too.","Jan 2015 • Friends","","","","2024-03-22T08:48:43Z"
"Kriti Gallery","Varanasi Uttar Pradesh","g297685","d2626746","5.0","https://www.tripadvisor.com/ShowUserReviews-g297685-d2626746-r250292856-Kriti_Gallery-Varanasi_Varanasi_District_Uttar_Pradesh.html","https://dynamic-media-cdn.tripadvisor.com/media/photo-o/07/3a/a9/81/arisaabstory.jpg?w=100&h=-1&s=1","5.0 of 5 bubbles","Contemporary art in Banaras",14,"Really surprised and pleased to find a contemporary art gallery like Kriti in a city like Varanasi, which is so steeped in tradition and history.  The recent show of photographs by Fazal Sheikh was powerful and haunting. The gallery program is photography-focused, but there is also a small side gallery which has publications and objects made by artisans around India (such as cashmere, ceramics, and fragrance).  Currently they have a great collection of pottery by ceramicist Lipi Biswas. The space is also great - despite being on a busy road, it is enclosed by a lovely garden giving it a very peaceful feel.","Jan 2015 • Friends","","","","2024-03-22T08:48:43Z"
"Kriti Gallery","Varanasi Uttar Pradesh","g297685","d2626746","5.0","https://www.tripadvisor.com/ShowUserReviews-g297685-d2626746-r248941385-Kriti_Gallery-Varanasi_Varanasi_District_Uttar_Pradesh.html","https://dynamic-media-cdn.tripadvisor.com/media/photo-o/1a/f6/ee/68/default-avatar-2020-9.jpg?w=100&h=-1&s=1","5.0 of 5 bubbles","Perfect home base!",0,"My partner an I had an amazing time a Kriti. We had a residency for the month of December. The staff are amazing! Excellent food and even better connections to the Varanasi community.We were able to produce our project very effectively. And everyone, residence and staff, were amazing to talk to and very nice.And the gallery itself was inspiring!","Dec 2014","","","","2024-03-22T08:48:43Z"
"Kriti Gallery","Varanasi Uttar Pradesh","g297685","d2626746","5.0","https://www.tripadvisor.com/ShowUserReviews-g297685-d2626746-r242198131-Kriti_Gallery-Varanasi_Varanasi_District_Uttar_Pradesh.html","https://dynamic-media-cdn.tripadvisor.com/media/photo-o/1a/f6/f2/eb/default-avatar-2020-27.jpg?w=100&h=-1&s=1","5.0 of 5 bubbles","Art gallery worth visiting in Varanasi!",2,"If you are travelling through Varanasi and have an interest in art I would jump on a quick rickshaw to Mahmoor Ganj and stop by Kriti Gallery. It is a beautiful space, surrounded by nature and a quiet escape from the busy streets. The art on display is carefully selected by the owners who care to showcase a range of contemporary artists from all over the world. You are also able to see previous works that have exhibited at the gallery through books and postcards available and also sculptures that are embedded in the gallery itself. I would definitely recommend a visit to Kriti and there are lots of events and exhibition openings that happen regularly so check out the facebook page to see if there's anything occurring while you're in town!","Nov 2014 • Solo","","","","2024-03-22T08:48:43Z"
"Kriti Gallery","Varanasi Uttar Pradesh","g297685","d2626746","5.0","https://www.tripadvisor.com/ShowUserReviews-g297685-d2626746-r241191724-Kriti_Gallery-Varanasi_Varanasi_District_Uttar_Pradesh.html","https://dynamic-media-cdn.tripadvisor.com/media/photo-o/1a/f6/df/2b/default-avatar-2020-39.jpg?w=100&h=-1&s=1","5.0 of 5 bubbles","Beautiful Art Gallery and Space for Creation in Varanasi",11,"Kriti Gallery is a sacred space in a sacred city. The couple, Navneet and Petra, who run the gallery promoting contemporary art and supporting a wide variety of international artists in India, are visionaries and have so much knowledge regarding the city. They have housed sculptors, dancers, painters, photographers and more. As a dancer, there is ample space on site to move and delve into creating solo or group choreographic works. Living with them feels like home and they are always willing to help you make great connections in the city regarding anything you could think of. Both Petra and Navneet are very knowledgable about the city of Varanasi, which can sometimes feel like a maze. They can help you locate anything you could need or want to buy. One of my favorite mornings here was walking through the city and learning things I could have never discovered on my own such as information regarding historic temples, mosques, the best (and safest) places to eat, and more. The meals provided for artists in residence are amazing, seriously some of the best food I have eaten in Varanasi (!) and you know it is prepared well and with loving hands. They are great resources, but most importantly they are great people who will become and help you make life long friends. Kriti gallery is a space for artistic exchange and true dialogue.","Nov 2014 • Solo","","","","2024-03-22T08:48:43Z"
"Kriti Gallery","Varanasi Uttar Pradesh","g297685","d2626746","5.0","https://www.tripadvisor.com/ShowUserReviews-g297685-d2626746-r240547332-Kriti_Gallery-Varanasi_Varanasi_District_Uttar_Pradesh.html","https://dynamic-media-cdn.tripadvisor.com/media/photo-o/1a/f6/e7/99/default-avatar-2020-57.jpg?w=100&h=-1&s=1","4.0 of 5 bubbles","Fazal Sheikh at Kriti gallery",0,"A few days ago i visited the show of the photographer Fazal Sheikh at Kriti gallery, didn't expect to see works of such an artist in Varanasi, there where plenty of his books displayed along with a Varanasi-related series of photographs. The books put the show in an understandable context, especially for people who see his works for the first time.....","Nov 2014 • Solo","","","","2024-03-22T08:48:43Z"
"Kriti Gallery","Varanasi Uttar Pradesh","g297685","d2626746","5.0","https://www.tripadvisor.com/ShowUserReviews-g297685-d2626746-r240347706-Kriti_Gallery-Varanasi_Varanasi_District_Uttar_Pradesh.html","https://dynamic-media-cdn.tripadvisor.com/media/photo-o/1a/f6/eb/6d/default-avatar-2020-19.jpg?w=100&h=-1&s=1","5.0 of 5 bubbles","A place for space and thought in Varanasi",2,"Varanasi is one of the oldest cities in the world but Navneet Raman’s vision of promoting contemporary art in India, creating a space for artistic exchange and cultural interaction, keeps pace with contemporaneity  -often preceding it. Kriti Gallery has become an exponent of very interesting and diverse forms of contemporary art  working with painting, mixed medias and especially photography. Great photographers like Dayanita Singh and Fazal Sheikh have exhibited at Kriti Gallery and if you are in Varanasi I strongly recommend to visit Fazal Sheikh's exhibition Ether, which will be on at Kriti Gallery until January 9, 2015. New layers of inspiration come from visiting a gallery such as Kriti..","Nov 2014 • Solo","","","","2024-03-22T08:48:43Z"
"Kriti Gallery","Varanasi Uttar Pradesh","g297685","d2626746","5.0","https://www.tripadvisor.com/ShowUserReviews-g297685-d2626746-r236670472-Kriti_Gallery-Varanasi_Varanasi_District_Uttar_Pradesh.html","https://dynamic-media-cdn.tripadvisor.com/media/photo-o/1a/f6/e2/4a/default-avatar-2020-42.jpg?w=100&h=-1&s=1","5.0 of 5 bubbles","Beautiful Gallery",0,"If you are in Varanasi and you want a bit of piece and quiet, this is a beautiful place to get some. Amazing art work and people...Worth a visit!","Oct 2014 • Friends","","","","2024-03-22T08:48:43Z"
"Kriti Gallery","Varanasi Uttar Pradesh","g297685","d2626746","5.0","https://www.tripadvisor.com/ShowUserReviews-g297685-d2626746-r204428586-Kriti_Gallery-Varanasi_Varanasi_District_Uttar_Pradesh.html","https://dynamic-media-cdn.tripadvisor.com/media/photo-o/1a/f6/f3/e4/default-avatar-2020-30.jpg?w=100&h=-1&s=1","5.0 of 5 bubbles","Varanasi's wonders",0,"Among which one should not miss this art gallery. It is the concretisation of a dream that had an audacious couple.  The dream of having, in the heart of such a special city, a warm house for artists from the world who came here to feel India at her most intense moment, a place of exposition to further spread out indian artist's voices and a very beautiful garden.","Apr 2014 • Couples","","","","2024-03-22T08:48:43Z"
"Kriti Gallery","Varanasi Uttar Pradesh","g297685","d2626746","5.0","https://www.tripadvisor.com/ShowUserReviews-g297685-d2626746-r199267683-Kriti_Gallery-Varanasi_Varanasi_District_Uttar_Pradesh.html","https://dynamic-media-cdn.tripadvisor.com/media/photo-o/1a/f6/df/99/default-avatar-2020-40.jpg?w=100&h=-1&s=1","5.0 of 5 bubbles","At home with Shiva",0,"I was pleased to discover that everything that my husband and I hoped for was surpassed by our experience at Kriti Gallery residence. Out of a four month journey through India, our one month as artists in residence  at Kriti was the highlight for me. The grounds, the accommodations, the food, great conversation with artists and writers and the intellectual stimulation added to the magic of Varanasi. The city itself can be overwhelming and intense, but our hosts were most helpful in orienting us and finding ways to solve myriad problems that travelers in India encounter. Everything from studio furniture, wifi, good books, transportation, tips on where to buy almost ANYTHING. Our activities included an historic morning walk from the Krishnamurti grounds to sacred Sarnath, following in the Buddha's footsteps, a trip to a traditional brocade weevers shop, a temple walk through the winding alleyways to view hidden shrines, a concert of sublime dhrupad vocal music, trips to the Harmony  bookstore (best in India as far as I have seen). Our host, a native Varanasian, made the stories of Shiva clearly accessible to me, a most welcome gift, since the mythology is mind-boggling and complicated. It was in the context of Varanasi that I began to understand the connections between the vast history of India and contemporary religious practice there. This was possible, thanks to the well organized, intelligent and highly educated hosts. Don't get me wrong, they are a blast to be around as well.My studio time at Kriti was highly productive. I was in solitude when I wanted to be, other residence were  available to chat and swap stories with. Especially at mealtime, after we were finished praising the wonderful dishes prepared for lunch and dinner, there were always  Varanasi stories to swap, and not just the typical India stories. Everyone brought something interesting to the table.All in all, it was a fantastic month, an oasis in Varanasi that we hoped for. I intend to return to Kriti when next in India.","Feb 2014 • Business","","","","2024-03-22T08:48:44Z"
"Kriti Gallery","Varanasi Uttar Pradesh","g297685","d2626746","5.0","https://www.tripadvisor.com/ShowUserReviews-g297685-d2626746-r198241788-Kriti_Gallery-Varanasi_Varanasi_District_Uttar_Pradesh.html","https://dynamic-media-cdn.tripadvisor.com/media/photo-o/1a/f6/ea/74/default-avatar-2020-68.jpg?w=100&h=-1&s=1","5.0 of 5 bubbles","An amazing place in an amazing city",18,"You do not expect a gallery of modern art in a city with all the traditions that you can see in Varanasi. It is a wonderful and quiet place within this busy and breath-taking city. The quality of the exposition we have seen this time was on a high level. It is a must for lovers of modern art.","Feb 2014 • Friends","","","","2024-03-22T08:48:44Z"
"Kriti Gallery","Varanasi Uttar Pradesh","g297685","d2626746","5.0","https://www.tripadvisor.com/ShowUserReviews-g297685-d2626746-r197672312-Kriti_Gallery-Varanasi_Varanasi_District_Uttar_Pradesh.html","https://dynamic-media-cdn.tripadvisor.com/media/photo-o/1a/f6/e7/99/default-avatar-2020-57.jpg?w=100&h=-1&s=1","5.0 of 5 bubbles","Cultural Hub in Benares",19,"We loved our time visiting Kriti.  The gallery is run by Petra, a native German, and Navneet, a native to the very property on which Kriti is built.  The two run what has truly become a cultural hub for an international art scene based in Benares.  While there, we had the privilege of a personal tour with Petra, who was informed, engaged, and passionate about the work; she gave us a great walk through of the photography exhibition of Dayanita Singh.  There's a sweet little shop adjacent the gallery space where Petra and Navneet have some work for sale by the artists they represent, as well as some really choice goods from their personal travels around India. The couple also run wonderful heritage walks in and around Benares.  Navneet, having grown up in Varanasi, has a wealth of knowledge about the history of the city, and its many hidden gems.  The best part is, they will take you to the best shops for treats and treasures --- none of the tourist nonsense.  We came as strangers and we left as friends.  Already excited to visit again!","Mar 2014 • Couples","","","","2024-03-22T08:48:44Z"
"Kriti Gallery","Varanasi Uttar Pradesh","g297685","d2626746","5.0","https://www.tripadvisor.com/ShowUserReviews-g297685-d2626746-r197558101-Kriti_Gallery-Varanasi_Varanasi_District_Uttar_Pradesh.html","https://dynamic-media-cdn.tripadvisor.com/media/photo-o/1a/f6/ef/73/default-avatar-2020-13.jpg?w=100&h=-1&s=1","5.0 of 5 bubbles","Beautiful Gallery",8,"I highly recommend you to visit this gallery in Varanasi. The exhibitions are always of high quality and the gallery with its garden is a place of beauty, peace and quiet in the busy city.Hurry to visit the present exhibition ""File Room"" by Dayanita Singh; incredible photos by an excellent photographer.","Mar 2014 • Friends","","","","2024-03-22T08:48:44Z"
"Kriti Gallery","Varanasi Uttar Pradesh","g297685","d2626746","5.0","https://www.tripadvisor.com/ShowUserReviews-g297685-d2626746-r164111482-Kriti_Gallery-Varanasi_Varanasi_District_Uttar_Pradesh.html","https://dynamic-media-cdn.tripadvisor.com/media/photo-o/1a/f6/f1/42/default-avatar-2020-20.jpg?w=100&h=-1&s=1","5.0 of 5 bubbles","Wonderful Respite and Cultural Resource",0,"Kriti Gallery is one of Banaras' most important cultural resources. The founders are committed to preserving and enriching the culture of the city while providing artists' residencies at a beautiful, restful location. I was part of a student group show and my time there was wonderful, thanks to warm hosts Navneet and Petra.","Jan 2013 • Business","","","","2024-03-22T08:48:44Z"
"Kriti Gallery","Varanasi Uttar Pradesh","g297685","d2626746","5.0","https://www.tripadvisor.com/ShowUserReviews-g297685-d2626746-r162978523-Kriti_Gallery-Varanasi_Varanasi_District_Uttar_Pradesh.html","https://dynamic-media-cdn.tripadvisor.com/media/photo-o/1a/f6/ec/a2/default-avatar-2020-3.jpg?w=100&h=-1&s=1","5.0 of 5 bubbles","An ABSOLUTE ""MUST SEE"" if you are interested in ART!",0,"If you have a real interest in art then you must pay a visit to Kriti Gallery.  The folks at Kriti Gallery have opened up a space in the Varanasi community for stimulating art and art conversations.Along with a wild range of diverse exhibitions in their gallery they also host artists from around the world in their residency program. I feel like Kriti Gallery's gift ( by being an encouraging community art space) is its ability to allow an inquiry about art in the Western World and art created in India and how they are alike and different and............. I love that they show a whole range of artists' work.  Both directors are engaging and really great to talk with if you get the opportunity to do so.Highly recommend a first-hand experience!Max USA","Feb 2013 • Solo","","","","2024-03-22T08:48:44Z"
"Kriti Gallery","Varanasi Uttar Pradesh","g297685","d2626746","5.0","https://www.tripadvisor.com/ShowUserReviews-g297685-d2626746-r158992997-Kriti_Gallery-Varanasi_Varanasi_District_Uttar_Pradesh.html","https://dynamic-media-cdn.tripadvisor.com/media/photo-o/1a/f6/e8/91/default-avatar-2020-62.jpg?w=100&h=-1&s=1","5.0 of 5 bubbles","Super Place",6,"Kriti Gallery is a tranquil, elegant  establishment. The residency is peaceful, clean, and aesthetically pleasing while the proprietors, Petra and Navneet, and welcoming, supportive and great company. The combination makes for a heady atmosphere great for a productive stay in Varanasi. Oh, and the food is fantastic.","Apr 2013 • Business","","","","2024-03-22T08:48:44Z"
"Kriti Gallery","Varanasi Uttar Pradesh","g297685","d2626746","5.0","https://www.tripadvisor.com/ShowUserReviews-g297685-d2626746-r153828985-Kriti_Gallery-Varanasi_Varanasi_District_Uttar_Pradesh.html","https://dynamic-media-cdn.tripadvisor.com/media/photo-o/1a/f6/f0/9f/default-avatar-2020-16.jpg?w=100&h=-1&s=1","5.0 of 5 bubbles","Beautiful!",0,"Kriti Gallery is not only a beautiful space, it's a place to meet new friends and discuss new ideas. Navneet and Petra have created a program to benefit the Varanasi community at large, local artist, students, and the international community. They are creative visionaries and their gallery and artist and residency program attracts talent from all over the world. I had a fantastic time at Kriti Gallery and recommend everyone who visits Varanasi to visit Kriti.","Feb 2013 • Friends","","","","2024-03-22T08:48:44Z"
"Kriti Gallery","Varanasi Uttar Pradesh","g297685","d2626746","5.0","https://www.tripadvisor.com/ShowUserReviews-g297685-d2626746-r150785004-Kriti_Gallery-Varanasi_Varanasi_District_Uttar_Pradesh.html","https://dynamic-media-cdn.tripadvisor.com/media/photo-o/1a/f6/eb/e3/default-avatar-2020-59.jpg?w=100&h=-1&s=1","5.0 of 5 bubbles","I want to go to there (again).",0,"Stepping into this walled garden of bliss from the excitement of Varanassi is an experience not to be missed. Wonderful art, artists and more than amazing people await. Do not let this wonder escape your ""to do"" list while visiting India. I cannot wait for my own return!","Jan 2013 • Friends","","","","2024-03-22T08:48:44Z"
"Kriti Gallery","Varanasi Uttar Pradesh","g297685","d2626746","5.0","https://www.tripadvisor.com/ShowUserReviews-g297685-d2626746-r150740281-Kriti_Gallery-Varanasi_Varanasi_District_Uttar_Pradesh.html","https://dynamic-media-cdn.tripadvisor.com/media/photo-o/1a/f6/f2/eb/default-avatar-2020-27.jpg?w=100&h=-1&s=1","5.0 of 5 bubbles","Fantastic.",0,"Just got back from a fantastic stay in Varanasi and a fantastic time at the Kriti Gallery - a beautiful space with a great atmosphere. Kriti really is an oasis in the city of Varanasi. Kriti could occupy you for an afternoon, a day or even months if you apply for a stay in one of the artist residencies on the property. The grounds are beautiful and serene and sparkling clean. Inside the gallery, white walls stand in stark contrast to the hustle and bustle of the surrounding city but the art displayed and made within rings of something uniquely Indian. If you're lucky enough to run into Navneet Raman or Petra Manefeld on campus you'll be both enthusiastically welcomed and immediately drawn into wonderful conversations about art and craft and India. The only negative being that Navneet will most likely force innumerable amounts of delectable Indian street food on you. You will happily overeat.A perfect place to make or appreciate art in the heart of Varanasi, Kriti is fantastic and probably just a tuk-tuk ride away. Stop by!","Jan 2013 • Friends","","","","2024-03-22T08:48:44Z"
"Kriti Gallery","Varanasi Uttar Pradesh","g297685","d2626746","5.0","https://www.tripadvisor.com/ShowUserReviews-g297685-d2626746-r150651600-Kriti_Gallery-Varanasi_Varanasi_District_Uttar_Pradesh.html","https://dynamic-media-cdn.tripadvisor.com/media/photo-o/1a/f6/ef/73/default-avatar-2020-13.jpg?w=100&h=-1&s=1","5.0 of 5 bubbles","A peaceful, welcoming place to make and see art in a vibrant city.",2,"I had the amazing opportunity to exhibit my work at Kriti Gallery this month as part of a group of students from the School of the Art Institute of Chicago that was visiting India. Navneet and Petra gave us so much support in putting together a one-night show in the space of only a few days, allowing us to use the gallery and beautiful grounds as a temporary studio. The campus is a peaceful retreat from the overwhelming activity of the city, yet extremely close and accessible. The opening was very well attended despite there having just been a big storm, and no doubt this is thanks to Navneet and Petra's regular loyal audience and personal contacts in Banaras. Our group was also incredibly fortunate to have Navneet accompany us on our entire trip, which meant getting access to his cultural network in several other cities as well, which was invaluable to our experience. I look forward to returning to Kriti next time I visit Banaras - I imagine doing a residency must be wonderful.","Jan 2013 • Friends","","","","2024-03-22T08:48:46Z"
"Kriti Gallery","Varanasi Uttar Pradesh","g297685","d2626746","5.0","https://www.tripadvisor.com/ShowUserReviews-g297685-d2626746-r150361130-Kriti_Gallery-Varanasi_Varanasi_District_Uttar_Pradesh.html","https://dynamic-media-cdn.tripadvisor.com/media/photo-o/03/5d/ec/91/ameliacharter.jpg?w=100&h=-1&s=1","5.0 of 5 bubbles","A Rare and Critical Place",2,"Kriti Gallery, owner Navneet Raman, Petra Manefled and staff provide not only a supportive and creative environment, but are generous hosts that cater to each individuals need with patience, efficacy, and grace. In participation with a study-abroad experience with the School of the Art Institute of Chicago, a group of undergraduate and graduate students had an exhibit at the Kriti Gallery. I am a Performance MFA candidate and had the incredible opportunity to present a new performance work at Kriti the evening of our art event. The event was received well and attended by community members from all over who were eager to speak with artists afterwards and learn more about the gallery. Kriti Gallery is a place providing international cultural exchange, contemporary dialogue within multiple disciplines, and holds reverence for exceptional craft. A rare and must see place whether you are seeking artist residency, artistic exchange, insightful conversation, or community enrichment.","Jan 2013 • Friends","","","","2024-03-22T08:48:46Z"
"Kriti Gallery","Varanasi Uttar Pradesh","g297685","d2626746","5.0","https://www.tripadvisor.com/ShowUserReviews-g297685-d2626746-r148850721-Kriti_Gallery-Varanasi_Varanasi_District_Uttar_Pradesh.html","https://dynamic-media-cdn.tripadvisor.com/media/photo-o/03/4a/82/b3/malu-a.jpg?w=100&h=-1&s=1","5.0 of 5 bubbles","Kriti is a gem in India, an inspring place!",0,"Kriti gallery is such an inspiring place! Exhibition openings at the gallery bring an International crowd together - both local and foreign, who share an interest in art. The gallery promotes a strong sense of community, which is evident when you find a group of local young art students engaging with the work and interacting with viewers that range from visiting North American or European artists, to local experts on Banaras heritage, Literarutre and other fields. Introductions lead to people exchanging contact information with wishes to collaborate. This is what Kriti Gallery inspires - collaboration between people across the street from one other and around the world.Warm samosas (!) in the quiet garden are also a treat during winter exhibition nights and inspire conversation to flow and ideas to be exchanged beyond gallery walls.The unique Kriti environment is created by Navneet Raman and Petra Manefeld, who run Kriti's gallery and artist residency program. They are the most welcoming, enthusiastic hosts who open doors for you to be able to experience the best of local craft traditions, and who not only share India's wealth of art and culture with you, but also close friends who become your best memories of India. Navneet's happy personality and passion for art is contagious; his office is an open door and after each conversation you leave even more curious than before - anxious to discover more of India, with a deep desire to experience other parts of the world and your own home culture with the same interest, dedication and sprit.(Don't miss seeing the beautiful work of the Banaras weavers and West Bengal-based potter Lipi stocked in the gallery store - my favorite studio visits in India thanks to Kriti!)","Nov 2012 • Solo","","","","2024-03-22T08:48:46Z"
"Kriti Gallery","Varanasi Uttar Pradesh","g297685","d2626746","5.0","https://www.tripadvisor.com/ShowUserReviews-g297685-d2626746-r147260519-Kriti_Gallery-Varanasi_Varanasi_District_Uttar_Pradesh.html","https://dynamic-media-cdn.tripadvisor.com/media/photo-o/1a/f6/eb/a3/default-avatar-2020-38.jpg?w=100&h=-1&s=1","4.0 of 5 bubbles","Not only Eastern Art in Western-style gallery",0,"Kriti Gallery is a good place to go, if you have enough of the ghats and people who see you as a walking rupee. The beautifully clear and simple exhibitionroom of the gallery shows art from international (also Indian) artists, that mostly are inspired by India or Varanasi. The small garden around the gallery is lovely, too, with a little pond and some pieces of art, for example a wall painting near the entrance. The visit is worth it, not only to have a look at art but also the rikshaw- or tuc-tucride from the ghats to Mahmoor Ganj (which means Mahmoor market) is enjoyable as you see lively common streets with the little stalls and every-day-life-business.","Nov 2012 • Solo","","","","2024-03-22T08:48:46Z"
"Kriti Gallery","Varanasi Uttar Pradesh","g297685","d2626746","5.0","https://www.tripadvisor.com/ShowUserReviews-g297685-d2626746-r147042673-Kriti_Gallery-Varanasi_Varanasi_District_Uttar_Pradesh.html","https://dynamic-media-cdn.tripadvisor.com/media/photo-o/1a/f6/e4/2d/default-avatar-2020-48.jpg?w=100&h=-1&s=1","5.0 of 5 bubbles","A gem that binds an ancestral culture to today's society",12,"The Ganges and the ghats, the spirituality, the chaos: to visitors, Varanasi can be both enthralling and overwhelming. For the ones who wish to deepen their understanding of this incredible city and see it with a different eye, Kriti Gallery is a true gem. Navneet Raman, a Varanasi native devoted to not only preserving but promoting his city's riches, has managed to create an oasis of culture hidden in the bustling street of an old residential area. In this contemporary but unpretentious gallery, visitors cam admire works from Indian as well as foreign artists, ranging from photography to contemporary miniature engravings: for example, the powerful work of Indian girls and women by American photographer Fazal Sheikh, ""Ladli"", or miniature paintings by Rajasthani artist Rewa Shankar Sharma. There is also a small but great selection of items to bring home: scarves by the best weavers in the world, 19th century engravings or some of the works on show. Any questions will be answered with passion and knowledge by the gallery owners.In short: Kriti Gallery is a must-see, if only because it is a tour de force for it to exist and that in itself should be supported. A hint: to get there, if the driver doesn't know the address, tell him to go to Radio station: the gallery is on the other side of the road.","Nov 2012 • Solo","","","","2024-03-22T08:48:46Z"
"Kriti Gallery","Varanasi Uttar Pradesh","g297685","d2626746","5.0","https://www.tripadvisor.com/ShowUserReviews-g297685-d2626746-r146415116-Kriti_Gallery-Varanasi_Varanasi_District_Uttar_Pradesh.html","https://dynamic-media-cdn.tripadvisor.com/media/photo-o/1a/f6/f1/06/default-avatar-2020-18.jpg?w=100&h=-1&s=1","5.0 of 5 bubbles","Real art and innovation",0,"Kriti Gallery is an exceptional artist gallery and artist residency.  If you want an experience of India and her artistic guests then Kriti is the place to visit.  Kriti gallery is a well balanced fusion of international artists and the creativity and authenticity of Benaras/Varanasi.  Between the state of the art gallery and beautiful grounds, Kriti Gallery offers the very best of art and culture in the city. It is brimming with creative energy and is most worth the trip! Enjoy, it is impossible not too!","Nov 2012 • Solo","","","","2024-03-22T08:48:46Z"
"Kriti Gallery","Varanasi Uttar Pradesh","g297685","d2626746","5.0","https://www.tripadvisor.com/ShowUserReviews-g297685-d2626746-r128917613-Kriti_Gallery-Varanasi_Varanasi_District_Uttar_Pradesh.html","https://dynamic-media-cdn.tripadvisor.com/media/photo-s/02/72/48/b9/pawelwoj.jpg?w=100&h=-1&s=1","5.0 of 5 bubbles","For Contemporary Art Lovers, This Is THE Place in Varanasi",2,"How about a world-class contemporary art gallery in the midst of an ancient city! That is what Kriti Gallery is. Varanasi has always been an important cultural center and the gallery curators continue this tradition of excellence. They run a residency program  inviting artists, both Indian and international, to immerse themselves in the life and culture of Varanasi. Out of that experience outstanding works of art are created and exhibited in the gallery. Kriti gallery itself is an oasis of  peace in the midst of a chaotic city, it is sparse and elegant, an ideal place to view art.  A wonderful garden surrounds Kriti, further enhancing the visitor's aesthetic experience. The openings at the gallery are fun occasions, attracting a fascinating mix of artists, art-lovers and the cultural elite of Varanasi.","Apr 2012 • Solo","","","","2024-03-22T08:48:46Z"
"Kriti Gallery","Varanasi Uttar Pradesh","g297685","d2626746","5.0","https://www.tripadvisor.com/ShowUserReviews-g297685-d2626746-r128223168-Kriti_Gallery-Varanasi_Varanasi_District_Uttar_Pradesh.html","https://dynamic-media-cdn.tripadvisor.com/media/photo-f/01/2e/70/a6/avatar077.jpg?w=100&h=-1&s=1","5.0 of 5 bubbles","Contemporary intrigue in Varanasi",2,"The Kriti Gallery with an artist residency attached is a real contemporary phenomenon in this most renaissance of all Indian cities. Aside though from its contemporary art outlook, the directors of Kriti also have an alternative agenda to archive the history of the city and foster and maintain an interest in its cultural riches. Aside from an exciting exhibition program that ranges across most contemporary art media, the gallery also plays host to traditional music recitals.The directors also assist local artisans and artists in gaining commissions and opportunities both nationally and internationally. Kriti is a must visit while in Varanasi as it is a rare jewel in a city usually visited for its intriguing past. If you are lucky you may also be invited into one of the international artist studio residences to glimpse what they are researching and creating during their stay in Varanasi.","May 2011 • Solo","","","","2024-03-22T08:48:46Z"
"Kriti Gallery","Varanasi Uttar Pradesh","g297685","d2626746","5.0","https://www.tripadvisor.com/ShowUserReviews-g297685-d2626746-r127325333-Kriti_Gallery-Varanasi_Varanasi_District_Uttar_Pradesh.html","https://dynamic-media-cdn.tripadvisor.com/media/photo-o/1a/f6/f0/d5/default-avatar-2020-17.jpg?w=100&h=-1&s=1","5.0 of 5 bubbles","One of the most interesting and sophisticated contemporary galleries in India",0,"I have enjoyed my  visits to the Kriti Gallery and international artist residency several times over the past few years. Managed by Navneet Raman and Petra Menefeld, the gallery in a beautifully landscaped setting and hosts and international roster of emerging and established, as well as local, national and international artists. The gallery and artists residency is easy to locate a few klm away from the ghats at Raman Niwas, Raman's family homestead. The gallery receptions in the candlelit courtyard are always a pleasure to attend with interesting people to meet, a real crossroads of east and west.  It's an interesting sense of contrast to seeing some of the most cutting edge contemporary art in this ancient city. While many contemporary galleries in India exclusively feature  Indian art, Kriti has a nice balance of Indian and Western artists.","May 2011 • Friends","","","","2024-03-22T08:48:46Z"
"Kriti Gallery","Varanasi Uttar Pradesh","g297685","d2626746","5.0","https://www.tripadvisor.com/ShowUserReviews-g297685-d2626746-r127048256-Kriti_Gallery-Varanasi_Varanasi_District_Uttar_Pradesh.html","https://dynamic-media-cdn.tripadvisor.com/media/photo-o/1a/f6/f4/5d/default-avatar-2020-32.jpg?w=100&h=-1&s=1","5.0 of 5 bubbles","Don't leave Varanasi without a visit to Kriti Gallery!",2,"Kriti Gallery IS an oasis for art and culture in the center of Varanasi!   The gallery programming is international in scope, savvy, and balanced, while still managing to be responsive to the needs of the local community.   Navneet and Petra have deep interests both in contemporary art and the rich cultural and crafts traditions of Varanasi and India, and by championing the very best of these opposite poles, Kriti is a place where worlds and times collide in a magical way.And yes, the grounds and gardens are lovely, as are the owners.  Don't miss this gem if you are traveling to Varansi, and prepare to be surprised in the best way!","Jan 2012 • Solo","","","","2024-03-22T08:48:46Z"
"Kriti Gallery","Varanasi Uttar Pradesh","g297685","d2626746","5.0","https://www.tripadvisor.com/ShowUserReviews-g297685-d2626746-r126579271-Kriti_Gallery-Varanasi_Varanasi_District_Uttar_Pradesh.html","https://dynamic-media-cdn.tripadvisor.com/media/photo-o/1a/f6/e4/a9/default-avatar-2020-50.jpg?w=100&h=-1&s=1","5.0 of 5 bubbles","An Oasis for art and Culture in Banaras",31,"Just saw the opening of the beautiful show Lines of Ash at this beautiful Gallery housed among one of the few garden spaces in Banaras. The program there is most beautiful and it is one of Banaras's best kept secrets in the field of art. Was shocked at the list of shows and artists they have sow in the past and their plans for the future. They have a started the Banaras Visual Archives to visually document the city of Banaras.","Mar 2012 • Friends","","","","2024-03-22T08:48:47Z"
