"names","address","geo_id","hotel_id","rating","url","profile_image","review_score","review_heading","profile_contr","review_body","date_of_stay","company_responder","company_response","company_response_date","timestamp"
"Nepali Temple (Kathwala Temple)","Varanasi Uttar Pradesh","g297685","d2431881","4.5","https://www.tripadvisor.com/ShowUserReviews-g297685-d2431881-r936581967-Nepali_Temple_Kathwala_Temple-Varanasi_Varanasi_District_Uttar_Pradesh.html","https://dynamic-media-cdn.tripadvisor.com/media/photo-o/09/8f/88/c1/7nrg.jpg?w=100&h=-1&s=1","5.0 of 5 bubbles","A temple that stands out in Varanasi",971,"Built by Nepalese Shah king Rana Bahadur Shah, while he was sent in exile. This Nepali-style temple architecture is unique to the other temple architecture that you see around Varanasi so it stands out of them all. It is not to miss the temple, passing through a narrow passway.","Nov 2023 • Family","","","","2024-03-22T08:54:33Z"
"Nepali Temple (Kathwala Temple)","Varanasi Uttar Pradesh","g297685","d2431881","4.5","https://www.tripadvisor.com/ShowUserReviews-g297685-d2431881-r876355878-Nepali_Temple_Kathwala_Temple-Varanasi_Varanasi_District_Uttar_Pradesh.html","https://dynamic-media-cdn.tripadvisor.com/media/photo-o/1a/f6/e5/66/default-avatar-2020-53.jpg?w=100&h=-1&s=1","5.0 of 5 bubbles","Beautiful architecture",947,"This is a beautiful temple on the ghats of Varanasi. The architecture is similar to the temple in Kathmandu. There are a lot of monkeys.","Jan 2023 • Friends","","","","2024-03-22T08:54:33Z"
"Nepali Temple (Kathwala Temple)","Varanasi Uttar Pradesh","g297685","d2431881","4.5","https://www.tripadvisor.com/ShowUserReviews-g297685-d2431881-r751250055-Nepali_Temple_Kathwala_Temple-Varanasi_Varanasi_District_Uttar_Pradesh.html","https://dynamic-media-cdn.tripadvisor.com/media/photo-o/1a/f6/f1/b8/default-avatar-2020-22.jpg?w=100&h=-1&s=1","4.0 of 5 bubbles","take 2 rounds around the shrine",110,"near the Manikarina ghat, you cannot miss this nice little temple once built by a Nepali prince. in the building nearby several old men/women living their last days near to Ganges and awaiting their time to be cremated on the shore...","Feb 2020","","","","2024-03-22T08:54:33Z"
"Nepali Temple (Kathwala Temple)","Varanasi Uttar Pradesh","g297685","d2431881","4.5","https://www.tripadvisor.com/ShowUserReviews-g297685-d2431881-r737217027-Nepali_Temple_Kathwala_Temple-Varanasi_Varanasi_District_Uttar_Pradesh.html","https://dynamic-media-cdn.tripadvisor.com/media/photo-o/0f/e5/89/22/macedonboy.jpg?w=100&h=-1&s=1","4.0 of 5 bubbles","Distinctive looking Shiva temple",704,"The Nepali Temple is a Hindu temple dedicated to Shiva. The architecture of the building stands in contrast to the buildings and other temples nearby and in Varanasi. The building is distinctly Nepalese/Oriental in style, more so in the basic Pagoda look. Inside, there’s a single room sanctum. There are upper levels, but it didn’t look like it was possible to climb up. The building also stands out for the terracotta building material which again gives it distinctive colouration. The temple is located close to Lalita Ghat, which is another popular site in Varanasi, so it’s worth combining a visit to both.Plus one for it’s distinctive look.","Jan 2020","","","","2024-03-22T08:54:33Z"
"Nepali Temple (Kathwala Temple)","Varanasi Uttar Pradesh","g297685","d2431881","4.5","https://www.tripadvisor.com/ShowUserReviews-g297685-d2431881-r725943459-Nepali_Temple_Kathwala_Temple-Varanasi_Varanasi_District_Uttar_Pradesh.html","https://dynamic-media-cdn.tripadvisor.com/media/photo-o/17/8a/ba/5a/brun066.jpg?w=100&h=-1&s=1","4.0 of 5 bubbles","Who doesn't know the Nepal architecture, here can get some idea",587,"We visited this temple during a guided hike through the northern ghats in Varanasi.The hike took place on foot because in the height of the monsoon season (we were in Varanasi in August) the high level of the Ganges water prevents from visiting the ghats by sailing on the river, therefore navigation is closed by authority.Arriving at this temple from the ground therefore implies the - not pleasant - crossing of a part of the urban fabric affected at this time by extensive demolitions, in order to expand the space for religious meetings, processions, etc. close to the Ganges.The arrival at the Kathwala (ie, ""wooden"") Temple is much more pleasant, an oasis of peace, silence and relative cleanliness.The temple stands at the top of the Lalita Ghat, but we didn't see anything of the staircase, precisely because of the high water. On the right of the facade of the temple stands a Ficus religiosa; on the left, a ""dharamshala"" featuiring a similar Naplese style.Who doesn't know Nepal (like us) will be able at least to positively evaluate the fact that it is possible to admire this specimen of Kathmandu in Varanasi: to appreciate for example the very refined fretwork windows of the temple; the sculpted figurines that adorn it, and which have earned the monument the title of ""small Khajuraho""; on the whole, the beautiful contrast between the red brick and the black colours, which make the temple's layout so typical.","Aug 2019","","","","2024-03-22T08:54:33Z"
"Nepali Temple (Kathwala Temple)","Varanasi Uttar Pradesh","g297685","d2431881","4.5","https://www.tripadvisor.com/ShowUserReviews-g297685-d2431881-r704230221-Nepali_Temple_Kathwala_Temple-Varanasi_Varanasi_District_Uttar_Pradesh.html","https://dynamic-media-cdn.tripadvisor.com/media/photo-o/15/9c/87/83/soumyajitsaha.jpg?w=100&h=-1&s=1","4.0 of 5 bubbles","Nepali Temple",399,"Nepali Temple is located in Varanasi. It is a beautiful temple to look at.. Wonderful marvel piece of art.","May 2019 • Solo","","","","2024-03-22T08:54:33Z"
"Nepali Temple (Kathwala Temple)","Varanasi Uttar Pradesh","g297685","d2431881","4.5","https://www.tripadvisor.com/ShowUserReviews-g297685-d2431881-r647585601-Nepali_Temple_Kathwala_Temple-Varanasi_Varanasi_District_Uttar_Pradesh.html","https://dynamic-media-cdn.tripadvisor.com/media/photo-o/1a/f6/de/0a/default-avatar-2020-35.jpg?w=100&h=-1&s=1","5.0 of 5 bubbles","Lord Pashupatinath Temple",61,"Nepali style Lord Pashupatinath temple.Wooden structure, on the second floor different poses of Kamasutra is depicted.Old structure, some more care is required to save the architectural value of this great temple.","Dec 2018 • Family","","","","2024-03-22T08:54:33Z"
"Nepali Temple (Kathwala Temple)","Varanasi Uttar Pradesh","g297685","d2431881","4.5","https://www.tripadvisor.com/ShowUserReviews-g297685-d2431881-r646937646-Nepali_Temple_Kathwala_Temple-Varanasi_Varanasi_District_Uttar_Pradesh.html","https://dynamic-media-cdn.tripadvisor.com/media/photo-o/11/e8/01/ab/vijay-amrit-raj-v.jpg?w=100&h=-1&s=1","5.0 of 5 bubbles","Unique!",550,"A different culture and epic architecture of Temple will sure steal your heart.I went with my family over here.peace Environment, Beautiful monument and colorful temple were incredible.","Dec 2018 • Family","","","","2024-03-22T08:54:33Z"
"Nepali Temple (Kathwala Temple)","Varanasi Uttar Pradesh","g297685","d2431881","4.5","https://www.tripadvisor.com/ShowUserReviews-g297685-d2431881-r637372612-Nepali_Temple_Kathwala_Temple-Varanasi_Varanasi_District_Uttar_Pradesh.html","https://dynamic-media-cdn.tripadvisor.com/media/photo-o/1a/f6/e9/bb/default-avatar-2020-65.jpg?w=100&h=-1&s=1","4.0 of 5 bubbles","A Tibetan place in Benares",14,"A peaceful and interesting place situated in a perfect spot to admire the Ganga River. It's worth at least a visit!","Feb 2018 • Solo","","","","2024-03-22T08:54:33Z"
"Nepali Temple (Kathwala Temple)","Varanasi Uttar Pradesh","g297685","d2431881","4.5","https://www.tripadvisor.com/ShowUserReviews-g297685-d2431881-r610357641-Nepali_Temple_Kathwala_Temple-Varanasi_Varanasi_District_Uttar_Pradesh.html","https://dynamic-media-cdn.tripadvisor.com/media/photo-o/1a/f6/e9/bb/default-avatar-2020-65.jpg?w=100&h=-1&s=1","5.0 of 5 bubbles","Temple of Kathmandu",479,"The main deity is lord shiva worshipped as lord pasupathinath in lingam form. Temple is believed to be the similar  at Kathmandu in Nepal. This is one of the must visit temple of kasi","Nov 2017","","","","2024-03-22T08:54:33Z"
"Nepali Temple (Kathwala Temple)","Varanasi Uttar Pradesh","g297685","d2431881","4.5","https://www.tripadvisor.com/ShowUserReviews-g297685-d2431881-r599448965-Nepali_Temple_Kathwala_Temple-Varanasi_Varanasi_District_Uttar_Pradesh.html","https://dynamic-media-cdn.tripadvisor.com/media/photo-o/1c/7c/bf/8e/globetrottersrilekha.jpg?w=100&h=-1&s=1","5.0 of 5 bubbles","Glimpse of Nepal In Varanasi",38,"The Nepali Temple on Lalita Ghat is a glimpse to the spiritual Nepal. This is my first visit to this place. It just takes you away from Varanasi and kind of transports us to the Himalayan Kingdom,","Jul 2018 • Business","","","","2024-03-22T08:54:34Z"
"Nepali Temple (Kathwala Temple)","Varanasi Uttar Pradesh","g297685","d2431881","4.5","https://www.tripadvisor.com/ShowUserReviews-g297685-d2431881-r595107913-Nepali_Temple_Kathwala_Temple-Varanasi_Varanasi_District_Uttar_Pradesh.html","https://dynamic-media-cdn.tripadvisor.com/media/photo-o/2a/4d/65/82/ganesh-k.jpg?w=100&h=-1&s=1","3.0 of 5 bubbles","Nepali Style temple in Varanasi",560,"This was different from the normal temple which you see in Varanasi. Wooden and near to ghat. Good temple for photography or to see Nepali architecture without going to Nepal.","May 2018 • Family","","","","2024-03-22T08:54:34Z"
"Nepali Temple (Kathwala Temple)","Varanasi Uttar Pradesh","g297685","d2431881","4.5","https://www.tripadvisor.com/ShowUserReviews-g297685-d2431881-r593304278-Nepali_Temple_Kathwala_Temple-Varanasi_Varanasi_District_Uttar_Pradesh.html","https://dynamic-media-cdn.tripadvisor.com/media/photo-o/16/94/86/41/caption.jpg?w=100&h=-1&s=1","4.0 of 5 bubbles","Beautiful temple, such incredible wood detailing",454,"So we were told this was the Kama Sutra temple so be warned if you take small children. It's not horribly noticeable except in the woodwork in the cages. The temple is beautiful with so many intricate details. It has the urn that drips water from the Ganges river all day. There is a fee of 50INR for foreigners only","Jun 2018 • Family","","","","2024-03-22T08:54:34Z"
"Nepali Temple (Kathwala Temple)","Varanasi Uttar Pradesh","g297685","d2431881","4.5","https://www.tripadvisor.com/ShowUserReviews-g297685-d2431881-r581327752-Nepali_Temple_Kathwala_Temple-Varanasi_Varanasi_District_Uttar_Pradesh.html","https://dynamic-media-cdn.tripadvisor.com/media/photo-o/12/ac/2a/aa/doreen-c.jpg?w=100&h=-1&s=1","5.0 of 5 bubbles","Peacful",16,"Varanasi is a place where all your feelings will arise, it can be a little overwhelming but if you want to attain peace of mind in a PEACEFUL QUIET PLACE I recommend this sanctuary","Mar 2018 • Family","","","","2024-03-22T08:54:34Z"
"Nepali Temple (Kathwala Temple)","Varanasi Uttar Pradesh","g297685","d2431881","4.5","https://www.tripadvisor.com/ShowUserReviews-g297685-d2431881-r566996686-Nepali_Temple_Kathwala_Temple-Varanasi_Varanasi_District_Uttar_Pradesh.html","https://dynamic-media-cdn.tripadvisor.com/media/photo-o/1a/f6/de/0a/default-avatar-2020-35.jpg?w=100&h=-1&s=1","5.0 of 5 bubbles","Shiv Liggam in Nepali Architecture",24,"God presents with flowers and decorations.Only lord shiva present here.Entrance is very small only one person can go at a time.","Nov 2017 • Family","","","","2024-03-22T08:54:34Z"
"Nepali Temple (Kathwala Temple)","Varanasi Uttar Pradesh","g297685","d2431881","4.5","https://www.tripadvisor.com/ShowUserReviews-g297685-d2431881-r566796661-Nepali_Temple_Kathwala_Temple-Varanasi_Varanasi_District_Uttar_Pradesh.html","https://dynamic-media-cdn.tripadvisor.com/media/photo-s/01/b9/30/e7/pilgrim-gsa.jpg?w=100&h=-1&s=1","4.0 of 5 bubbles","Old World Grandeur",237,"One of the most visited  ghats of Varanasi where many spend several hours just letting the scene sink in watching people come and those who are gone going to their last rituals nearby .The temple though reminds one of the Pashupati Nath of Kathmandu .Do visit  ..many sadhus sit here  to entrap foreigners into giving them notes for the holy poses given to those who can afford their photo ops >","Feb 2018 • Couples","","","","2024-03-22T08:54:34Z"
"Nepali Temple (Kathwala Temple)","Varanasi Uttar Pradesh","g297685","d2431881","4.5","https://www.tripadvisor.com/ShowUserReviews-g297685-d2431881-r565819606-Nepali_Temple_Kathwala_Temple-Varanasi_Varanasi_District_Uttar_Pradesh.html","https://dynamic-media-cdn.tripadvisor.com/media/photo-o/18/18/ed/b4/maria-m.jpg?w=100&h=-1&s=1","5.0 of 5 bubbles","Amazing",51,"I spent there almost an hour just siting inside and enjoying the atmosphere. The temple is beautiful and it's in a wonderful place near the river. You feel the peace as you come in.","Jul 2017 • Solo","","","","2024-03-22T08:54:34Z"
"Nepali Temple (Kathwala Temple)","Varanasi Uttar Pradesh","g297685","d2431881","4.5","https://www.tripadvisor.com/ShowUserReviews-g297685-d2431881-r564149982-Nepali_Temple_Kathwala_Temple-Varanasi_Varanasi_District_Uttar_Pradesh.html","https://dynamic-media-cdn.tripadvisor.com/media/photo-o/12/3c/bd/a0/samindracrp.jpg?w=100&h=-1&s=1","5.0 of 5 bubbles","A true replica of the Pashupati Mahadev Mandir ...",82,"This is a true replica of the Pashupati Temple, the only difference is that the Shiva Lingam is not with Five faces like in the original temple, worth a visit.","Nov 2017 • Couples","","","","2024-03-22T08:54:34Z"
"Nepali Temple (Kathwala Temple)","Varanasi Uttar Pradesh","g297685","d2431881","4.5","https://www.tripadvisor.com/ShowUserReviews-g297685-d2431881-r563291429-Nepali_Temple_Kathwala_Temple-Varanasi_Varanasi_District_Uttar_Pradesh.html","https://dynamic-media-cdn.tripadvisor.com/media/photo-o/1a/f6/e3/1f/default-avatar-2020-46.jpg?w=100&h=-1&s=1","4.0 of 5 bubbles","nepali style",99,"this temple has a unique nepali style of building which is diferent from other temples in the region","Jan 2018 • Family","","","","2024-03-22T08:54:34Z"
"Nepali Temple (Kathwala Temple)","Varanasi Uttar Pradesh","g297685","d2431881","4.5","https://www.tripadvisor.com/ShowUserReviews-g297685-d2431881-r551648267-Nepali_Temple_Kathwala_Temple-Varanasi_Varanasi_District_Uttar_Pradesh.html","https://dynamic-media-cdn.tripadvisor.com/media/photo-o/11/49/df/ae/lakshmikandappan.jpg?w=100&h=-1&s=1","5.0 of 5 bubbles","Replica of pasupathinath temple of Nepal",291,"This is a replica of pasupathinath temple of Nepal and so it is called Nepali temple.  the main deity islord siva in linga rubham with faces of Lord siva encarved on the 4 sides of the lingam as  pasupathinath. This is on the Nepali ghat in varanasi.","Nov 2017","","","","2024-03-22T08:54:34Z"
"Nepali Temple (Kathwala Temple)","Varanasi Uttar Pradesh","g297685","d2431881","4.5","https://www.tripadvisor.com/ShowUserReviews-g297685-d2431881-r544796199-Nepali_Temple_Kathwala_Temple-Varanasi_Varanasi_District_Uttar_Pradesh.html","https://dynamic-media-cdn.tripadvisor.com/media/photo-o/0b/1d/3d/7c/pradeep-d.jpg?w=100&h=-1&s=1","4.0 of 5 bubbles","A Hidden Gem",405,"This is off the beaten track and not for everyone. Yet, it is right on the Ganga just a hop, skip and jump from the hustle bustle. It may not be a jyortirlinga like the Vishwanath Temple, but it is equally powerful and a perfect place to sit and contemplate.","Dec 2017 • Solo","","","","2024-03-22T08:54:37Z"
"Nepali Temple (Kathwala Temple)","Varanasi Uttar Pradesh","g297685","d2431881","4.5","https://www.tripadvisor.com/ShowUserReviews-g297685-d2431881-r538067783-Nepali_Temple_Kathwala_Temple-Varanasi_Varanasi_District_Uttar_Pradesh.html","https://dynamic-media-cdn.tripadvisor.com/media/photo-f/01/2e/70/70/avatar053.jpg?w=100&h=-1&s=1","4.0 of 5 bubbles","Hidden Gem",10,"I belonged to Varanasi and I had never heard about this temple since my childhood. One day just browsing Trip Advisor, I found this temple and I suddenly decided  to visit in next afternoon. When I reached this temple which is located in the middle of Nepali Ghat and Lalita Ghat, I found some Hindu Pandits practicing their mantras, a sweeper cleaning the temple outside and some 2-3 photographers looking for the best angle to capture temple into their DSLR Cameras. I also setup my camera application in my Budget Mobile Phone and starting taking some pictures. After satisfactory front view photos, I started exploring temple-sides and I found some Kamas - Position sculptures that are sculpted on roof shed all around.It is very peaceful place and an hidden gem and a replica to the Pashupatinath Temple, Kathmadu, Nepal.","Nov 2017 • Friends","","","","2024-03-22T08:54:37Z"
"Nepali Temple (Kathwala Temple)","Varanasi Uttar Pradesh","g297685","d2431881","4.5","https://www.tripadvisor.com/ShowUserReviews-g297685-d2431881-r535554068-Nepali_Temple_Kathwala_Temple-Varanasi_Varanasi_District_Uttar_Pradesh.html","https://dynamic-media-cdn.tripadvisor.com/media/photo-o/05/b0/10/7f/renukamalaysia.jpg?w=100&h=-1&s=1","4.0 of 5 bubbles","Hidden Gem",284,"A beautiful Nepalese styled temple dedicated to Lord Shiva. Friendly young priest who spoke good English. Sadly, the museum adjacent to the temple was closed as it was Diwali.","Oct 2017 • Friends","","","","2024-03-22T08:54:37Z"
"Nepali Temple (Kathwala Temple)","Varanasi Uttar Pradesh","g297685","d2431881","4.5","https://www.tripadvisor.com/ShowUserReviews-g297685-d2431881-r529813757-Nepali_Temple_Kathwala_Temple-Varanasi_Varanasi_District_Uttar_Pradesh.html","https://dynamic-media-cdn.tripadvisor.com/media/photo-o/1a/f6/e9/60/default-avatar-2020-64.jpg?w=100&h=-1&s=1","4.0 of 5 bubbles","Quiet and serene ",163,"The walk from Kashi Vishwanath Temple to Nepali temple was wonderful. We got a wonderful glimpse of the local life in the narrow bylanes of the city. They charge a nominal fee from foreign tourists but Indians are exempt. Very simple yet magnificent temple managed by Nepali folks. The architecture is also quite unique. When we visited there it was very quiet. And we had very good darshan. After darshan, we hanged around there for sometime. The views of Ganga maa from the temple are amazing. Good place to be in while you are in Banaras. And this temple sounded like a very good symbol of India Nepal bonhomie!","Oct 2017 • Couples","","","","2024-03-22T08:54:37Z"
"Nepali Temple (Kathwala Temple)","Varanasi Uttar Pradesh","g297685","d2431881","4.5","https://www.tripadvisor.com/ShowUserReviews-g297685-d2431881-r529372946-Nepali_Temple_Kathwala_Temple-Varanasi_Varanasi_District_Uttar_Pradesh.html","https://dynamic-media-cdn.tripadvisor.com/media/photo-o/1d/7f/08/82/simhavij.jpg?w=100&h=-1&s=1","5.0 of 5 bubbles","Pashupatinath in Kasi",357,"The temple is a replica of the pashupatinath in nepal and was built by the nepal royal family. Historical and is closely located near the ghats.","Sep 2017 • Family","","","","2024-03-22T08:54:37Z"
"Nepali Temple (Kathwala Temple)","Varanasi Uttar Pradesh","g297685","d2431881","4.5","https://www.tripadvisor.com/ShowUserReviews-g297685-d2431881-r504386595-Nepali_Temple_Kathwala_Temple-Varanasi_Varanasi_District_Uttar_Pradesh.html","https://dynamic-media-cdn.tripadvisor.com/media/photo-o/1b/db/e1/79/letsgosightseeing.jpg?w=100&h=-1&s=1","5.0 of 5 bubbles","beautiful",825,"This is a hidden gem that even locals don't know about. It is a replica of the Pashupatinath Temple in Kathmandu, & constructed here by a Nepalese king. This temple is completely different from all the other temples in its architectural style, materials used etc.It can be a little difficult to find. There's an entrance fee for foreigners. The terrace is a good place to view River Ganges.","Jan 2017 • Couples","","","","2024-03-22T08:54:37Z"
"Nepali Temple (Kathwala Temple)","Varanasi Uttar Pradesh","g297685","d2431881","4.5","https://www.tripadvisor.com/ShowUserReviews-g297685-d2431881-r472824944-Nepali_Temple_Kathwala_Temple-Varanasi_Varanasi_District_Uttar_Pradesh.html","https://dynamic-media-cdn.tripadvisor.com/media/photo-o/07/d8/c7/39/meera-k.jpg?w=100&h=-1&s=1","5.0 of 5 bubbles","Sweet little temple",42,"Lovely little temple with a good view of Manikarnika Ghat. Interesting to compare the Nepali temple style with other temples in Varanasi and across India--far more use of wood, different color palette and symbolic imagery, etc.","Apr 2017 • Friends","","","","2024-03-22T08:54:37Z"
"Nepali Temple (Kathwala Temple)","Varanasi Uttar Pradesh","g297685","d2431881","4.5","https://www.tripadvisor.com/ShowUserReviews-g297685-d2431881-r471157089-Nepali_Temple_Kathwala_Temple-Varanasi_Varanasi_District_Uttar_Pradesh.html","https://dynamic-media-cdn.tripadvisor.com/media/photo-f/01/2e/70/a6/avatar077.jpg?w=100&h=-1&s=1","5.0 of 5 bubbles","sanctuary and best view of the ghats",24,"I have spent a lot of time at this temple. There is a lovely terrace, very peaceful where you can take in the Ganges and the ghats. Worth the 20 or 30 rupees entrance fee.","May 2016 • Friends","","","","2024-03-22T08:54:37Z"
"Nepali Temple (Kathwala Temple)","Varanasi Uttar Pradesh","g297685","d2431881","4.5","https://www.tripadvisor.com/ShowUserReviews-g297685-d2431881-r467273000-Nepali_Temple_Kathwala_Temple-Varanasi_Varanasi_District_Uttar_Pradesh.html","https://dynamic-media-cdn.tripadvisor.com/media/photo-o/1a/f6/e9/ef/default-avatar-2020-66.jpg?w=100&h=-1&s=1","4.0 of 5 bubbles","typical nepalese temple",12,"This temple might be a bit tricky to find, but if you haven't been in Nepal already it can be interesting. They ask for a small entrance fee.","Jul 2016 • Solo","","","","2024-03-22T08:54:37Z"
"Nepali Temple (Kathwala Temple)","Varanasi Uttar Pradesh","g297685","d2431881","4.5","https://www.tripadvisor.com/ShowUserReviews-g297685-d2431881-r462927771-Nepali_Temple_Kathwala_Temple-Varanasi_Varanasi_District_Uttar_Pradesh.html","https://dynamic-media-cdn.tripadvisor.com/media/photo-o/0e/79/77/73/ankitmusichouse.jpg?w=100&h=-1&s=1","5.0 of 5 bubbles","art",13,"nice handycraft work on wood also saying story of hindu culture.most of tourist like to visit . morning site seen by boat also before burning ghat this place we can see.","Apr 2016 • Friends","","","","2024-03-22T08:54:37Z"
"Nepali Temple (Kathwala Temple)","Varanasi Uttar Pradesh","g297685","d2431881","4.5","https://www.tripadvisor.com/ShowUserReviews-g297685-d2431881-r457061667-Nepali_Temple_Kathwala_Temple-Varanasi_Varanasi_District_Uttar_Pradesh.html","https://dynamic-media-cdn.tripadvisor.com/media/photo-o/1a/f6/ed/00/default-avatar-2020-4.jpg?w=100&h=-1&s=1","3.0 of 5 bubbles","By the nepali ghat",934,"Nepali Ghat is famous for Nepalese Temple on the ghat. Nepalese King of the Gorkha Dynasty built this temple in the 19th century, during that time Varanasi was popular with Nepalese. The architecture of the temple follows the architecture of Pashupatinath temple, which is situated in Nepal, Kathmandu. This temple is built on a square platform and the pillars are decorated with erotic images. An idol of Pashupatinath (Pashupatinath is a manifestation of Shiva) is installed in the inner sanctum of the temple. The temple is required a ticket to enter....","Dec 2016 • Family","","","","2024-03-22T08:54:39Z"
"Nepali Temple (Kathwala Temple)","Varanasi Uttar Pradesh","g297685","d2431881","4.5","https://www.tripadvisor.com/ShowUserReviews-g297685-d2431881-r447970841-Nepali_Temple_Kathwala_Temple-Varanasi_Varanasi_District_Uttar_Pradesh.html","https://dynamic-media-cdn.tripadvisor.com/media/photo-o/1a/f6/f6/0d/default-avatar-2020-34.jpg?w=100&h=-1&s=1","5.0 of 5 bubbles","Nepali Temple",11,"This is a beautiful temple in varanasi . It is constructed like pashupathi temple and is a  very peaceful place.","Nov 2016 • Solo","","","","2024-03-22T08:54:39Z"
"Nepali Temple (Kathwala Temple)","Varanasi Uttar Pradesh","g297685","d2431881","4.5","https://www.tripadvisor.com/ShowUserReviews-g297685-d2431881-r446305188-Nepali_Temple_Kathwala_Temple-Varanasi_Varanasi_District_Uttar_Pradesh.html","https://dynamic-media-cdn.tripadvisor.com/media/photo-o/0d/b1/d0/41/joe-m.jpg?w=100&h=-1&s=1","4.0 of 5 bubbles","A very nice visit!",29,"A nice temple and experienced a puja ceremony from monk. This temple is located near the Main Ghat and is great for photo ops.","Nov 2016 • Solo","","","","2024-03-22T08:54:39Z"
"Nepali Temple (Kathwala Temple)","Varanasi Uttar Pradesh","g297685","d2431881","4.5","https://www.tripadvisor.com/ShowUserReviews-g297685-d2431881-r445792223-Nepali_Temple_Kathwala_Temple-Varanasi_Varanasi_District_Uttar_Pradesh.html","https://dynamic-media-cdn.tripadvisor.com/media/photo-o/07/60/43/8e/iainbryson.jpg?w=100&h=-1&s=1","4.0 of 5 bubbles","Neat little slice of Nepal in Varanasi",93,"The Nepali temple is tiny, but the intricate (and sexually explicit) carvings will absorb more of your time than its size would suggest. It reminded me very strongly of some temples in Tansen, Nepal.","Nov 2016 • Solo","","","","2024-03-22T08:54:39Z"
"Nepali Temple (Kathwala Temple)","Varanasi Uttar Pradesh","g297685","d2431881","4.5","https://www.tripadvisor.com/ShowUserReviews-g297685-d2431881-r442668367-Nepali_Temple_Kathwala_Temple-Varanasi_Varanasi_District_Uttar_Pradesh.html","https://dynamic-media-cdn.tripadvisor.com/media/photo-o/1a/f6/f1/42/default-avatar-2020-20.jpg?w=100&h=-1&s=1","5.0 of 5 bubbles","Charming",286,"Yes, as non-Indian, you have to pay a small entrance fee but, for me, this was well worth it.  It is a tiny temple but just wonderful.  The termite-proof wood on the temple and adjacent temples is excellent.  It is so different to the large Hindu temples in Varanasi - very well worth visiting.","Nov 2016 • Couples","","","","2024-03-22T08:54:39Z"
"Nepali Temple (Kathwala Temple)","Varanasi Uttar Pradesh","g297685","d2431881","4.5","https://www.tripadvisor.com/ShowUserReviews-g297685-d2431881-r441841441-Nepali_Temple_Kathwala_Temple-Varanasi_Varanasi_District_Uttar_Pradesh.html","https://dynamic-media-cdn.tripadvisor.com/media/photo-o/05/f6/a1/61/jfermons.jpg?w=100&h=-1&s=1","5.0 of 5 bubbles","Beautiful temple!",543,"This is a very small but beautiful temple, close to the Ganga river. If you are a tourist you need to pay the entrance (~20 INR.)It has beautiful wood carvings. If you want to enter indoors you need to take out your shoes.","Nov 2016 • Solo","","","","2024-03-22T08:54:39Z"
"Nepali Temple (Kathwala Temple)","Varanasi Uttar Pradesh","g297685","d2431881","4.5","https://www.tripadvisor.com/ShowUserReviews-g297685-d2431881-r441575995-Nepali_Temple_Kathwala_Temple-Varanasi_Varanasi_District_Uttar_Pradesh.html","https://dynamic-media-cdn.tripadvisor.com/media/photo-o/01/c6/e7/f3/safariwoman.jpg?w=100&h=-1&s=1","4.0 of 5 bubbles","Worth the climb up from the river",514,"Small temple with lovely snow lions and intricate wooden carving.  You also get lovely views of the the river.  I believe there is a back staircase where you can get a view of Manikarnika ghat where the cremations take place.","Nov 2016 • Friends","","","","2024-03-22T08:54:39Z"
"Nepali Temple (Kathwala Temple)","Varanasi Uttar Pradesh","g297685","d2431881","4.5","https://www.tripadvisor.com/ShowUserReviews-g297685-d2431881-r437762754-Nepali_Temple_Kathwala_Temple-Varanasi_Varanasi_District_Uttar_Pradesh.html","https://dynamic-media-cdn.tripadvisor.com/media/photo-o/16/f9/27/b5/leecenlondon.jpg?w=100&h=-1&s=1","5.0 of 5 bubbles","Interesting bit of Nepal on Ganga",38,"With my Nepali friend and having spent the past 5 months in the fabulous country, this was a must see. Interesting to read the history and learn it's a replica on Pasuthinath.","Nov 2016 • Friends","","","","2024-03-22T08:54:39Z"
"Nepali Temple (Kathwala Temple)","Varanasi Uttar Pradesh","g297685","d2431881","4.5","https://www.tripadvisor.com/ShowUserReviews-g297685-d2431881-r431231789-Nepali_Temple_Kathwala_Temple-Varanasi_Varanasi_District_Uttar_Pradesh.html","https://dynamic-media-cdn.tripadvisor.com/media/photo-o/0d/68/c8/dc/duane-b.jpg?w=100&h=-1&s=1","5.0 of 5 bubbles","Beatiful craftmanship !",346,"A beautiful Nepali Temple located on the banks of the river Ganges with excellent woodwork craftmanship","Jan 2016 • Solo","","","","2024-03-22T08:54:39Z"
"Nepali Temple (Kathwala Temple)","Varanasi Uttar Pradesh","g297685","d2431881","4.5","https://www.tripadvisor.com/ShowUserReviews-g297685-d2431881-r431087161-Nepali_Temple_Kathwala_Temple-Varanasi_Varanasi_District_Uttar_Pradesh.html","https://dynamic-media-cdn.tripadvisor.com/media/photo-o/1a/f6/ed/00/default-avatar-2020-4.jpg?w=100&h=-1&s=1","5.0 of 5 bubbles","Relegious",0,"It's amazing...this temple also know as pashupatinath of India..you know well about lord Shiva sambhoo.the main temple of Shiva is Pashupati nath so you should go there","Oct 2016 • Family","","","","2024-03-22T08:54:39Z"
"Nepali Temple (Kathwala Temple)","Varanasi Uttar Pradesh","g297685","d2431881","4.5","https://www.tripadvisor.com/ShowUserReviews-g297685-d2431881-r427122766-Nepali_Temple_Kathwala_Temple-Varanasi_Varanasi_District_Uttar_Pradesh.html","https://dynamic-media-cdn.tripadvisor.com/media/photo-s/01/b9/13/a9/parabrahmam.jpg?w=100&h=-1&s=1","5.0 of 5 bubbles","silent and one of the best temples in varanasi",44,"A very nice temple without the usual varansai style  personnel pestering for money for doing puja . Silent and exhilarating . Real darshan of lord without any disturbance . Possible to sit in silence without the usual disturbances present elsewhere in other temples of varanasi . Iswara is overlooking Ganga Maa in this temple.","Oct 2016 • Family","","","","2024-03-22T08:54:40Z"
"Nepali Temple (Kathwala Temple)","Varanasi Uttar Pradesh","g297685","d2431881","4.5","https://www.tripadvisor.com/ShowUserReviews-g297685-d2431881-r424489486-Nepali_Temple_Kathwala_Temple-Varanasi_Varanasi_District_Uttar_Pradesh.html","https://dynamic-media-cdn.tripadvisor.com/media/photo-o/0d/2d/7c/97/irenetgr.jpg?w=100&h=-1&s=1","5.0 of 5 bubbles","Quietness iside of noisiness. Peaceful point in Varanasi",46,"Quietness iside of noisiness. Peaceful point in Varanasi. Beautiful work with wood. So different from other temples.Sometimes i was visited this plase just to relax, to seat on the bench outside of tample, to meditate or to read, or to watch big tree and around.","Jan 2016 • Solo","","","","2024-03-22T08:54:40Z"
"Nepali Temple (Kathwala Temple)","Varanasi Uttar Pradesh","g297685","d2431881","4.5","https://www.tripadvisor.com/ShowUserReviews-g297685-d2431881-r422449861-Nepali_Temple_Kathwala_Temple-Varanasi_Varanasi_District_Uttar_Pradesh.html","https://dynamic-media-cdn.tripadvisor.com/media/photo-o/1a/f6/ee/68/default-avatar-2020-9.jpg?w=100&h=-1&s=1","5.0 of 5 bubbles","Lord of Shiva",3,"This Temple is very peaceful there are so many pictures of Kamasutra which is learned us so many thinks.","Jun 2016 • Friends","","","","2024-03-22T08:54:40Z"
"Nepali Temple (Kathwala Temple)","Varanasi Uttar Pradesh","g297685","d2431881","4.5","https://www.tripadvisor.com/ShowUserReviews-g297685-d2431881-r402414634-Nepali_Temple_Kathwala_Temple-Varanasi_Varanasi_District_Uttar_Pradesh.html","https://dynamic-media-cdn.tripadvisor.com/media/photo-o/1a/f6/eb/6d/default-avatar-2020-19.jpg?w=100&h=-1&s=1","5.0 of 5 bubbles","Very peaceful",76,"The guide took us there and we stayed a good 1/2h. A monk was praying, the Ganges was flowing, the carving are extremely intricate, it was a good place to stop and sit awhile to escape the buzzing Streets.","Jul 2016 • Friends","","","","2024-03-22T08:54:40Z"
"Nepali Temple (Kathwala Temple)","Varanasi Uttar Pradesh","g297685","d2431881","4.5","https://www.tripadvisor.com/ShowUserReviews-g297685-d2431881-r397250751-Nepali_Temple_Kathwala_Temple-Varanasi_Varanasi_District_Uttar_Pradesh.html","https://dynamic-media-cdn.tripadvisor.com/media/photo-o/19/7f/1d/58/caption.jpg?w=100&h=-1&s=1","1.0 of 5 bubbles","Nothing to see",926,"Was close to our hotel and we went to have a look, the way until get there is quite dodgy and the temple is ok, they charge you to enter and keep asking for donations, I wasn't on a good mood as people asking donation all the time really puts me off!","Jul 2016 • Couples","","","","2024-03-22T08:54:40Z"
"Nepali Temple (Kathwala Temple)","Varanasi Uttar Pradesh","g297685","d2431881","4.5","https://www.tripadvisor.com/ShowUserReviews-g297685-d2431881-r389296965-Nepali_Temple_Kathwala_Temple-Varanasi_Varanasi_District_Uttar_Pradesh.html","https://dynamic-media-cdn.tripadvisor.com/media/photo-f/01/2e/70/84/avatar005.jpg?w=100&h=-1&s=1","4.0 of 5 bubbles","Replica of the Pashupatinath Temple in Nepal",126,"A replica of the Pashupatinath Temple in Nepal, this temple is visible from the bat ride you would take over the river Ganges","Jun 2016 • Couples","","","","2024-03-22T08:54:40Z"
"Nepali Temple (Kathwala Temple)","Varanasi Uttar Pradesh","g297685","d2431881","4.5","https://www.tripadvisor.com/ShowUserReviews-g297685-d2431881-r380499103-Nepali_Temple_Kathwala_Temple-Varanasi_Varanasi_District_Uttar_Pradesh.html","https://dynamic-media-cdn.tripadvisor.com/media/photo-o/1a/f6/ea/b2/default-avatar-2020-69.jpg?w=100&h=-1&s=1","4.0 of 5 bubbles","Very interesting! Notice the carving in the wooden structure,",116,"This temple will not take you more than five minuttes to see. However, it is quite interesting to notice the many tantric carvings in the outiside wooding structure.","May 2016 • Friends","","","","2024-03-22T08:54:40Z"
"Nepali Temple (Kathwala Temple)","Varanasi Uttar Pradesh","g297685","d2431881","4.5","https://www.tripadvisor.com/ShowUserReviews-g297685-d2431881-r366912816-Nepali_Temple_Kathwala_Temple-Varanasi_Varanasi_District_Uttar_Pradesh.html","https://dynamic-media-cdn.tripadvisor.com/media/photo-o/1a/f6/f0/48/default-avatar-2020-15.jpg?w=100&h=-1&s=1","4.0 of 5 bubbles","A bit different",327,"Accessed through a small doorway (well signed) from Lalita Ghat, this is a small temple with wooden features in quite a di8fferent style to others in the area.  Well worth a look.  R20- entry fee.","Apr 2016 • Solo","","","","2024-03-22T08:54:40Z"
"Nepali Temple (Kathwala Temple)","Varanasi Uttar Pradesh","g297685","d2431881","4.5","https://www.tripadvisor.com/ShowUserReviews-g297685-d2431881-r366850180-Nepali_Temple_Kathwala_Temple-Varanasi_Varanasi_District_Uttar_Pradesh.html","https://dynamic-media-cdn.tripadvisor.com/media/photo-o/1a/f6/f1/79/default-avatar-2020-21.jpg?w=100&h=-1&s=1","4.0 of 5 bubbles","Nice",41,"This is quite a nice, well maintained temple on the ghat. Pretty Nepali architecture, a temple in a tiny courtyard is worth stopping by.","May 2015 • Couples","","","","2024-03-22T08:54:40Z"
"Nepali Temple (Kathwala Temple)","Varanasi Uttar Pradesh","g297685","d2431881","4.5","https://www.tripadvisor.com/ShowUserReviews-g297685-d2431881-r366001668-Nepali_Temple_Kathwala_Temple-Varanasi_Varanasi_District_Uttar_Pradesh.html","https://dynamic-media-cdn.tripadvisor.com/media/photo-o/0b/05/3c/f5/pavankumarraju.jpg?w=100&h=-1&s=1","4.0 of 5 bubbles","Nepali temple",559,"This temple is constructed in Nepali architecture style and situated near to Manikarnika ghat. Temple is beautiful and has no crowd when i visited.","Jun 2015 • Solo","","","","2024-03-22T08:54:40Z"
"Nepali Temple (Kathwala Temple)","Varanasi Uttar Pradesh","g297685","d2431881","4.5","https://www.tripadvisor.com/ShowUserReviews-g297685-d2431881-r363812983-Nepali_Temple_Kathwala_Temple-Varanasi_Varanasi_District_Uttar_Pradesh.html","https://dynamic-media-cdn.tripadvisor.com/media/photo-o/0a/d1/21/13/srnayak.jpg?w=100&h=-1&s=1","4.0 of 5 bubbles","Nepali Temple",91,"This old beautiful temple is located on the Lalita Ghat (near Manikarnika Ghat).This temple is built in Nepali style. Excellent architecture. Temple is built with stone and wood.The temple is beautiful and serene environment to meditation and prayers. The temple resembles with the Pashupatinath Temple of Nepal. Spectacular carvings.During visit to Varanasi worth visiting.","Mar 2016 • Couples","","","","2024-03-22T08:54:41Z"
"Nepali Temple (Kathwala Temple)","Varanasi Uttar Pradesh","g297685","d2431881","4.5","https://www.tripadvisor.com/ShowUserReviews-g297685-d2431881-r359018480-Nepali_Temple_Kathwala_Temple-Varanasi_Varanasi_District_Uttar_Pradesh.html","https://dynamic-media-cdn.tripadvisor.com/media/photo-o/1a/f6/e9/bb/default-avatar-2020-65.jpg?w=100&h=-1&s=1","5.0 of 5 bubbles","Really cool temple",15,"Really cool temple with monkeys running about. The  Kama sutra wall panels gave me pause for consideration and then a fear of back pain but all in all this was a great stop on my tour of Varanasi","Mar 2016 • Friends","","","","2024-03-22T08:54:41Z"
"Nepali Temple (Kathwala Temple)","Varanasi Uttar Pradesh","g297685","d2431881","4.5","https://www.tripadvisor.com/ShowUserReviews-g297685-d2431881-r342982980-Nepali_Temple_Kathwala_Temple-Varanasi_Varanasi_District_Uttar_Pradesh.html","https://dynamic-media-cdn.tripadvisor.com/media/photo-o/1a/f6/ef/32/default-avatar-2020-12.jpg?w=100&h=-1&s=1","5.0 of 5 bubbles","Quaint, Beautiful Temple",144,"Built in Nepal style architecture using mortar and wood, this is a beautiful temple that shouldn't be missed. Walk around and peek a the living quarters behind the temple.","Jan 2016 • Solo","","","","2024-03-22T08:54:41Z"
"Nepali Temple (Kathwala Temple)","Varanasi Uttar Pradesh","g297685","d2431881","4.5","https://www.tripadvisor.com/ShowUserReviews-g297685-d2431881-r341642491-Nepali_Temple_Kathwala_Temple-Varanasi_Varanasi_District_Uttar_Pradesh.html","https://dynamic-media-cdn.tripadvisor.com/media/photo-o/10/3c/3e/4f/pranesh613.jpg?w=100&h=-1&s=1","4.0 of 5 bubbles","Reminds of Kathmandu",107,"Pashupatinath temple is located on the banks of ganges. temple is neat & clean. it reminds Pashupatinath temple of kathmandu.","Dec 2015 • Couples","","","","2024-03-22T08:54:41Z"
"Nepali Temple (Kathwala Temple)","Varanasi Uttar Pradesh","g297685","d2431881","4.5","https://www.tripadvisor.com/ShowUserReviews-g297685-d2431881-r340853248-Nepali_Temple_Kathwala_Temple-Varanasi_Varanasi_District_Uttar_Pradesh.html","https://dynamic-media-cdn.tripadvisor.com/media/photo-s/03/04/75/05/amy9090.jpg?w=100&h=-1&s=1","4.0 of 5 bubbles","Good Architecture and carving",78,"Built By a nepali king , is copy of pashupatinath temple of kathmandu, buit with stone and wood , and carving done in wooden pillars is excellent must visit is near to lalit ghat","Dec 2015","","","","2024-03-22T08:54:41Z"
"Nepali Temple (Kathwala Temple)","Varanasi Uttar Pradesh","g297685","d2431881","4.5","https://www.tripadvisor.com/ShowUserReviews-g297685-d2431881-r339305327-Nepali_Temple_Kathwala_Temple-Varanasi_Varanasi_District_Uttar_Pradesh.html","https://dynamic-media-cdn.tripadvisor.com/media/photo-o/1a/f6/f3/23/default-avatar-2020-28.jpg?w=100&h=-1&s=1","5.0 of 5 bubbles","Beautiful, Peaceful and for Art lovers",9,"One of the nicest temples in Varanasi. The pillars of the temple have Old Hindu Erotic art carved, it's appalling to see such modern forms in such old carvings. The view from this temple is spectacular.","Dec 2015 • Friends","","","","2024-03-22T08:54:41Z"
"Nepali Temple (Kathwala Temple)","Varanasi Uttar Pradesh","g297685","d2431881","4.5","https://www.tripadvisor.com/ShowUserReviews-g297685-d2431881-r338681278-Nepali_Temple_Kathwala_Temple-Varanasi_Varanasi_District_Uttar_Pradesh.html","https://dynamic-media-cdn.tripadvisor.com/media/photo-o/15/07/0b/76/rui-af-p.jpg?w=100&h=-1&s=1","5.0 of 5 bubbles","Peacefull temple",135,"A peaceful temple inside Varanasi. There is a ashram inside temple. People and monks are very nice. A must to visit in Varanasi.","May 2015 • Business","","","","2024-03-22T08:54:41Z"
"Nepali Temple (Kathwala Temple)","Varanasi Uttar Pradesh","g297685","d2431881","4.5","https://www.tripadvisor.com/ShowUserReviews-g297685-d2431881-r333791079-Nepali_Temple_Kathwala_Temple-Varanasi_Varanasi_District_Uttar_Pradesh.html","https://dynamic-media-cdn.tripadvisor.com/media/photo-o/1a/f6/e2/4a/default-avatar-2020-42.jpg?w=100&h=-1&s=1","5.0 of 5 bubbles","Amazing serene beautiful",19,"Quiet relaxing getaway from the hustle and bustle of the city. Beautiful ancient temple hand carved from nepalese wood, commissioned by a nepalese king. Gorgeous view.","Dec 2015 • Solo","","","","2024-03-22T08:54:41Z"
"Nepali Temple (Kathwala Temple)","Varanasi Uttar Pradesh","g297685","d2431881","4.5","https://www.tripadvisor.com/ShowUserReviews-g297685-d2431881-r332320039-Nepali_Temple_Kathwala_Temple-Varanasi_Varanasi_District_Uttar_Pradesh.html","https://dynamic-media-cdn.tripadvisor.com/media/photo-o/1a/f6/ea/74/default-avatar-2020-68.jpg?w=100&h=-1&s=1","4.0 of 5 bubbles","Cool temple, just beware of touts trying to give you a 'free' tour.",5,"This is a small and interesting temple which doesn't take long to look around, there are lots of cool carvings on it. It's just set back from the Ganges and not far from the main burning ghat. Just be careful in the area for people tagging along with you and showing you the features for free, then taking you to a woman who is supposedly looking after the sick and asking for a donation of 5000 rupees, which is what happened to me!","Nov 2015 • Solo","","","","2024-03-22T08:54:41Z"
"Nepali Temple (Kathwala Temple)","Varanasi Uttar Pradesh","g297685","d2431881","4.5","https://www.tripadvisor.com/ShowUserReviews-g297685-d2431881-r329282011-Nepali_Temple_Kathwala_Temple-Varanasi_Varanasi_District_Uttar_Pradesh.html","https://dynamic-media-cdn.tripadvisor.com/media/photo-o/17/7d/f2/3a/spadiva73.jpg?w=100&h=-1&s=1","5.0 of 5 bubbles","Very Beautiful",60,"I thought the Nepali Temple was very beautiful. The carvings are magnificent. We were supposed to go to Nepal and had a change of plans kind of last minute. We came to Varanasi instead so seemed kind of fitting to get to see a Nepali Temple.","Oct 2015 • Friends","","","","2024-03-22T08:54:41Z"
"Nepali Temple (Kathwala Temple)","Varanasi Uttar Pradesh","g297685","d2431881","4.5","https://www.tripadvisor.com/ShowUserReviews-g297685-d2431881-r328654142-Nepali_Temple_Kathwala_Temple-Varanasi_Varanasi_District_Uttar_Pradesh.html","https://dynamic-media-cdn.tripadvisor.com/media/photo-l/01/2a/fd/9c/avatar.jpg?w=100&h=-1&s=1","4.0 of 5 bubbles","Varanasi 2015",205,"Great architecture hidden in a silent place.Especially the carved wooden sculptures were nice to see","Nov 2015 • Solo","","","","2024-03-22T08:54:43Z"
"Nepali Temple (Kathwala Temple)","Varanasi Uttar Pradesh","g297685","d2431881","4.5","https://www.tripadvisor.com/ShowUserReviews-g297685-d2431881-r325469449-Nepali_Temple_Kathwala_Temple-Varanasi_Varanasi_District_Uttar_Pradesh.html","https://dynamic-media-cdn.tripadvisor.com/media/photo-o/1a/f6/e8/ea/default-avatar-2020-63.jpg?w=100&h=-1&s=1","5.0 of 5 bubbles","Really interesting",29,"The erotic art work in the wood is interesting as a celebration f life. Widows are cared for there as are students. Really interesting. Nice view of the Ganges.","Nov 2015 • Solo","","","","2024-03-22T08:54:43Z"
"Nepali Temple (Kathwala Temple)","Varanasi Uttar Pradesh","g297685","d2431881","4.5","https://www.tripadvisor.com/ShowUserReviews-g297685-d2431881-r324980464-Nepali_Temple_Kathwala_Temple-Varanasi_Varanasi_District_Uttar_Pradesh.html","https://dynamic-media-cdn.tripadvisor.com/media/photo-o/09/9b/bb/4b/pierre-v.jpg?w=100&h=-1&s=1","4.0 of 5 bubbles","so different",135,"a contrasting place, with the colourful and ""childish look"" of hindfu temples... magnificent wood work, and a small glimpse at Kamasutra!","Nov 2015 • Solo","","","","2024-03-22T08:54:43Z"
"Nepali Temple (Kathwala Temple)","Varanasi Uttar Pradesh","g297685","d2431881","4.5","https://www.tripadvisor.com/ShowUserReviews-g297685-d2431881-r319428790-Nepali_Temple_Kathwala_Temple-Varanasi_Varanasi_District_Uttar_Pradesh.html","https://dynamic-media-cdn.tripadvisor.com/media/photo-o/0d/60/f2/a0/srinivasa-b.jpg?w=100&h=-1&s=1","4.0 of 5 bubbles","Nice location",183,"From this temple, you can see the half moon shape of Ganges ghats clearly and the view is spectacular. Temple itself is nicely kept and wood carvings on doors and windows is worth noticing","Oct 2015 • Friends","","","","2024-03-22T08:54:43Z"
"Nepali Temple (Kathwala Temple)","Varanasi Uttar Pradesh","g297685","d2431881","4.5","https://www.tripadvisor.com/ShowUserReviews-g297685-d2431881-r318760959-Nepali_Temple_Kathwala_Temple-Varanasi_Varanasi_District_Uttar_Pradesh.html","https://dynamic-media-cdn.tripadvisor.com/media/photo-o/16/73/23/76/caption.jpg?w=100&h=-1&s=1","5.0 of 5 bubbles","Fantastic place",9,"Nepali temple was low on my list to visit but it should be on the top. Intimate access, stunning views, fantastic architecture/carvings and immensely clean temple and courtyard. Worth the nominal fee. You'll want to stay all day.","Oct 2015 • Couples","","","","2024-03-22T08:54:43Z"
"Nepali Temple (Kathwala Temple)","Varanasi Uttar Pradesh","g297685","d2431881","4.5","https://www.tripadvisor.com/ShowUserReviews-g297685-d2431881-r318242248-Nepali_Temple_Kathwala_Temple-Varanasi_Varanasi_District_Uttar_Pradesh.html","https://dynamic-media-cdn.tripadvisor.com/media/photo-o/03/a5/b2/4c/lalbahadur.jpg?w=100&h=-1&s=1","5.0 of 5 bubbles","Pure nepal style temple",212,"It memorises me my trip to manokamna devi temple of nepal. Wooden structures and art are exactly same. Well maintained and famous temple. Must visit for them, who are planning to visit ghats of varanasi.","May 2015 • Family","","","","2024-03-22T08:54:43Z"
"Nepali Temple (Kathwala Temple)","Varanasi Uttar Pradesh","g297685","d2431881","4.5","https://www.tripadvisor.com/ShowUserReviews-g297685-d2431881-r313664794-Nepali_Temple_Kathwala_Temple-Varanasi_Varanasi_District_Uttar_Pradesh.html","https://dynamic-media-cdn.tripadvisor.com/media/photo-o/1a/f6/e5/2b/default-avatar-2020-52.jpg?w=100&h=-1&s=1","5.0 of 5 bubbles","Beautful Deep Red Nepalese Temple",196,"This Nepalese Temple is an example of Nepalese architecture and quite different from the other Hindu and Muslim places of worship in Varanasi. It is a deep red colour, Thre is a small terrrace in the front where you can sit and enjoy the view of the Ganges and the temple itself. Visitors are asked to pay a small fee.","Sep 2015 • Friends","","","","2024-03-22T08:54:43Z"
"Nepali Temple (Kathwala Temple)","Varanasi Uttar Pradesh","g297685","d2431881","4.5","https://www.tripadvisor.com/ShowUserReviews-g297685-d2431881-r308802238-Nepali_Temple_Kathwala_Temple-Varanasi_Varanasi_District_Uttar_Pradesh.html","https://dynamic-media-cdn.tripadvisor.com/media/photo-o/11/06/dc/2f/arup1981.jpg?w=100&h=-1&s=1","5.0 of 5 bubbles","Wooden Nepali Temple on Lalita Ghat, Varanasi",278,"Nepali Mandir also known as Kanthwala Mandir is one of the oldest and most famous temples in the holy city of Varanasi is on the Lalita Ghat...This temple has great religious importance in Hinduism and is dedicated to the Lord Shiva. Constructed in the 19th century A.D by the King of Nepal, the temple is made of terracotta, stone and wood and is replica of the Pashupatinath Temple in Kathmandu.King of Nepal, Rana Bahadur Shah took exile in Varanasi from 1800 to 1804 and titled himself as ""Swami Nirgunanda"". During his exile, he decided to build a replica of Pashupatinath Temple in Varanasi. Construction of the temple commenced during his exile / stay in Varanasi. During the construction, Shah moved back to Nepal. On April 25, 1806, Rana Bahadur Shah was stabbed to death by his stepbrother, Sher Bahadur Shah. His son Girvan Yuddha Bikram Shah Deva completed the project 20 years after the deadline. The land was later transferred to Rana Bahadur Shah by Kashi Naresh in the year 1843. The temple, adjacent area, Lalita Ghat and a dharamshala, belongs to the Nepal government.","Oct 2014 • Family","","","","2024-03-22T08:54:43Z"
"Nepali Temple (Kathwala Temple)","Varanasi Uttar Pradesh","g297685","d2431881","4.5","https://www.tripadvisor.com/ShowUserReviews-g297685-d2431881-r307470568-Nepali_Temple_Kathwala_Temple-Varanasi_Varanasi_District_Uttar_Pradesh.html","https://dynamic-media-cdn.tripadvisor.com/media/photo-o/1a/f6/f1/79/default-avatar-2020-21.jpg?w=100&h=-1&s=1","5.0 of 5 bubbles","nice",183,"Wonderfully well-carved little temple! Not much to see, but a nice place to see it. I recommend it, i do.","Sep 2015 • Couples","","","","2024-03-22T08:54:43Z"
"Nepali Temple (Kathwala Temple)","Varanasi Uttar Pradesh","g297685","d2431881","4.5","https://www.tripadvisor.com/ShowUserReviews-g297685-d2431881-r307107984-Nepali_Temple_Kathwala_Temple-Varanasi_Varanasi_District_Uttar_Pradesh.html","https://dynamic-media-cdn.tripadvisor.com/media/photo-o/1f/4c/78/f1/georgeycool.jpg?w=100&h=-1&s=1","4.0 of 5 bubbles","Nepali Temple-Varanasi",106,"Nepali Temple also called as Kathwala Temple is build by the king of Nepal on the banks of Varansi in Lalita Ghat. The walls of the temple have exquisite and lively carvings is a must visit","Mar 2015 • Friends","","","","2024-03-22T08:54:43Z"
"Nepali Temple (Kathwala Temple)","Varanasi Uttar Pradesh","g297685","d2431881","4.5","https://www.tripadvisor.com/ShowUserReviews-g297685-d2431881-r306650693-Nepali_Temple_Kathwala_Temple-Varanasi_Varanasi_District_Uttar_Pradesh.html","https://dynamic-media-cdn.tripadvisor.com/media/photo-o/1a/f6/f3/e4/default-avatar-2020-30.jpg?w=100&h=-1&s=1","5.0 of 5 bubbles","Hidden beauty of Varanasi Ghats.",8,"Amazing find on one of the Ghat. You have to take a flight up some stair to get a view of this hidden wodden beauty . It' very different  architecture to the ones you find around rest of the Ghats.","Jun 2015 • Friends","","","","2024-03-22T08:54:44Z"
"Nepali Temple (Kathwala Temple)","Varanasi Uttar Pradesh","g297685","d2431881","4.5","https://www.tripadvisor.com/ShowUserReviews-g297685-d2431881-r299051199-Nepali_Temple_Kathwala_Temple-Varanasi_Varanasi_District_Uttar_Pradesh.html","https://dynamic-media-cdn.tripadvisor.com/media/photo-o/07/a0/da/36/dhanushpk.jpg?w=100&h=-1&s=1","4.0 of 5 bubbles","Nepali Temple",36,"While visiting the ghaats and Kasi Viswanath , you can also visit the nepali temple which quite near kasi viswanath temple. Located at lalita ghat, its in a secluded and quiet area and is very peaceful too.","Jun 2015 • Couples","","","","2024-03-22T08:54:44Z"
"Nepali Temple (Kathwala Temple)","Varanasi Uttar Pradesh","g297685","d2431881","4.5","https://www.tripadvisor.com/ShowUserReviews-g297685-d2431881-r291353984-Nepali_Temple_Kathwala_Temple-Varanasi_Varanasi_District_Uttar_Pradesh.html","https://dynamic-media-cdn.tripadvisor.com/media/photo-o/1a/f6/f1/42/default-avatar-2020-20.jpg?w=100&h=-1&s=1","5.0 of 5 bubbles","Beautiful Temple",12,"Its a replica of Pashupati Nath temple (Shiva temple) of Kathmandu. Its built in the Pagoda style. A must visit in Varanasi if you are into art, history and architecture.","Jul 2015","","","","2024-03-22T08:54:44Z"
"Nepali Temple (Kathwala Temple)","Varanasi Uttar Pradesh","g297685","d2431881","4.5","https://www.tripadvisor.com/ShowUserReviews-g297685-d2431881-r290849981-Nepali_Temple_Kathwala_Temple-Varanasi_Varanasi_District_Uttar_Pradesh.html","https://dynamic-media-cdn.tripadvisor.com/media/photo-o/03/c7/11/b5/oscohen.jpg?w=100&h=-1&s=1","4.0 of 5 bubbles","A lovely temple",89,"Very kind monks happy for you to look around a fabulous Nepali temple for a small fee -20 rupees, very lovely temple and peacefull","Jul 2015 • Couples","","","","2024-03-22T08:54:44Z"
"Nepali Temple (Kathwala Temple)","Varanasi Uttar Pradesh","g297685","d2431881","4.5","https://www.tripadvisor.com/ShowUserReviews-g297685-d2431881-r274124805-Nepali_Temple_Kathwala_Temple-Varanasi_Varanasi_District_Uttar_Pradesh.html","https://dynamic-media-cdn.tripadvisor.com/media/photo-o/1a/f6/ef/32/default-avatar-2020-12.jpg?w=100&h=-1&s=1","5.0 of 5 bubbles","Worthy to take a look",4,"Loved the elegant wooden carvings on the surface of this temple. From here, it's a great location to see the view of the Ganges.","Apr 2015 • Friends","","","","2024-03-22T08:54:44Z"
"Nepali Temple (Kathwala Temple)","Varanasi Uttar Pradesh","g297685","d2431881","4.5","https://www.tripadvisor.com/ShowUserReviews-g297685-d2431881-r263104150-Nepali_Temple_Kathwala_Temple-Varanasi_Varanasi_District_Uttar_Pradesh.html","https://dynamic-media-cdn.tripadvisor.com/media/photo-o/1a/f6/ed/7b/default-avatar-2020-6.jpg?w=100&h=-1&s=1","4.0 of 5 bubbles","spritual",24,"the place is calm and has lot of faith floating in environment. its worth the efforts to reach this place.","Mar 2015 • Family","","","","2024-03-22T08:54:44Z"
"Nepali Temple (Kathwala Temple)","Varanasi Uttar Pradesh","g297685","d2431881","4.5","https://www.tripadvisor.com/ShowUserReviews-g297685-d2431881-r261255365-Nepali_Temple_Kathwala_Temple-Varanasi_Varanasi_District_Uttar_Pradesh.html","https://dynamic-media-cdn.tripadvisor.com/media/photo-o/02/3a/6b/be/toby66000.jpg?w=100&h=-1&s=1","5.0 of 5 bubbles","Peaceful temple",338,"Unlike many of the Hindu temples in India, we found ourselves alone when visiting the Nepali temple. There is a nice ambience and attractive architecture. The views over the Ganges are also excellent.","Mar 2015 • Couples","","","","2024-03-22T08:54:44Z"
"Nepali Temple (Kathwala Temple)","Varanasi Uttar Pradesh","g297685","d2431881","4.5","https://www.tripadvisor.com/ShowUserReviews-g297685-d2431881-r256522920-Nepali_Temple_Kathwala_Temple-Varanasi_Varanasi_District_Uttar_Pradesh.html","https://dynamic-media-cdn.tripadvisor.com/media/photo-o/08/bd/a2/57/seafare74.jpg?w=100&h=-1&s=1","4.0 of 5 bubbles","One of the oldest temples in Varanasi",181,"Do not miss this beautiful little temple with fine wood carvings throughout Well worth the 20r ticket price. Good atmosphere there during our visit.","Feb 2015 • Couples","","","","2024-03-22T08:54:44Z"
"Nepali Temple (Kathwala Temple)","Varanasi Uttar Pradesh","g297685","d2431881","4.5","https://www.tripadvisor.com/ShowUserReviews-g297685-d2431881-r255728747-Nepali_Temple_Kathwala_Temple-Varanasi_Varanasi_District_Uttar_Pradesh.html","https://dynamic-media-cdn.tripadvisor.com/media/photo-o/1a/f6/f1/b8/default-avatar-2020-22.jpg?w=100&h=-1&s=1","5.0 of 5 bubbles","A hidden gem",364,"A must see while in Varanasi with its carved depictions of the karma sutra. They charge a few rupees but it's well worth it.","","","","","2024-03-22T08:54:44Z"
"Nepali Temple (Kathwala Temple)","Varanasi Uttar Pradesh","g297685","d2431881","4.5","https://www.tripadvisor.com/ShowUserReviews-g297685-d2431881-r254918379-Nepali_Temple_Kathwala_Temple-Varanasi_Varanasi_District_Uttar_Pradesh.html","https://dynamic-media-cdn.tripadvisor.com/media/photo-o/1d/bc/f7/be/cosyparvati.jpg?w=100&h=-1&s=1","5.0 of 5 bubbles","beautiful atmosphere",23,"The nepali temple is having a beautiful architecture, in a high position over the ghats. It's a tranquil spot, you can sit outside the temple or finding peace in the narrow space inside. Interesting statues and wooden crafts decorating the temple.Worth spending some time.","Jan 2015 • Couples","","","","2024-03-22T08:54:44Z"
"Nepali Temple (Kathwala Temple)","Varanasi Uttar Pradesh","g297685","d2431881","4.5","https://www.tripadvisor.com/ShowUserReviews-g297685-d2431881-r253704158-Nepali_Temple_Kathwala_Temple-Varanasi_Varanasi_District_Uttar_Pradesh.html","https://dynamic-media-cdn.tripadvisor.com/media/photo-o/05/33/33/fe/bishwaksen.jpg?w=100&h=-1&s=1","4.0 of 5 bubbles","Typical Nepali temple",116,"This is a small sample of Kathmandu in Varanasi. The wooden temple, probably around 200 years old, sits just beside the Manikarnika ghat. This is easily one of the, if not the most intricately sculpted temples of Varanasi. The alls of the temple have sculptures of mythic creatures, gods etc. Its a must visit. There is a nominal entry fee, and you will have to take off your shoes to enter.","Jan 2015 • Solo","","","","2024-03-22T08:54:47Z"
"Nepali Temple (Kathwala Temple)","Varanasi Uttar Pradesh","g297685","d2431881","4.5","https://www.tripadvisor.com/ShowUserReviews-g297685-d2431881-r252651836-Nepali_Temple_Kathwala_Temple-Varanasi_Varanasi_District_Uttar_Pradesh.html","https://dynamic-media-cdn.tripadvisor.com/media/photo-s/02/29/9f/99/go2places.jpg?w=100&h=-1&s=1","4.0 of 5 bubbles","When you take off your shoes to enter also remove your socks",385,"The Nepali temple has the characteristic Nepalese architecture. When you take off your shoes to enter also remove your socks - there are wet areas. You can walk through most of the in- and outside and you'll find some lovely wood carvings of gods and creatures and flowers and also wonderful wood carved windows set into the brick walls. There is an area which has old wood carvings, behind bars, of sex positions that the guide may tell you are from the Kama Sutra.","Jan 2015 • Friends","","","","2024-03-22T08:54:47Z"
"Nepali Temple (Kathwala Temple)","Varanasi Uttar Pradesh","g297685","d2431881","4.5","https://www.tripadvisor.com/ShowUserReviews-g297685-d2431881-r251457795-Nepali_Temple_Kathwala_Temple-Varanasi_Varanasi_District_Uttar_Pradesh.html","https://dynamic-media-cdn.tripadvisor.com/media/photo-o/28/cb/49/e7/caption.jpg?w=100&h=-1&s=1","5.0 of 5 bubbles","Pashupatinathji in Kashi",82,"This mandir was built by Nepali Rajas of wood. Intricate wood work is on show. Well maintained and neat. Feels like Pashupathinathji in Kashi. Ifeel a must visit. View from the top is quite good.","Jan 2015 • Family","","","","2024-03-22T08:54:47Z"
"Nepali Temple (Kathwala Temple)","Varanasi Uttar Pradesh","g297685","d2431881","4.5","https://www.tripadvisor.com/ShowUserReviews-g297685-d2431881-r251039017-Nepali_Temple_Kathwala_Temple-Varanasi_Varanasi_District_Uttar_Pradesh.html","https://dynamic-media-cdn.tripadvisor.com/media/photo-s/01/ed/4d/a5/basav-roychoudhury.jpg?w=100&h=-1&s=1","4.0 of 5 bubbles","Nice wood work",207,"This temple has nice curving on wood. Being walkable distance from Dasaswamedh Ghat, it is a must visit at Varanasi.","Jan 2015 • Family","","","","2024-03-22T08:54:47Z"
"Nepali Temple (Kathwala Temple)","Varanasi Uttar Pradesh","g297685","d2431881","4.5","https://www.tripadvisor.com/ShowUserReviews-g297685-d2431881-r250438196-Nepali_Temple_Kathwala_Temple-Varanasi_Varanasi_District_Uttar_Pradesh.html","https://dynamic-media-cdn.tripadvisor.com/media/photo-o/07/3c/79/66/sylvanborg.jpg?w=100&h=-1&s=1","4.0 of 5 bubbles","Beautiful Temple",96,"It's a very beautiful temple situated right in the middle of Varanasi.  It has just been restorted and its colours are vibrant. It is actually a very small temple, which makes it all the more beautiful.  Makes a good quiet spot from all the buzzing and noise in Varanasi.","Sep 2014 • Couples","","","","2024-03-22T08:54:47Z"
"Nepali Temple (Kathwala Temple)","Varanasi Uttar Pradesh","g297685","d2431881","4.5","https://www.tripadvisor.com/ShowUserReviews-g297685-d2431881-r245468473-Nepali_Temple_Kathwala_Temple-Varanasi_Varanasi_District_Uttar_Pradesh.html","https://dynamic-media-cdn.tripadvisor.com/media/photo-f/01/2e/70/7f/avatar066.jpg?w=100&h=-1&s=1","4.0 of 5 bubbles","Nepali Architecture in Varanasi",39,"The Tmpl is situated nr ManiKarnika Ghat n the Shivlinga is there in the temple. there is also a museum inside.","Jan 2014 • Family","","","","2024-03-22T08:54:47Z"
"Nepali Temple (Kathwala Temple)","Varanasi Uttar Pradesh","g297685","d2431881","4.5","https://www.tripadvisor.com/ShowUserReviews-g297685-d2431881-r244256863-Nepali_Temple_Kathwala_Temple-Varanasi_Varanasi_District_Uttar_Pradesh.html","https://dynamic-media-cdn.tripadvisor.com/media/photo-o/07/cb/9b/59/kewalks.jpg?w=100&h=-1&s=1","5.0 of 5 bubbles","recent restoration has done a great favour",137,"not long ago, it was a mysterious and neglected place . local caretaker was careless and it was a low priority for nepal royal family or whoever was responsible .it remained remained a mini khajuraho for locals and very few visitors because of depiction of  sex poses on wooden carvings of outer walls .today this place is much cleaner up to the mark and active. one must give credit to the people involved.although not in the itinerary of most of the tourists because of odd location , this place can give you an experience you will cherish later.","Nov 2014 • Family","","","","2024-03-22T08:54:47Z"
"Nepali Temple (Kathwala Temple)","Varanasi Uttar Pradesh","g297685","d2431881","4.5","https://www.tripadvisor.com/ShowUserReviews-g297685-d2431881-r235888295-Nepali_Temple_Kathwala_Temple-Varanasi_Varanasi_District_Uttar_Pradesh.html","https://dynamic-media-cdn.tripadvisor.com/media/photo-o/08/9f/cd/e9/liana937.jpg?w=100&h=-1&s=1","5.0 of 5 bubbles","sure to visit this place",30,"The temple is under the patronage royal family of of Nepal, unique wooden temple in Varanasi in Nepalese style modeled on the temple of Pashupatinath in Kathmandu. Fine wood for its construction was brought from Nepal. Very quiet and pleasant place, did not have any tourists, very friendly Brahmin invited to go inside, where are study boys  , inside are also many beautiful antique carving in the design of the facade, be sure to include this place into a list of places that necessary to look in Varanasi.","Sep 2014 • Solo","","","","2024-03-22T08:54:47Z"
"Nepali Temple (Kathwala Temple)","Varanasi Uttar Pradesh","g297685","d2431881","4.5","https://www.tripadvisor.com/ShowUserReviews-g297685-d2431881-r230689217-Nepali_Temple_Kathwala_Temple-Varanasi_Varanasi_District_Uttar_Pradesh.html","https://dynamic-media-cdn.tripadvisor.com/media/photo-o/1a/f6/eb/43/default-avatar-2020-11.jpg?w=100&h=-1&s=1","4.0 of 5 bubbles","Beautiful Temple with awesome views ",64,"By far the cleanest temple in the Ghats. Located close to Lalitha Ghat & built in Nepali style, it offers good views of the Ganges. The well maintained temple also is extremely beautiful and offers good photo ops. Though very small, it is worth a visit for the views & the calm it offers in comparison to the chaos of the ghats","","","","","2024-03-22T08:54:47Z"
"Nepali Temple (Kathwala Temple)","Varanasi Uttar Pradesh","g297685","d2431881","4.5","https://www.tripadvisor.com/ShowUserReviews-g297685-d2431881-r228704167-Nepali_Temple_Kathwala_Temple-Varanasi_Varanasi_District_Uttar_Pradesh.html","https://dynamic-media-cdn.tripadvisor.com/media/photo-o/06/72/fb/89/soulrtip.jpg?w=100&h=-1&s=1","5.0 of 5 bubbles","Get Lost in Kama Sutra.",143,"It is not a grand temple in scale or materials used, but what a great arousal and satisfaction it offers with its artistic aesthetics carved out wood. For a little fee of 20 Rs this is a very nice refuge from the commotion of ghats of Varanasi for anyone with an eye for detail and an attitude of learning. The temple presents a beautiful opportunity to observe and appreciate the art of Kama Sutra carved out of wood. It also offers a nice vantage point on Ganges.","Aug 2014 • Solo","","","","2024-03-22T08:54:47Z"
"Nepali Temple (Kathwala Temple)","Varanasi Uttar Pradesh","g297685","d2431881","4.5","https://www.tripadvisor.com/ShowUserReviews-g297685-d2431881-r228588302-Nepali_Temple_Kathwala_Temple-Varanasi_Varanasi_District_Uttar_Pradesh.html","https://dynamic-media-cdn.tripadvisor.com/media/photo-o/1c/b5/07/d2/avatar.jpg?w=100&h=-1&s=1","4.0 of 5 bubbles","A Lalita Ghat Situated Temple",32,"The King of Nepal had built this temple on Lalita ghat on Ganga river at Varanasi in Nepali style. This Nepali temple is also called the Kathwala temple. The temple has some magnificent and articulate woodwork. Tourists from all over the world come just to see this temple which has no comparison with any other temple in India because of its magnificence  The workers and sculptures who carved this temple out were brought from Nepal. The wood which is used in the temple is also found in Nepal.The specialty of this wood is that even termites do not eat this wood.","Sep 2014 • Family","","","","2024-03-22T08:54:49Z"
"Nepali Temple (Kathwala Temple)","Varanasi Uttar Pradesh","g297685","d2431881","4.5","https://www.tripadvisor.com/ShowUserReviews-g297685-d2431881-r217566231-Nepali_Temple_Kathwala_Temple-Varanasi_Varanasi_District_Uttar_Pradesh.html","https://dynamic-media-cdn.tripadvisor.com/media/photo-o/1a/f6/eb/a3/default-avatar-2020-38.jpg?w=100&h=-1&s=1","3.0 of 5 bubbles","Another  hindu  Myth  of  Nepal  origin.",7,"Not  so  well  kept  but  still  interesting  but  nothing  much  to  remember. This  can  be  better  experienced  in  Nepal.","Jul 2014 • Family","","","","2024-03-22T08:54:49Z"
"Nepali Temple (Kathwala Temple)","Varanasi Uttar Pradesh","g297685","d2431881","4.5","https://www.tripadvisor.com/ShowUserReviews-g297685-d2431881-r214050508-Nepali_Temple_Kathwala_Temple-Varanasi_Varanasi_District_Uttar_Pradesh.html","https://dynamic-media-cdn.tripadvisor.com/media/photo-o/06/0b/3b/64/mike-d.jpg?w=100&h=-1&s=1","4.0 of 5 bubbles","A peaceful refuge",53,"A nice little temple, a peaceful refuge from the chaotic pace of Varanasi. Nice views of the Ganges, and steps down to the waters edge. Not a particularly amazing visit, however adds to the cultural experience and worth a quick look.","Oct 2013 • Solo","","","","2024-03-22T08:54:49Z"
"Nepali Temple (Kathwala Temple)","Varanasi Uttar Pradesh","g297685","d2431881","4.5","https://www.tripadvisor.com/ShowUserReviews-g297685-d2431881-r213238566-Nepali_Temple_Kathwala_Temple-Varanasi_Varanasi_District_Uttar_Pradesh.html","https://dynamic-media-cdn.tripadvisor.com/media/photo-o/05/4d/44/09/dora-mukhejee.jpg?w=100&h=-1&s=1","5.0 of 5 bubbles","It made by chandan(as per local people)",16,"As per local people said that the temple is made by chandan wood,even you can feel the good smale of chandan when you entered into the temple.nice place.","Oct 2013 • Family","","","","2024-03-22T08:54:49Z"
"Nepali Temple (Kathwala Temple)","Varanasi Uttar Pradesh","g297685","d2431881","4.5","https://www.tripadvisor.com/ShowUserReviews-g297685-d2431881-r194987411-Nepali_Temple_Kathwala_Temple-Varanasi_Varanasi_District_Uttar_Pradesh.html","https://dynamic-media-cdn.tripadvisor.com/media/photo-o/09/26/05/8d/wahaba.jpg?w=100&h=-1&s=1","4.0 of 5 bubbles","a tranquile place",137,"a strangely peaceful place to visit, right in the thick of such a busy place.Was good to have Lalit with us, who told us so much history of the place.The wood carvings and history are fantastic.","Feb 2014 • Family","","","","2024-03-22T08:54:49Z"
"Nepali Temple (Kathwala Temple)","Varanasi Uttar Pradesh","g297685","d2431881","4.5","https://www.tripadvisor.com/ShowUserReviews-g297685-d2431881-r191392121-Nepali_Temple_Kathwala_Temple-Varanasi_Varanasi_District_Uttar_Pradesh.html","https://dynamic-media-cdn.tripadvisor.com/media/photo-s/01/8d/62/1b/chhavi.jpg?w=100&h=-1&s=1","5.0 of 5 bubbles","Loved this quaint temple",161,"We were welcomed by a frantically friendly little dog who did laps around us as we took in the view and the gorgeous wood carvings at the Nepali temple. The junior priest - a PhD student in theology at BHU - gave us all sorts of historical tidbits on the origin of the temple. The view of the river from the terrace was absolutely stunning, as well. Don't miss all the carvings themselves - from mythology to Kama sutra type scenarios: fascinating.  Most people access it from the river, I suppose. Getting back into the main streets by foot turned out to be quite a maze, especially since the sun had started to set and we had to go through a tunnel of sorts to get out.","Sep 2013 • Friends","","","","2024-03-22T08:54:49Z"
"Nepali Temple (Kathwala Temple)","Varanasi Uttar Pradesh","g297685","d2431881","4.5","https://www.tripadvisor.com/ShowUserReviews-g297685-d2431881-r190963183-Nepali_Temple_Kathwala_Temple-Varanasi_Varanasi_District_Uttar_Pradesh.html","https://dynamic-media-cdn.tripadvisor.com/media/photo-o/06/5a/15/34/annemarie-g.jpg?w=100&h=-1&s=1","5.0 of 5 bubbles","Your visit worthwhile",16,"This is a small temple, and if you haven't been to Nepal, it is a great chance to see a Nepali Temple. It is a quiet place. It is nice to sit there and look what happens en feel part of it.","Jan 2014 • Couples","","","","2024-03-22T08:54:49Z"
"Nepali Temple (Kathwala Temple)","Varanasi Uttar Pradesh","g297685","d2431881","4.5","https://www.tripadvisor.com/ShowUserReviews-g297685-d2431881-r188776244-Nepali_Temple_Kathwala_Temple-Varanasi_Varanasi_District_Uttar_Pradesh.html","https://dynamic-media-cdn.tripadvisor.com/media/photo-o/1a/f6/f3/e4/default-avatar-2020-30.jpg?w=100&h=-1&s=1","5.0 of 5 bubbles","mini pashupatinath",52,"The resemblance with Pashupatinath in Nepal is very high. Its nice to see some young boys still learning sanskrit which is a very rare sight nowadays. Culture and language are well preserved in this place. The whole city of Varanasi is very religious.","Jan 2013 • Friends","","","","2024-03-22T08:54:49Z"
"Nepali Temple (Kathwala Temple)","Varanasi Uttar Pradesh","g297685","d2431881","4.5","https://www.tripadvisor.com/ShowUserReviews-g297685-d2431881-r175040124-Nepali_Temple_Kathwala_Temple-Varanasi_Varanasi_District_Uttar_Pradesh.html","https://dynamic-media-cdn.tripadvisor.com/media/photo-o/11/bb/16/af/betty-p.jpg?w=100&h=-1&s=1","5.0 of 5 bubbles","Such generosity!",590,"There are more than eight hundred temples in Varanasi they say.  However, the Nepalese Temple, the Lalita Devi temple or  Kathwala Temple  isn’t among the popular ones. Except from the Nepali community, most people aren't even aware that such a temple exists in Varanasi. Visitors are mostly foreign nationals and curious tourists.  The temple management charges Rs 15 from the foreigners for its upkeep (January 2013).This two-storeyed terracotta, stone and wood pagoda on the banks of the Ganga is 167 years-old and supposedly a replica of a famous temple at Kathmandu. The story goes like this: the King of Nepal had this temple built on Lalita ghat on Ganga river in Nepali style. It has some magnificent woodwork. Tourists from all over the world come to see this temple, whose builders were brought from Nepal. The wood used in the temple is from Nepal, or so they say. What is special about this wood? Termites cannot eat it!Tourists can attend ceremonies (such generosity!), where songs are sung and offerings are made to the shivalinga. Wonderful!!!","Jan 2013 • Friends","","","","2024-03-22T08:54:49Z"
"Nepali Temple (Kathwala Temple)","Varanasi Uttar Pradesh","g297685","d2431881","4.5","https://www.tripadvisor.com/ShowUserReviews-g297685-d2431881-r162129193-Nepali_Temple_Kathwala_Temple-Varanasi_Varanasi_District_Uttar_Pradesh.html","https://dynamic-media-cdn.tripadvisor.com/media/photo-o/1a/f6/77/ae/default-avatar-2020-2.jpg?w=100&h=-1&s=1","5.0 of 5 bubbles","Amazing",11,"You don't want to miss this one, one of the favorite places we visited in Varanasi. There is so much to see here, you want to allocate at least an hour here, if not longer","May 2013 • Couples","","","","2024-03-22T08:54:49Z"
"Nepali Temple (Kathwala Temple)","Varanasi Uttar Pradesh","g297685","d2431881","4.5","https://www.tripadvisor.com/ShowUserReviews-g297685-d2431881-r144036191-Nepali_Temple_Kathwala_Temple-Varanasi_Varanasi_District_Uttar_Pradesh.html","https://dynamic-media-cdn.tripadvisor.com/media/photo-o/1a/f6/f4/5d/default-avatar-2020-32.jpg?w=100&h=-1&s=1","3.0 of 5 bubbles","Good view along the shoreline but otherwise avg",26,"beware of so-called locals offering to guide you there for free - just another scam. Temple was smaller than expected, but it did have a good view along the coastline","Sep 2012 • Friends","","","","2024-03-22T08:54:51Z"
"Nepali Temple (Kathwala Temple)","Varanasi Uttar Pradesh","g297685","d2431881","4.5","https://www.tripadvisor.com/ShowUserReviews-g297685-d2431881-r143006745-Nepali_Temple_Kathwala_Temple-Varanasi_Varanasi_District_Uttar_Pradesh.html","https://dynamic-media-cdn.tripadvisor.com/media/photo-o/1a/f6/f0/48/default-avatar-2020-15.jpg?w=100&h=-1&s=1","4.0 of 5 bubbles","Nepali Temple",32,"The temple is built with wood and very old, probably of the 19th century. A nominal charge of Rs.10 is levied for admission. Sanskrit classes go on inside the temple premises.","Sep 2012 • Family","","","","2024-03-22T08:54:51Z"
"Nepali Temple (Kathwala Temple)","Varanasi Uttar Pradesh","g297685","d2431881","4.5","https://www.tripadvisor.com/ShowUserReviews-g297685-d2431881-r125489441-Nepali_Temple_Kathwala_Temple-Varanasi_Varanasi_District_Uttar_Pradesh.html","https://dynamic-media-cdn.tripadvisor.com/media/photo-s/01/ba/e7/8b/nlyn.jpg?w=100&h=-1&s=1","5.0 of 5 bubbles","beautiful temple, rebuilt with original details, craftmanship and materials",56,"beautiful temple, rebuilt with original details, craftmanship and materials. by the ganges. make your boatman stop while taking a boattrip.","Feb 2012","","","","2024-03-22T08:54:51Z"
"Nepali Temple (Kathwala Temple)","Varanasi Uttar Pradesh","g297685","d2431881","4.5","https://www.tripadvisor.com/ShowUserReviews-g297685-d2431881-r124014998-Nepali_Temple_Kathwala_Temple-Varanasi_Varanasi_District_Uttar_Pradesh.html","https://dynamic-media-cdn.tripadvisor.com/media/photo-o/1a/f6/e2/a7/default-avatar-2020-44.jpg?w=100&h=-1&s=1","5.0 of 5 bubbles","Wonderful and detailed little temple",90,"A real find and a little jewel. Don't miss it in Varanasi, and don't miss the beautiful erotic carvings!","","","","","2024-03-22T08:54:51Z"
"Nepali Temple (Kathwala Temple)","Varanasi Uttar Pradesh","g297685","d2431881","4.5","https://www.tripadvisor.com/ShowUserReviews-g297685-d2431881-r123061154-Nepali_Temple_Kathwala_Temple-Varanasi_Varanasi_District_Uttar_Pradesh.html","https://dynamic-media-cdn.tripadvisor.com/media/photo-o/1a/f6/de/0a/default-avatar-2020-35.jpg?w=100&h=-1&s=1","5.0 of 5 bubbles","Nepali style of architecture",11,"Also known as Mini Kajuraho, this Nepali temple built by King of Nepal has Nepali style of architecture.  The exquisite woodwork displays the craftsmanship of the Nepali workers.  A rare sight and tourist attraction as it is said to be incomparable to any other temple in India","Dec 2011","","","","2024-03-22T08:54:51Z"
