"names","address","geo_id","hotel_id","rating","url","profile_image","review_score","review_heading","profile_contr","review_body","date_of_stay","company_responder","company_response","company_response_date","timestamp"
"Kashi Vishwanath Temple","","g297685","d13859556","4.5","https://www.tripadvisor.com/ShowUserReviews-g297685-d13859556-r942981284-Kashi_Vishwanath_Temple-Varanasi_Varanasi_District_Uttar_Pradesh.html","https://dynamic-media-cdn.tripadvisor.com/media/photo-o/2a/a7/5e/1d/geeshan29.jpg?w=100&h=-1&s=1","5.0 of 5 bubbles","Simply Har Har Mahadev 🙏",146,"It is an experience!simply spellbinding and just walking thru the streets and the Queue to seek blessings of har har mahadev who has literally chosen to sit down unlike other temples where he is to eye level or higher is amazing.... Yes you have to look down to the lingam for Darshan.We were fortunate for not having a long wait and could finish the entire temple darshan including Annapoorneswari temple as well in about 2hrs and without fetching any special darshan tix.Its always good to have a guide who knows the city and temples well so they can guide you else getting lost is for sure 😊","Mar 2024 • Couples","","","","2024-03-23T10:45:55Z"
"Kashi Vishwanath Temple","","g297685","d13859556","4.5","https://www.tripadvisor.com/ShowUserReviews-g297685-d13859556-r941816044-Kashi_Vishwanath_Temple-Varanasi_Varanasi_District_Uttar_Pradesh.html","https://dynamic-media-cdn.tripadvisor.com/media/photo-o/2b/9b/83/ef/caption.jpg?w=100&h=-1&s=1","5.0 of 5 bubbles","Kashi vishwanath temple ",0,"Har har mahadev 🙏Beautiful temple in Banaras nice to visit at least once golden temple. Most of the times temple is busy. This is main temple for all Hindu people.","Mar 2024 • Solo","","","","2024-03-23T10:45:55Z"
"Kashi Vishwanath Temple","","g297685","d13859556","4.5","https://www.tripadvisor.com/ShowUserReviews-g297685-d13859556-r940884702-Kashi_Vishwanath_Temple-Varanasi_Varanasi_District_Uttar_Pradesh.html","https://dynamic-media-cdn.tripadvisor.com/media/photo-o/1a/f6/de/0a/default-avatar-2020-35.jpg?w=100&h=-1&s=1","4.0 of 5 bubbles","Good experience",92,"The temple is for religious and spiritual journey a person can undertake. With the new developments the area is now bigger, cleaner and managed properly. We visited all the main temples like Sankat Mochan mandir, Kal Bhairav Mandir, Durga Mata mandir etc. The darshan was good, the crowd is there however it is moving and managed well.One thing we noticed is no dakshina no teertha from the priest, they insist on giving dakshina at least INR 2 or 5 else they do nt give teertha.Photography is not allowed in all the main temples so do not have photos","Feb 2024 • Family","","","","2024-03-23T10:45:55Z"
"Kashi Vishwanath Temple","","g297685","d13859556","4.5","https://www.tripadvisor.com/ShowUserReviews-g297685-d13859556-r931230500-Kashi_Vishwanath_Temple-Varanasi_Varanasi_District_Uttar_Pradesh.html","https://dynamic-media-cdn.tripadvisor.com/media/photo-o/28/73/f9/cc/caption.jpg?w=100&h=-1&s=1","5.0 of 5 bubbles","Kashi",50,"One of the twelve jyotirlinga and best place for visiting. It is nearby from the station and easy to go. The temple is worth visiting with the family too.","Dec 2023 • Solo","","","","2024-03-23T10:45:55Z"
"Kashi Vishwanath Temple","","g297685","d13859556","4.5","https://www.tripadvisor.com/ShowUserReviews-g297685-d13859556-r923423820-Kashi_Vishwanath_Temple-Varanasi_Varanasi_District_Uttar_Pradesh.html","https://dynamic-media-cdn.tripadvisor.com/media/photo-o/04/08/2b/7a/lovinggurgaon.jpg?w=100&h=-1&s=1","5.0 of 5 bubbles","The glorious Kashi Vishwanath Temple ",312,"It was a wonderful experience to visit the temple early in the morning.Though we went quite early , the milling crowds had already made their presence felt. The efforts of the authorities to bring about order and discipline in the sea of humanity are really commendable. Everything was organised and it didn't take us long to have the darshan. It is a wonderful building with gold covering of the stoopa and security arrangements are unobtrusive. We also had a glimpse of the controversial masjid where the court has yet to arrive at a resolution.","Oct 2023 • Friends","","","","2024-03-23T10:45:55Z"
"Kashi Vishwanath Temple","","g297685","d13859556","4.5","https://www.tripadvisor.com/ShowUserReviews-g297685-d13859556-r921368679-Kashi_Vishwanath_Temple-Varanasi_Varanasi_District_Uttar_Pradesh.html","https://dynamic-media-cdn.tripadvisor.com/media/photo-o/1a/f6/ee/68/default-avatar-2020-9.jpg?w=100&h=-1&s=1","5.0 of 5 bubbles","Wonderful Vishwanath Temple",260,"One of the most pious and important Hindu temples. Lord Shiva temple is magnificent. The temple is very clean and organised. We had good Darshan in comfortable manner even though there were many pilgrims.","Aug 2023 • Family","","","","2024-03-23T10:45:55Z"
"Kashi Vishwanath Temple","","g297685","d13859556","4.5","https://www.tripadvisor.com/ShowUserReviews-g297685-d13859556-r912301534-Kashi_Vishwanath_Temple-Varanasi_Varanasi_District_Uttar_Pradesh.html","https://dynamic-media-cdn.tripadvisor.com/media/photo-o/16/46/32/5a/girish-d.jpg?w=100&h=-1&s=1","5.0 of 5 bubbles","Transformed mandir, one of the most important religious place in India.",236,"One of the important religious place in India. Recently massive transformation done by PM. Very well maintained. Huge crowd at any point of time. Recommend to book the Darshan slot online through official site of Kashi Vishwanath temple trust. Book Sugam Darshan which is very well managed by the trust. Do not entertain agent Shastri. You can complete Darshan within hr through Sugam Darshan.","Aug 2023 • Couples","","","","2024-03-23T10:45:55Z"
"Kashi Vishwanath Temple","","g297685","d13859556","4.5","https://www.tripadvisor.com/ShowUserReviews-g297685-d13859556-r911207053-Kashi_Vishwanath_Temple-Varanasi_Varanasi_District_Uttar_Pradesh.html","https://dynamic-media-cdn.tripadvisor.com/media/photo-o/1a/f6/e3/1f/default-avatar-2020-46.jpg?w=100&h=-1&s=1","1.0 of 5 bubbles","Do not bother unless a shiva devotee",6,"Charged 600 rupees, needed passport and visa.  Had to have a guide for a quick 10 minute tour. Did bypass the crowds but was very underwhelming, busy - not worth the bother.","Aug 2023 • Couples","","","","2024-03-23T10:45:55Z"
"Kashi Vishwanath Temple","","g297685","d13859556","4.5","https://www.tripadvisor.com/ShowUserReviews-g297685-d13859556-r892755424-Kashi_Vishwanath_Temple-Varanasi_Varanasi_District_Uttar_Pradesh.html","https://dynamic-media-cdn.tripadvisor.com/media/photo-o/1a/f6/f2/b8/default-avatar-2020-26.jpg?w=100&h=-1&s=1","5.0 of 5 bubbles","MOST HOLY PLACE OF HINDUS",0,"Temple of Lord Shiva namely as Kashi Vishwanath Temple situated on the bank of river Ganga. Newly constructed corridor to temple is new attaraction Night Prayers on the ghats of rivers is one of the mesmerizing experience of lifetime","Nov 2022","","","","2024-03-23T10:45:55Z"
"Kashi Vishwanath Temple","","g297685","d13859556","4.5","https://www.tripadvisor.com/ShowUserReviews-g297685-d13859556-r889080733-Kashi_Vishwanath_Temple-Varanasi_Varanasi_District_Uttar_Pradesh.html","https://dynamic-media-cdn.tripadvisor.com/media/photo-o/07/af/b5/64/vijay-p.jpg?w=100&h=-1&s=1","5.0 of 5 bubbles","Strong spiritual vibrations at the temple",110,"Strong spiritual vibrations. Kashi Vishwanath Dev is easily clearly visible from very short distance. Most convenient time is before 900 am. Now renovated temple is very grand and clean. Pilgrims facilities are very well taken care of. Very easy approach of river ghat. Now ambiance is pleasant, active, energetic. Rather words fall short. Kashi Vishwanath Temple is in oldest city of the world. We fill it, we bliss it.","Apr 2023 • Friends","","","","2024-03-23T10:45:55Z"
"Kashi Vishwanath Temple","","g297685","d13859556","4.5","https://www.tripadvisor.com/ShowUserReviews-g297685-d13859556-r886011470-Kashi_Vishwanath_Temple-Varanasi_Varanasi_District_Uttar_Pradesh.html","https://dynamic-media-cdn.tripadvisor.com/media/photo-o/1a/f6/f4/5d/default-avatar-2020-32.jpg?w=100&h=-1&s=1","5.0 of 5 bubbles","Life changing experience",8,"My dream place - Shiva and Ganga Aarti is mesmerizing. Its a life changing experience, In calmness and stillness sitting and meditating by the Ganges","Apr 2023","","","","2024-03-23T10:45:57Z"
"Kashi Vishwanath Temple","","g297685","d13859556","4.5","https://www.tripadvisor.com/ShowUserReviews-g297685-d13859556-r885639732-Kashi_Vishwanath_Temple-Varanasi_Varanasi_District_Uttar_Pradesh.html","https://dynamic-media-cdn.tripadvisor.com/media/photo-o/1a/f6/f1/79/default-avatar-2020-21.jpg?w=100&h=-1&s=1","4.0 of 5 bubbles","Magnificent temple. Needs proper darshan arrangements",14,"Temple is magnificent and beautiful. But it is all commercialized. Pandits will try to force you to pay for meals of 11 pandits. Also, it is really difficult to get darshan without Sugam Darshan tickets. Now they do not allow you to touch Shivling. They have put 4 windows having grills. You can pour milk and flowers which will slide to Shivling. Government must make proper arrrangements like Mahakaleshwar temple(Ujjain) so that people can get darshans without the need of agents or VIP (Sugam Darhsan) tickets.","Apr 2023","","","","2024-03-23T10:45:57Z"
"Kashi Vishwanath Temple","","g297685","d13859556","4.5","https://www.tripadvisor.com/ShowUserReviews-g297685-d13859556-r885613562-Kashi_Vishwanath_Temple-Varanasi_Varanasi_District_Uttar_Pradesh.html","https://dynamic-media-cdn.tripadvisor.com/media/photo-o/1a/f6/f1/b8/default-avatar-2020-22.jpg?w=100&h=-1&s=1","1.0 of 5 bubbles","Kashi Vishwanath Corridor has become an example of bad crowd management with no focus on ""Atithiya Devo Bhava""",0,"Kashi Vishwanath Corridor has become an example of bad crowd management with no focus on ""Atithiya Devo Bhava"". I was fortunate to visit the temple and enter from the new premice at Gate number 1. There was no information provided to the tourists in written fashion wthin the premises which can be easily taken care of by using a printer in an hour. Almost every single person was asking the same questions to the police, which made their life frustrating and tiring. People from all over India visit the temple and the information must be conveyed in different languages like English, Hindi, Bengali, Tamil, telagu, and marathi. Following are the basic questions everyone was asking and the police were asked these questions like ten thousand times a day which is taxing for them to answer.1.Are people allowed to wear their shoes?2.Are bags allowed on the premises?3.What about mobile phones?4.Are there lockers inside the temple?5.How to reach the lockrers ?6.What all can be kept at the lockers?7.What are the timings for the temple?8.Are foreigners allowed to enter from that gate?All around the ghats, I see locals haggling tourists to keep their stuff with them and providing misinformation that there are no facilities in the temple to leave your shoes, camera, bags, phone, food etc.Providing no information in different languages is not the fault of the tourist, rather it is a clear miss on the crown management skill of the new coridoor. I saw multiple instances where the police was rudely shouting on the tourist because of the following reasons1. They were asking the same questions again and again2. The tourist were speaking language which the police would understand; most of the staff can only speak in Hindi, they can't communicate in English either3. The heat was frustrating and draining for the tourist and the police. The tourist felt disrespectful, frustrated when asked to follow a new rule verbally everytime they were at a security check.BATONUsing BATON to instruct tourists have become a fashion in Kashi; which is so annoying. The demeaner of a police person trying to explain the tourist in an angry and rude tone with a baton is very very disrespectful. The entire staff must be trained to not use their baton for normal communication; it is simply bad manners.I think this situation can be easily solved with clear and streamlined effort to ease the experience for the tourists by clearing displaying the rules and guidelines in different languages at all the prominent places in, around and even far from the city.FOREIGNERSI was travelling with my friend and coleague from America and the police did not allow my friend to enter from gate number 1. We we showed wierd gestures by the police and scolded because we were unaware that foreigners were not allowed from that area. Again there was not information displayed for foreigners, unncecessarily the police got into this unnecessary argument at no fault of ours. It was such a racist act. Police has no authrority to shout at a foreigner because the police can't speak English, or because he is frustrated from his work, or he is too arrogant of his powers.THIS EXPERIENCE WAS CLEARLY NOTHING WHAT THIS CITY IS FAMOUS FOR ""ATITHI DEVO BHAVAA"". It is way more important for the staff to behave respectfully in the temple than building fancy marble buildings and laser lighting. The experience matters more than the ambaince. And please, for Gods sake, forbit the police to use their BATON for general communication; bann that as the first thing. It is nowhere the culture of our country to misbehave with guests to protect a temple. Guests were considered God in this holy land synonymous to Shiva in Kashi Vishwanath temple; crowd management must be imroved with topmost priority.","Apr 2023","","","","2024-03-23T10:45:57Z"
"Kashi Vishwanath Temple","","g297685","d13859556","4.5","https://www.tripadvisor.com/ShowUserReviews-g297685-d13859556-r885567626-Kashi_Vishwanath_Temple-Varanasi_Varanasi_District_Uttar_Pradesh.html","https://dynamic-media-cdn.tripadvisor.com/media/photo-o/1a/f6/e9/60/default-avatar-2020-64.jpg?w=100&h=-1&s=1","5.0 of 5 bubbles","Morning and evening darshan",7,"Varanasi visiting and viait kashi vishwanath early morning and the evening time are both unexpected hapoy moments of my life .","Apr 2023 • Solo","","","","2024-03-23T10:45:57Z"
"Kashi Vishwanath Temple","","g297685","d13859556","4.5","https://www.tripadvisor.com/ShowUserReviews-g297685-d13859556-r885036302-Kashi_Vishwanath_Temple-Varanasi_Varanasi_District_Uttar_Pradesh.html","https://dynamic-media-cdn.tripadvisor.com/media/photo-o/08/27/ff/25/archanakakar.jpg?w=100&h=-1&s=1","5.0 of 5 bubbles","Varanasi is not just a city, it’s a state of being and becoming",661,"🌸🎋♨️🚘✈️ 🛳🚁🏖🌈 🙏🏻 Kashi Vishwanath Temple🙏🏻“Benares is older than history, older than tradition, older even than legend and looks twice as old as all of them put together.”-Mark TwainVaranasi is not just a city, it’s a state of being and becoming while breathing the aura and comprehending its essence . It’s an aurora of all that encompasses, profound, sublime, surreal and a solemn sojourn. A coruscating phenomenon that transforms each individual with erudition on the anvil of introspection, retrospection and anticipation.Varanasi is one of the world’s most ancient cities. Kashi is its ancient name, associated with a kingdom of the same name 2,500 years ago. In the 8th century, Adi Shankara established the worship of Lord Shiva as an official sect of Varanasi.Kashi Vishwanath Temple is one of the most famous temples in Varanasi, also known as the Golden Temple dedicated to Lord Shiva. It was constructed in the year 1780 by the Maratha monarch, Maharani Ahilyabai Holkar of Indore. it is also one of the twelve jyotirlingas. It is famous for its gold-plated domes and spires and its Nandi Bull statue.Destroyed and rebuilt several times, the present structure stands near the original temple site. Hindus from around the world try to visit the temple at least once in their lifetime – the belief being that the temple darshan and a dip in the Ganges will lead a devotee to Moksha.The opening time of the temple is: 3:00 amYou can reach the temple by auto rickshaw or a cab.River Cruise Breathtaking views of the ethereal ghats the pious Ganga and mystical spiritualism envelope you in an empyrean-like state. The mystical  Ghats of Varanasi after dusk is an enthralling panoramic sight. They are illuminated with myriad lights and can be seen as a crescent of light from either end.  The  Ganga Aarti of Dashashwamedh Ghat transports you to a near spiritual trance-like state. Blessed is the being who beholds the beauteous Aarti Ritual.The city illumines truth and reveals reality. It does not bring new wonders into the scope of vision but enables one to see what is already there. Where this eternal light intersects the earth, it is known as Kashi. – Diana L. EckThings to Do in Varanasi1. Pilgrimage to Kashi Vishwanath Temple2. Visit the Dashashwamedh Ghat which is known for its proximity to the temple and fabulous Ganga Aarti. 3. Visit Sankatmochan Temple.4. Visit the Dhamek Stupa in Sarnath5. Explore the 1750s Ramnagar Fort on the eastern banks of River Ganga6. Check out the Sarnath Museum for its archaeological artefacts dating from the 3rd -century BCE.7. The Lion capital of Ashoka at  Sarnath has been interpreted to be a commemoration of the Buddha's first sermon.Dress codeThere is no particular attire specified for a visit to the Kashi Vishwanath Temple, but there is a general dress code that is enforced. Visitors to the temple must cover their arms and legs. Indian traditional dresses are not compulsory and Western clothes are allowed.","Apr 2023 • Friends","","","","2024-03-23T10:45:57Z"
"Kashi Vishwanath Temple","","g297685","d13859556","4.5","https://www.tripadvisor.com/ShowUserReviews-g297685-d13859556-r884008444-Kashi_Vishwanath_Temple-Varanasi_Varanasi_District_Uttar_Pradesh.html","https://dynamic-media-cdn.tripadvisor.com/media/photo-o/1a/f6/f4/5d/default-avatar-2020-32.jpg?w=100&h=-1&s=1","5.0 of 5 bubbles","Number 1",7,"Om namaha shivaye should to go temple evening time if you wish to see lighting around and good darshan early in the morning at 04:00 am .","Mar 2023 • Solo","","","","2024-03-23T10:45:57Z"
"Kashi Vishwanath Temple","","g297685","d13859556","4.5","https://www.tripadvisor.com/ShowUserReviews-g297685-d13859556-r883027905-Kashi_Vishwanath_Temple-Varanasi_Varanasi_District_Uttar_Pradesh.html","https://dynamic-media-cdn.tripadvisor.com/media/photo-o/09/9c/d3/9c/nishith-m.jpg?w=100&h=-1&s=1","5.0 of 5 bubbles","Holiest Shiva temple by Ganges river",3,"Great Spiritual Experience. Book all services on Kashi Vishwanath temple trust  official website only. Avoid private agencies & priest's","Mar 2023 • Family","","","","2024-03-23T10:45:57Z"
"Kashi Vishwanath Temple","","g297685","d13859556","4.5","https://www.tripadvisor.com/ShowUserReviews-g297685-d13859556-r882667706-Kashi_Vishwanath_Temple-Varanasi_Varanasi_District_Uttar_Pradesh.html","https://dynamic-media-cdn.tripadvisor.com/media/photo-o/1a/f6/f4/5d/default-avatar-2020-32.jpg?w=100&h=-1&s=1","4.0 of 5 bubbles","Oldest Shiva Temple - A must see place in Varanasi",192,"An oldest temple of Shiva in one of the oldest cities in the world at the banks of Ganga.Although the whole area has been renewed, the old temple still stands the same.There is always a crowd here and impossible to see the Linga during the day. We visited it again during the mangala arti and even then there was a crowd but managed to get inside to see the Linga.I found sitting outside the inner temple wall more peaceful than aiming to see the Linga, take time to soak in the grace here and near the ghat.Paid 30Rs for a photo near the ghat. Cameras, phones, smart watches are big bags are not allowed inside. Lockers are available outside by lock shops.","Sep 2022","","","","2024-03-23T10:45:57Z"
"Kashi Vishwanath Temple","","g297685","d13859556","4.5","https://www.tripadvisor.com/ShowUserReviews-g297685-d13859556-r881677371-Kashi_Vishwanath_Temple-Varanasi_Varanasi_District_Uttar_Pradesh.html","https://dynamic-media-cdn.tripadvisor.com/media/photo-o/1a/f6/f1/79/default-avatar-2020-21.jpg?w=100&h=-1&s=1","3.0 of 5 bubbles","Beautiful Temple & Site but Poorly Organised",68,"The temple itself is quite beautiful (especially the newer, main site) and it seems to be a nice temple dedicated to Lord Shiva in Varanasi (Benaras), not to mention its almost on the Ganga (Ganges) riverside. However, the organisation regarding getting to the Temple and coming out wasn't great, because even though the temple was beside the road, getting into the main site involved a somewhat long and winding walk through the old narrow corridors in the older parts of the site which weren't exactly the cleanest or best maintained to walk through barefoot & it didn't help that there were lots of people (I'm okay with long walks, but not across corridors where the floor isn't well maintained or which are too narrow for a large number of people). Not to mention when we got closer to the temple, there were about two security checks (I can understand one check but more checks than that is a bit too much) which further slowed things down and once we finally got to the temple, there seemed to be some pushing in the queue and at the central spot one or two priests poured too much tilak/kumkum on me without consent which ruined my shirt and vest. But anyway, the main temple itself was quite nice, beautiful and relatively well maintained compared to the older narrow bits and corridors I walked through in order to get there (although photos were understandably restricted) and it was good to worship Shiva for a short while. But the organisation regarding getting to the temple and reaching it definitely could be improved and if you are going there by car, bear in mind that there is no direct car park at the temple, so you need to memorise the name and location of where the car is kept in order to avoid getting lost and the car parks are some distance away.","Feb 2023","","","","2024-03-23T10:45:57Z"
"Kashi Vishwanath Temple","","g297685","d13859556","4.5","https://www.tripadvisor.com/ShowUserReviews-g297685-d13859556-r878772888-Kashi_Vishwanath_Temple-Varanasi_Varanasi_District_Uttar_Pradesh.html","https://dynamic-media-cdn.tripadvisor.com/media/photo-o/07/5c/18/6a/ujwala-p.jpg?w=100&h=-1&s=1","3.0 of 5 bubbles","blessed",68,"positive vibes, serene... feeling blessed .. was out first trip.. Management is worst, for every offering you need to bribe panditji.  so many security but can't help on bribing pandit's .. those who had paid for special offering not able to do puja. every devotee should get proper darshan at the temple. everyone is coming from far and with faith on God..","Feb 2023","","","","2024-03-23T10:45:57Z"
"Kashi Vishwanath Temple","","g297685","d13859556","4.5","https://www.tripadvisor.com/ShowUserReviews-g297685-d13859556-r876263407-Kashi_Vishwanath_Temple-Varanasi_Varanasi_District_Uttar_Pradesh.html","https://dynamic-media-cdn.tripadvisor.com/media/photo-o/16/92/f3/f3/mayday1942.jpg?w=100&h=-1&s=1","4.0 of 5 bubbles","Does Bhole Nath need Fort Knox like security??",158,"One should reach the temple premises before the shops start opening and avoid the rush of shoppers and devotees. Vehicular traffic is banned, once the market opens. Luckily, we did not have to join the serpentine que of devotees and reached the main temple in a matter of minutes. Yet, we could spend only a few seconds in front of Baba Bhole Nath. The corridor is grand.Like in Ayodhya, photography was prohibited. We were divested of our mobiles. Even items like pens, combs and the ladies' hair clutches had to be surrendered. Really!!! One would thing they were guarding Fort Knox.","Jan 2023","","","","2024-03-23T10:45:59Z"
"Kashi Vishwanath Temple","","g297685","d13859556","4.5","https://www.tripadvisor.com/ShowUserReviews-g297685-d13859556-r872910842-Kashi_Vishwanath_Temple-Varanasi_Varanasi_District_Uttar_Pradesh.html","https://dynamic-media-cdn.tripadvisor.com/media/photo-o/1a/f6/e2/11/default-avatar-2020-41.jpg?w=100&h=-1&s=1","5.0 of 5 bubbles","A wonderful experience.",50,"The place is an experience to see.The corridor is beautifully designed.The kashi vishwanath temple gumbad is gold plated and systematically designed,so as the pilgrims can see the lord through a queue.The Annapurna temple is also within the corridor and close to the main temple.Even the shivling from Gyanwapi is also installed just opposite to the main jyotirlinga.It is advised to take the ticket for darshan as the darshan through free entry is very difficult and one has to face a very long queue.There is a provision for Rudrabhishek also within the premises.","Dec 2022 • Couples","","","","2024-03-23T10:45:59Z"
"Kashi Vishwanath Temple","","g297685","d13859556","4.5","https://www.tripadvisor.com/ShowUserReviews-g297685-d13859556-r871766961-Kashi_Vishwanath_Temple-Varanasi_Varanasi_District_Uttar_Pradesh.html","https://dynamic-media-cdn.tripadvisor.com/media/photo-o/1a/f6/eb/43/default-avatar-2020-11.jpg?w=100&h=-1&s=1","5.0 of 5 bubbles","My First Visit to Kashi",8,"It was my First visit to Kashi Vishwanath. Enjoy the moments in the Sacred Lap of SHIVA. Parsad at Mata Annpurna Mandir was delicious and amazing.","Jul 2022","","","","2024-03-23T10:45:59Z"
"Kashi Vishwanath Temple","","g297685","d13859556","4.5","https://www.tripadvisor.com/ShowUserReviews-g297685-d13859556-r870726967-Kashi_Vishwanath_Temple-Varanasi_Varanasi_District_Uttar_Pradesh.html","https://dynamic-media-cdn.tripadvisor.com/media/photo-o/1a/f6/e4/a9/default-avatar-2020-50.jpg?w=100&h=-1&s=1","5.0 of 5 bubbles","Vishwanath Darshan - A visit to the holy abode of Mahadev!",63,"Recently Visited Shri Kashi Vishwanath temple. This was a family visit with toddlers.Visited early 8am in the morning. Parked my car at Maidagin Multilevel car parking.They charge 20rs/hr. Took rikshaw to gate no.4  there is a temple trust office couple of meters away from the gate. They offer lockers left our bags there. . Took prashad and offerings and  went inside there is a locker inside too for phones put our cellphones there. There are washrooms for both gents and ladies.Recommended to visit early morning as rush was low. Did amazing darshan of Bhole Nath. They have now rebuilded temple the surroundings beautifully.Went to the Annapurna temple did Anaapurna mata's darshan. At the Annapurna mata temple they serve mata's prashad to the pilgrims.Had prasad.Amazing visit. HAR HAR MAHADEV!","Dec 2022","","","","2024-03-23T10:45:59Z"
"Kashi Vishwanath Temple","","g297685","d13859556","4.5","https://www.tripadvisor.com/ShowUserReviews-g297685-d13859556-r869405272-Kashi_Vishwanath_Temple-Varanasi_Varanasi_District_Uttar_Pradesh.html","https://dynamic-media-cdn.tripadvisor.com/media/photo-o/1a/f6/e8/5b/default-avatar-2020-61.jpg?w=100&h=-1&s=1","3.0 of 5 bubbles","Lower your expectations",7,"This old citi with ganga river is worth visiting, but you need to be able body, not much facilities for senior citizens, , cleanliness is not there","Nov 2022 • Friends","","","","2024-03-23T10:45:59Z"
"Kashi Vishwanath Temple","","g297685","d13859556","4.5","https://www.tripadvisor.com/ShowUserReviews-g297685-d13859556-r868515870-Kashi_Vishwanath_Temple-Varanasi_Varanasi_District_Uttar_Pradesh.html","https://dynamic-media-cdn.tripadvisor.com/media/photo-o/07/2c/d2/ad/div-y.jpg?w=100&h=-1&s=1","5.0 of 5 bubbles","Must visit spiritual place",22,"Har Har Mahadev 🙏 . The visit to the Spiritual capital of the world was truely beautiful. The city of Shiva is so old yet is up to these modern times. The river Ganga was so full from the recent rains - a sight to be viewing. The new Vishwanath corridor is very well done! Lucky to have done Rudra Abhisheka at this temple 🙏. We visited with our family including our in-laws. The happiness in their eyes after visiting this temple was very satisfying.","Sep 2022 • Family","","","","2024-03-23T10:45:59Z"
"Kashi Vishwanath Temple","","g297685","d13859556","4.5","https://www.tripadvisor.com/ShowUserReviews-g297685-d13859556-r865726318-Kashi_Vishwanath_Temple-Varanasi_Varanasi_District_Uttar_Pradesh.html","https://dynamic-media-cdn.tripadvisor.com/media/photo-o/1a/f6/e9/bb/default-avatar-2020-65.jpg?w=100&h=-1&s=1","5.0 of 5 bubbles","Kashi and Sarnath Visit.",17,"Always love this city. Kashi is supposed to be the oldest city in the world and abode of Lord Shiva. Visited Kashi Vishwanath temple, Kaal Bhairav Temple Sankat Mochan and Durga Kund . These along with the Ganga Ghat &!Sarnath  are the must visit places for anyone especially a Hindu. I would vote the omnipresent Auto to be best mode of transportation for touring the city. And the best part was our Autorickshaw driver Pappu who ensured that we didn’t miss anything. Would highly recommend him in case anyone wants to visit Varanasi.His phone no. is 98390 67293 and 89487 35966","Oct 2022 • Family","","","","2024-03-23T10:45:59Z"
"Kashi Vishwanath Temple","","g297685","d13859556","4.5","https://www.tripadvisor.com/ShowUserReviews-g297685-d13859556-r857933924-Kashi_Vishwanath_Temple-Varanasi_Varanasi_District_Uttar_Pradesh.html","https://dynamic-media-cdn.tripadvisor.com/media/photo-o/29/4e/c6/d0/caption.jpg?w=100&h=-1&s=1","5.0 of 5 bubbles","Must Visit ",202,"In the Spritual Capital of India you can find this beautiful Temple dedicated to Lord Shiv. Among one of the 12 Jyotirlings Temple it is considered to be the Holiest of Shiva Temple... It is situated on the Western Bank of the Holy River Ganga.","Aug 2022 • Family","","","","2024-03-23T10:45:59Z"
"Kashi Vishwanath Temple","","g297685","d13859556","4.5","https://www.tripadvisor.com/ShowUserReviews-g297685-d13859556-r856899846-Kashi_Vishwanath_Temple-Varanasi_Varanasi_District_Uttar_Pradesh.html","https://dynamic-media-cdn.tripadvisor.com/media/photo-o/04/77/22/7b/manishasharma2009.jpg?w=100&h=-1&s=1","5.0 of 5 bubbles","Divine, spiritual, magical",244,"The divine darshan of the Vishwanath was the best part. Nothing can beat this spiritual experiences. Of course, waiting in the serpentine line is tiresome, especial in hot weather. But the darshan are worth the wait. Now the newly made corridor makes this ancient temple even more beautiful.","Aug 2022 • Family","","","","2024-03-23T10:45:59Z"
"Kashi Vishwanath Temple","","g297685","d13859556","4.5","https://www.tripadvisor.com/ShowUserReviews-g297685-d13859556-r853377318-Kashi_Vishwanath_Temple-Varanasi_Varanasi_District_Uttar_Pradesh.html","https://dynamic-media-cdn.tripadvisor.com/media/photo-o/17/b7/58/13/caption.jpg?w=100&h=-1&s=1","4.0 of 5 bubbles","Kasi Vishwanath (Golden) temple and Ganga Aarti.",61,"We were on a drive from Hyderabad to Ayodhya and took a detour via Varanasi to visit this temple. The scene is a typical sight of any pilgrimage or temple that you see in India. We parked our car about 2 kms from the temple complex as the approach road is very narrow and we were not sure about any parking availability near the temple. Believe me, its the right decision to park your car away and take an auto ride till the temple. The moment you reach there, there are pandit's who will pester you and offer for an out of turn darshan. I don't think that extra payment is required during non rush hours or any special days. Of course, as in all pilgrimages there is a nexus here too. The guide will take you to any random shop which has lockers and also offers prasad for the temple. Your locker is free if you buy prasad offerings from them. There are official lockers available if you enter the temple from the Ganges side ghat. Mobiles, keys, watches, cameras are not allowed in the temple. Through the narrow lanes you are taken to the temple. Charges vary between 300/- per person to 800/- per person for darshan depending on bargain skills. Best to buy online ticket on the spot at the counter. The pandit will ask you to make offerings starting from minimum 500/-  Don't fall prey. You can give 21/- also. Of course they will get unhappy but thats the way they thug you. Complete your darshan of the main deity that is in the golden complex and the many small temples which are part of the main temple and also visit the Manikarnika ghat. If you want to take photos for memory, then you will have to walk back to gate 4 after collecting your stuff from lockers and then take photos outside the temple. Locker free + Prasad: Min 350/-Locker + no prasad: Pay 100/- and ask for a small box of prasad. Do have lassi in the many lassi shops. They all serve similar taste of lassi. At 6:30 PM the famous Ganga Aarti takes place at the Dashaswamedh Ghat. Don't miss this spectacle as its worth the wait. There are separate tickets for the Ganga Aarti. That will complete your Kasi Vishwanath visit.","Aug 2022 • Friends","","","","2024-03-23T10:45:59Z"
"Kashi Vishwanath Temple","","g297685","d13859556","4.5","https://www.tripadvisor.com/ShowUserReviews-g297685-d13859556-r836986020-Kashi_Vishwanath_Temple-Varanasi_Varanasi_District_Uttar_Pradesh.html","https://dynamic-media-cdn.tripadvisor.com/media/photo-o/1a/f6/f0/d5/default-avatar-2020-17.jpg?w=100&h=-1&s=1","4.0 of 5 bubbles","Blessed by the efforts of many to make improvements near a holy pilgrimage.",0,"Renovation near and inside Kashi Vishwanath Temple is being carried out with full zeal. I'm flabbergasted by the improvement and  cooperation by the people for making radical changes in our holy places. A very nice step taken by the government to promote our religion, culture and environment. These changes will enhance the Glory of our nation - India.","Feb 2022 • Couples","","","","2024-03-23T10:46:01Z"
"Kashi Vishwanath Temple","","g297685","d13859556","4.5","https://www.tripadvisor.com/ShowUserReviews-g297685-d13859556-r836024016-Kashi_Vishwanath_Temple-Varanasi_Varanasi_District_Uttar_Pradesh.html","https://dynamic-media-cdn.tripadvisor.com/media/photo-o/1a/f6/e4/59/default-avatar-2020-49.jpg?w=100&h=-1&s=1","5.0 of 5 bubbles","Must visit in Kashi ",3,"Main temple when you visit Kaashi. Beautiful new corridor constructed. Must visit when you are here. Shiva blessings are felt in this place.","Apr 2022 • Family","","","","2024-03-23T10:46:01Z"
"Kashi Vishwanath Temple","","g297685","d13859556","4.5","https://www.tripadvisor.com/ShowUserReviews-g297685-d13859556-r832388661-Kashi_Vishwanath_Temple-Varanasi_Varanasi_District_Uttar_Pradesh.html","https://dynamic-media-cdn.tripadvisor.com/media/photo-o/03/fd/39/23/arindam59.jpg?w=100&h=-1&s=1","5.0 of 5 bubbles","A Divine experience",135,"It is one of the most revered Shiv temples and attracts hordes of devotees everyday.A very good initiative by the temple trust is to make all services available online   shrikashivishwanath to remove the scourge of touts and crooks.All devotees must make use of this facility and directly visit the Booking office,especially near Gate No 4, to get the entitled services,instead of being misled.There is resistance from established locals to subvert the new system including the Renovations being undertaken to make the approach from Lalita ghat very majestic as befitting the Kashi Temple. The administration needs to focus on changing the mindset of people to make the experience of all visiting devotees and also tourists very memorable and friendly. Adoption of the Indore model of ""Clean City"" will truly reflect the glory of this historic city,which it truly deserves","Mar 2022 • Couples","","","","2024-03-23T10:46:01Z"
"Kashi Vishwanath Temple","","g297685","d13859556","4.5","https://www.tripadvisor.com/ShowUserReviews-g297685-d13859556-r828402617-Kashi_Vishwanath_Temple-Varanasi_Varanasi_District_Uttar_Pradesh.html","https://dynamic-media-cdn.tripadvisor.com/media/photo-s/02/55/eb/76/arvind-foodie.jpg?w=100&h=-1&s=1","5.0 of 5 bubbles","Temple of the Lord of Varanasi",480,"I had a quiet and peaceful darshan of Shri Kashi Vihwanath ji at 5am when the crowd was very less. There was serenity and calm within the premises. There were security guards all over the place and they do not allow camera or even water to be carried inside the temple premises. Prasadam (peda box) is available at the entrance. The whole premises looks vast and very well maintained after the recent renovation. There are 4 doors to view the Shiva Linga, where we can offer milk. The Nandi statue faces Gyanvapi mosque and there is a small well, where the original Shiva Linga is apparently placed. The Corridor construction activity is in full swing and we are not allowed beyond a certain point. Once ready in a year or two, the devotees can walk down right upto the Ghats and have a darshan of River Ganga. I could take the photos at the entrance only.","Feb 2022","","","","2024-03-23T10:46:01Z"
"Kashi Vishwanath Temple","","g297685","d13859556","4.5","https://www.tripadvisor.com/ShowUserReviews-g297685-d13859556-r825934482-Kashi_Vishwanath_Temple-Varanasi_Varanasi_District_Uttar_Pradesh.html","https://dynamic-media-cdn.tripadvisor.com/media/photo-o/1a/f6/ef/9c/default-avatar-2020-14.jpg?w=100&h=-1&s=1","5.0 of 5 bubbles","Varanasi",19,"One of the greatest temples of Lord Shiva, the temple situated strategically along the Ganges river. Shiva devotees should come here, it is a worthy visit","Feb 2021 • Friends","","","","2024-03-23T10:46:01Z"
"Kashi Vishwanath Temple","","g297685","d13859556","4.5","https://www.tripadvisor.com/ShowUserReviews-g297685-d13859556-r822218670-Kashi_Vishwanath_Temple-Varanasi_Varanasi_District_Uttar_Pradesh.html","https://dynamic-media-cdn.tripadvisor.com/media/photo-o/08/23/55/e9/willowbrooksam.jpg?w=100&h=-1&s=1","3.0 of 5 bubbles","A great temple, Needs logistics enhancement",231,"First their website sucks. 1. Do it take your mobile phones or electronics or bags when you go.2. Many entrances are available. Go through entrance 4. Ask for it. 3. There are two ways of entering- regular queue or special queue. Regularly queue stretches a mile and can take 3-6 hours.For the special queue one has to buy a 300 rupee ($4), ticket at a counter near gate 4. This place inside is  a mess . One has to buy a token where one indicates their name and telephone number. Then one has to take this token to another counter to get a pass printed and pay a fee. Then you are assigned a priest and the priest takes you through a short route.This ticket counter is disorganized. 4. The first day I decided to go through this counter, came back and hired an agent nearby. I deposited my bags and mobile and footwear with him. He bought me the ticket and I walked with the priest. Remember where your agent’s shop is else you might forget where you deposited your slippers. 5. The special ticket cuts you in through the gate and you get a quick darshan.. 6. Temple complex is divine. Cleanliness is lacking.7Come out the same way you came in. There are many exits and remember where you got in from. Gate 4. 7. Come out of gate number 4","Dec 2021 • Solo","","","","2024-03-23T10:46:01Z"
"Kashi Vishwanath Temple","","g297685","d13859556","4.5","https://www.tripadvisor.com/ShowUserReviews-g297685-d13859556-r807103556-Kashi_Vishwanath_Temple-Varanasi_Varanasi_District_Uttar_Pradesh.html","https://dynamic-media-cdn.tripadvisor.com/media/photo-o/09/09/cf/73/saurabh-m.jpg?w=100&h=-1&s=1","4.0 of 5 bubbles","Once in a lifetime experience, but please be careful from fraud people and pandas",13,"It's been a great experience to be at Kashi Vishwanath Temple. The construction of Vishwanath corridor (Proposed by Govt of India) is in full swing and internal corridor from Main temple to Gyanvapi Mosque road and in all direction is expected to be finished in 7-8 months. For Darshan, be careful with the Pandas (पंडा) roaming on road and they will ensure you to accompany them for darshan, and few of them will claim to be the associate appointed by Kashi vishwanath trust, and will have ID cards but don't get into trap, all of them are frauds. Just ignore all of them and you needs to be strict with those pandas else they will not spare you, go straight to Gate no. 4 .. Please keep in mind that you can not take Mobile, cameras , leather belt , leather purse, wallet inside the temple premises so keep them safe in Govt Locker room (150 mtrs approx before the Gate no. 4) which will be free of cost but again, be careful to use only Govt /Trust locker rooms.Another way, there is SUGAM DARSHAN TICKET /Easy Visit Ticket at a nominal cost of INR 300/- per person (Indian) , where a Shastri will accompany you from Temple Trust, he will walk you through and get you do Darshan without long queues and in this amount you will get one Prasad packate also included. Lal Peda prasad inside temple premises is world famous so don't forget to buy a few hundred grams for you and your loves once. Jay Baba Kashi Vishwanath","Aug 2021 • Solo","","","","2024-03-23T10:46:01Z"
"Kashi Vishwanath Temple","","g297685","d13859556","4.5","https://www.tripadvisor.com/ShowUserReviews-g297685-d13859556-r736907895-Kashi_Vishwanath_Temple-Varanasi_Varanasi_District_Uttar_Pradesh.html","https://dynamic-media-cdn.tripadvisor.com/media/photo-o/1a/f6/ed/7b/default-avatar-2020-6.jpg?w=100&h=-1&s=1","5.0 of 5 bubbles","Mangala Arthi Darshan",5,"For those wanting to visit Mangal arthi at 3 am in the morning please consider the following.1. There is an app and website for Kashi Vishwanath Temple trust. You will need to buy the darshan. please do this a couple of days in advance as the website does not show availability for the current or next day. When I visited it costed Rs. 350. It is necessary that you carry the print out as mobiles are not allowed and you will need to show the printout. They did not check the ID but guess it is necessary to carry.2. It is better to be there around 2 30 am at Gate No 4 The earlier you go the better place you will get to see the Pooja. The sanctum sanctorium is small room and people will be made to sit outside of three doors of the sanctorium. The places are very limited and you are advised to be ealry in case you need a very vantage place to be able to see the pooja.3. If the distance is not walkable to the temple or you do not prefer to walk, please enquire and make suitable arrangements for an auto previous night. Auto is normally available but you do not wnat to leave it to chance.4. Once you arrive near the temple, you will be jostled to buy the offerings. I was not aware and just ended being put an offering basket in my hand. You can be relaxed and choose what you may want as offering. This is also the place where you will leave your footwear and if you carry a mobile a locker will be provided. My recomendation  is leave the phone in the room5. Once you get past security you would walk a bit to reach the place where you will line up to enter the Mandir. You would be standing in a line till you will be allowed to enter the temple.6. Settle into a place that is most convenient and you wi be part of the pooja. When I visited today there were not more than 100 people. Since the place around is very small it is still a large number of. number of people and there will be pushing.7. Once the pooja is over, each perosn will be allowed to enter the Sanctorium and touch the Jyotirlinga. Be prepared for you will be pushed and there is a need to hurry through. I preferred standing in the end for there were not people after me. The Milk if you have in your offering will be poured and the flowers offered. The rest will remain in your basket as the prasad along with Vibhuti and Kumkum. 8. After you finish there will be a pundit who will put tika on your forehead and  offer prasadam. Be prepared to have some money. 9. You will go around looking at other deities and be sure to exit which leads to teh same gate where you entered for it is easy to return back to the place you bought teh offering and left your foot wear.The entire visit is very well organised and you would not need any help from any one. The duration would be an an hour from the time you enter the templeIt's a lifetime experience and worth getting up ealry and going.","Jan 2020 • Solo","","","","2024-03-23T10:46:01Z"
"Kashi Vishwanath Temple","","g297685","d13859556","4.5","https://www.tripadvisor.com/ShowUserReviews-g297685-d13859556-r732766262-Kashi_Vishwanath_Temple-Varanasi_Varanasi_District_Uttar_Pradesh.html","https://dynamic-media-cdn.tripadvisor.com/media/photo-o/0f/39/ae/7f/sourav-d.jpg?w=100&h=-1&s=1","4.0 of 5 bubbles","Pilgrimage ",71,"I had the opportunity to visit kashi viswanath with whole family including a 03 yr old child and old mother. Special darshan has its own advantage for getting into the sanctum Santorum immediately after arti as there will be lot of rush. wheel chair was easily available on payment. Lockers are available at all puja Shamagri shop where one can keep your shoes mobiles etc provided you buy from them. Darshan with old people little difficult as temple becomes crowded and various groups of people enter through different gates. Here one can touch Lord viswanath and no fixed way of performing puja. Overall nice experience.","Nov 2019 • Family","","","","2024-03-23T10:46:01Z"
"Kashi Vishwanath Temple","","g297685","d13859556","4.5","https://www.tripadvisor.com/ShowUserReviews-g297685-d13859556-r730924859-Kashi_Vishwanath_Temple-Varanasi_Varanasi_District_Uttar_Pradesh.html","https://dynamic-media-cdn.tripadvisor.com/media/photo-o/06/f6/c9/b0/mukabuku2112.jpg?w=100&h=-1&s=1","1.0 of 5 bubbles","Over commercialised and money grabbing temple by people who runs it",60,"My friend and I decided to visit this temple when she read that it was supposedly the oldest temple in Varanasi.  We could not find much information except that entrance is free.  I find a time when they do not have prayers so as not to clash with the crowd. The rickshaw left us on a small lane and told us to get in there. We went round the maze, asking, and a local man who was also heading there and searching for it told us to follow him. We followed and we met another man. At the main road, in front of the temple trust building, the other man pointed to us and told the first guy we are required to register ourselves and pay 600Rp and he then left. We told the first guy there is no need as we did not read anything about foreigners having to fork out 600Rp.  When we reached Entrance 4, he said he will enquire with the police. The police told him there is no entry fees but we are required to go to the trust temple building to have our passport verified. We were also informed backpacks are not allowed and we told them our intention is to have one of us go in while the other stood watch over the bags and shoes. The police is fine with that. So we went off to the trust temple building and was curtly told by the lady there that all foreigners must pay 600Rp. We trot back again to the police post and inform them. They got someone wearing a tag from the trust temple building to accompany us. We let him explain to them and the 600Rp lady was obviously very angry that we need not pay. She was complaining away during our duration there. She directed us to another desk and the lady there is more polite informing us that we get a locker and some sweets if we pay the 600Rp.  We politely declined and was directed back to the 600Rp lady who then only got our passport verified. She then told us we must both go in at the same time and we are required to put all our things in a locker. I thought it was another attempt at getting the 600Rp from us. After some discussion, we asked about the locker fees and was told it's 20Rp. Of course we have no problem with that. Inside the temple, there aren't many people. It's only about approx 90sqm x 60sqm. We could see the golden dome. We avoided the priests outside with tray of offerings and money offerings, although they beckoned us. Then at the centre, someone told us to enter, I checked for any 'donation' and there was none as this one the priest was submerged in some milk and flowers. A lady inside told us that it's lingam and told us to repeat some mantra. Then she asked if we would like something for our forehead, we nodded and she put some powder on our forehead. She's the only one who serve the temple, in my opinion, never asking or expecting anything in return. We thanked her and left. Another area was cordoned off for foreigners, so it was a very short visit.I felt that the temple trust people should have been frank with foreginers. Looking at the 1 star review, there are foreginers who felt they are being conned to enter and pay 600Rp. At least tell them or show them pictures of what they expect to see and let them decide whether to pay 600Rp or not. This is the first temple in Asia I visited that I felt most of those who serve at the temple trust are motivated by greed. I did further research and yes, there are 'fast track', 'avoid queue' prayers at different price rate. I guess where there is demand, there will always be innovative supply method.","Nov 2019 • Friends","","","","2024-03-23T10:46:01Z"
"Kashi Vishwanath Temple","","g297685","d13859556","4.5","https://www.tripadvisor.com/ShowUserReviews-g297685-d13859556-r730093428-Kashi_Vishwanath_Temple-Varanasi_Varanasi_District_Uttar_Pradesh.html","https://dynamic-media-cdn.tripadvisor.com/media/photo-o/23/21/89/33/lihkinstravels.jpg?w=100&h=-1&s=1","1.0 of 5 bubbles","Beautiful Temple Destroyed by Commercialism...",81,"I was very disappointed with this temple. First, the approach to the temple is filthy and the security is immense (I can live with that as it is an issue of safety). However, once you enter the main temple, chaos prevails! There are lines, but people just cut them and the police are just standing around twiddling their thumbs. The level of corruption among the priests and the middlemen is mind-boggling. Everyone wants Rs. 200 to Rs. 500 from you - the priests will pull you towards them, apply some ash on your forehead and demand Rs. 200 to Rs. 500. Absolutely ridiculous. How about being a little spiritual, you disgusting Godmen? And then the pièce de résistance - apparently if you pay Rs. 300, you don't have to wait in lines, but can shortcut your way through to see the idols. Didn't know that Lord Shiva had a whole business going for extra money. What a shame! The Hindu religion and the Gods like Lord Shiva are not about capitalism and money - however, these greedy priests and the temple union have turned this very spiritual experience into a money making racket. Avoid if you can!","Dec 2019","","","","2024-03-23T10:46:03Z"
"Kashi Vishwanath Temple","","g297685","d13859556","4.5","https://www.tripadvisor.com/ShowUserReviews-g297685-d13859556-r729155334-Kashi_Vishwanath_Temple-Varanasi_Varanasi_District_Uttar_Pradesh.html","https://dynamic-media-cdn.tripadvisor.com/media/photo-o/1a/f6/eb/e3/default-avatar-2020-59.jpg?w=100&h=-1&s=1","4.0 of 5 bubbles","An amazing visit",76,"Felt blessed and happy after visiting here . Temple is very good . Will love to visit here .  Most visit place in Varanasi.","Oct 2019 • Family","","","","2024-03-23T10:46:03Z"
"Kashi Vishwanath Temple","","g297685","d13859556","4.5","https://www.tripadvisor.com/ShowUserReviews-g297685-d13859556-r726971920-Kashi_Vishwanath_Temple-Varanasi_Varanasi_District_Uttar_Pradesh.html","https://dynamic-media-cdn.tripadvisor.com/media/photo-o/0f/6a/6b/ec/madhur-b.jpg?w=100&h=-1&s=1","4.0 of 5 bubbles","One of the oldest Shiv Temple - Things to take care",752,"I loved my time here, it is one of the oldest Shiv temple and is a different experience.Things to remember:-1) There are multiple entry gates, don't take the one with the narrow street, take the main gate which is on the main road, broad street.2) There would be a lot of people asking to deposit footwear etc. along the way, just go straight to the gate and nearby you will see people with lockers and shops which can deposit. Don't deposit shoes3) Deposit, mobile, leather items, wallet, watch etc. only Analog watch allowed inside4) After the checkpost there would be a huge queue bare foot, it could take more than an hour even in the queue so you'll need the footwear.5) A lot of people will come and ask you for VIP Darshan demanding unreasonable amount of money, if it is around 500 Rs. or less then fine, don't pay more than that6) As you reach near the temple after queue, there is a place to deposit footwear which most people aren't aware.7) Deposit and you can take milk from shops inside and Prasad as well.NOTE:- For VIP Darshans there is a huge official shop near to the entry gate, you can pay there and get an entry ticket","Oct 2019","","","","2024-03-23T10:46:03Z"
"Kashi Vishwanath Temple","","g297685","d13859556","4.5","https://www.tripadvisor.com/ShowUserReviews-g297685-d13859556-r719101100-Kashi_Vishwanath_Temple-Varanasi_Varanasi_District_Uttar_Pradesh.html","https://dynamic-media-cdn.tripadvisor.com/media/photo-o/1a/f6/f2/eb/default-avatar-2020-27.jpg?w=100&h=-1&s=1","5.0 of 5 bubbles","this is one of the best temples I ever visited,",108,"It was a great experience, I went with some locals/friends  from Varanasi and New Delhi, must go very early I visited at 5 am.","Oct 2019","","","","2024-03-23T10:46:03Z"
"Kashi Vishwanath Temple","","g297685","d13859556","4.5","https://www.tripadvisor.com/ShowUserReviews-g297685-d13859556-r717918047-Kashi_Vishwanath_Temple-Varanasi_Varanasi_District_Uttar_Pradesh.html","https://dynamic-media-cdn.tripadvisor.com/media/photo-o/1a/f6/f2/eb/default-avatar-2020-27.jpg?w=100&h=-1&s=1","5.0 of 5 bubbles","Varanasi Visit",4,"Its a great trip involving various temple visits and luxury cruise trip.Visit to sarnath was quite amusing","Sep 2019 • Family","","","","2024-03-23T10:46:03Z"
"Kashi Vishwanath Temple","","g297685","d13859556","4.5","https://www.tripadvisor.com/ShowUserReviews-g297685-d13859556-r714267721-Kashi_Vishwanath_Temple-Varanasi_Varanasi_District_Uttar_Pradesh.html","https://dynamic-media-cdn.tripadvisor.com/media/photo-o/0d/ec/64/f8/674santha.jpg?w=100&h=-1&s=1","5.0 of 5 bubbles","second temple",195,"there are three Kasi Viswanath temple to worship in Varanasi the main temple is a golden temple which is located adjacent to the mosque the second one is on the banks of Ganges under a peepul tree where many devotees do the pooja by touching the god himself pouring Ganga jal and flowers on him the third Viswanath temple is at Banaras Hindu University and the shiva lingam is awesome to see and worship","Sep 2019","","","","2024-03-23T10:46:03Z"
"Kashi Vishwanath Temple","","g297685","d13859556","4.5","https://www.tripadvisor.com/ShowUserReviews-g297685-d13859556-r705789226-Kashi_Vishwanath_Temple-Varanasi_Varanasi_District_Uttar_Pradesh.html","https://dynamic-media-cdn.tripadvisor.com/media/photo-o/1a/f6/f0/d5/default-avatar-2020-17.jpg?w=100&h=-1&s=1","3.0 of 5 bubbles","First time visit to the temple",13,"Definitely if you are a devotee of lord Shiva then this is a must. However I found it personally ok for following reasons: Too many police blocking your way everywhere, very narrow galis (streets), lots of potty from animals. It seems like there are plans to change access to the temple as surrounding buildings are being demolished. Again I felt sad by seeing so many destitute, poor people and sadhus begging. One cannot even have proper darshan as you are just forced to do it very quickly.","Aug 2019","","","","2024-03-23T10:46:03Z"
"Kashi Vishwanath Temple","","g297685","d13859556","4.5","https://www.tripadvisor.com/ShowUserReviews-g297685-d13859556-r705493941-Kashi_Vishwanath_Temple-Varanasi_Varanasi_District_Uttar_Pradesh.html","https://dynamic-media-cdn.tripadvisor.com/media/photo-o/1a/f6/ea/2e/default-avatar-2020-67.jpg?w=100&h=-1&s=1","5.0 of 5 bubbles","New Dham",20,"Only name is new Kashi Vishwanath DhamTemple is very old and powerful Shiva lingam you can touch only some pacific time so collecting all knowledge before you going this Temple","Sep 2019 • Family","","","","2024-03-23T10:46:03Z"
"Kashi Vishwanath Temple","","g297685","d13859556","4.5","https://www.tripadvisor.com/ShowUserReviews-g297685-d13859556-r705238998-Kashi_Vishwanath_Temple-Varanasi_Varanasi_District_Uttar_Pradesh.html","https://dynamic-media-cdn.tripadvisor.com/media/photo-o/19/13/87/3a/avatar.jpg?w=100&h=-1&s=1","5.0 of 5 bubbles","Super energy center",105,"One of the most important shrine of lord Shiva. A must visit for Hindus. An important jyotirlinga. The energy here is too powerful, if you can feel.. just you can get the shower of the same.","Mar 2019 • Family","","","","2024-03-23T10:46:03Z"
"Kashi Vishwanath Temple","","g297685","d13859556","4.5","https://www.tripadvisor.com/ShowUserReviews-g297685-d13859556-r704498126-Kashi_Vishwanath_Temple-Varanasi_Varanasi_District_Uttar_Pradesh.html","https://dynamic-media-cdn.tripadvisor.com/media/photo-o/08/83/fb/ea/subhrajyotic.jpg?w=100&h=-1&s=1","5.0 of 5 bubbles","Holiest dham for Hindus",277,"Much better organized & cleaner than it used to. A must visit if you are in Varanasi & now has a tourist information center as well.","Apr 2019","","","","2024-03-23T10:46:03Z"
"Kashi Vishwanath Temple","","g297685","d13859556","4.5","https://www.tripadvisor.com/ShowUserReviews-g297685-d13859556-r696401729-Kashi_Vishwanath_Temple-Varanasi_Varanasi_District_Uttar_Pradesh.html","https://dynamic-media-cdn.tripadvisor.com/media/photo-o/06/a6/24/fc/rakedelhi.jpg?w=100&h=-1&s=1","5.0 of 5 bubbles","Dham of the great lord Shiva",20,"A place to worsip though you must be prepared to stand in a line which extents to a kilometer long.But all the wait and trouble taken cease once you make an entry to the temple.The inner peace just comes within you despite the hustle bustle of the people inside which is also clamed up by the devotees and pandits.The many shivlings inside the temple are beyond belief and explanation.Surely your innerself seems cleansed and give a feeling of purity","Aug 2019","","","","2024-03-23T10:46:05Z"
"Kashi Vishwanath Temple","","g297685","d13859556","4.5","https://www.tripadvisor.com/ShowUserReviews-g297685-d13859556-r695489124-Kashi_Vishwanath_Temple-Varanasi_Varanasi_District_Uttar_Pradesh.html","https://dynamic-media-cdn.tripadvisor.com/media/photo-o/1a/f6/e2/e6/default-avatar-2020-45.jpg?w=100&h=-1&s=1","4.0 of 5 bubbles","real religious life",14,"Real religious life - but for foreigners only access at Gate number 2! Then you can see an architectureal not so interesting but very lifely spiritual life. Really worth to see!","Aug 2019 • Couples","","","","2024-03-23T10:46:05Z"
"Kashi Vishwanath Temple","","g297685","d13859556","4.5","https://www.tripadvisor.com/ShowUserReviews-g297685-d13859556-r693944835-Kashi_Vishwanath_Temple-Varanasi_Varanasi_District_Uttar_Pradesh.html","https://dynamic-media-cdn.tripadvisor.com/media/photo-o/0b/d5/a3/38/rvb142.jpg?w=100&h=-1&s=1","5.0 of 5 bubbles","Kashi Vishwanath mandir",12,"Pleasantly surprised to see the changed Kashi. Cleaner town, spruced up ghats, efficient temple trust and above all the wonderful temple. Access to temple is good and clean. Drinking water was supplied to the pilgrims waiting in the long queues during this holy month of saavan. We utilised the Sugam Darshan facility of temple twice and Rudrabhisheka once. It was smooth and well managed. Hope to visit the holy place once again.","Jul 2019","","","","2024-03-23T10:46:05Z"
"Kashi Vishwanath Temple","","g297685","d13859556","4.5","https://www.tripadvisor.com/ShowUserReviews-g297685-d13859556-r690868097-Kashi_Vishwanath_Temple-Varanasi_Varanasi_District_Uttar_Pradesh.html","https://dynamic-media-cdn.tripadvisor.com/media/photo-o/14/b3/bb/e2/ramyaa-prakash.jpg?w=100&h=-1&s=1","5.0 of 5 bubbles","Kashi Vishwanatha!",19,"Only Jyotirlinga where Lord is with the Goddess. Om Namah Parvati Pataye.. Hara Hara Mahadev !Divinity is above everything. Lot of development works taking place. Lot of them are done. Best attraction is Ganga Aarti. Never vacate Varanasi without having a glimpse of Ganga Aarti.","Aug 2018 • Family","","","","2024-03-23T10:46:05Z"
"Kashi Vishwanath Temple","","g297685","d13859556","4.5","https://www.tripadvisor.com/ShowUserReviews-g297685-d13859556-r681220121-Kashi_Vishwanath_Temple-Varanasi_Varanasi_District_Uttar_Pradesh.html","https://dynamic-media-cdn.tripadvisor.com/media/photo-o/1a/f6/ed/00/default-avatar-2020-4.jpg?w=100&h=-1&s=1","5.0 of 5 bubbles","Kashi Vishwanath Mandir Varnasi",73,"its Golden temple of Lord Shiva located in Varnasi. Very pious and religious temple. Be careful about middlemen  there are lot of people try to cheat tourists.  This temple is must atleast once in life time for every hindu","Jun 2019 • Family","","","","2024-03-23T10:46:05Z"
"Kashi Vishwanath Temple","","g297685","d13859556","4.5","https://www.tripadvisor.com/ShowUserReviews-g297685-d13859556-r674558604-Kashi_Vishwanath_Temple-Varanasi_Varanasi_District_Uttar_Pradesh.html","https://dynamic-media-cdn.tripadvisor.com/media/photo-o/07/87/43/eb/ajaykacker.jpg?w=100&h=-1&s=1","5.0 of 5 bubbles","Smooth as silk kinda visit",640,"Visited the temple in the early morning hours.Suggest take a 300 Rs ticket from the counter located near the entrance or online.Pandit takes you along some narrow pathway and right ahead of the line. More policemen than devotees enroute.Clean temple with good management. In addition to the main shrine, there are two more shrines nearly in the same premises.Time for visit post purchase of ticket is max 15 mins if visit on a weekday in early morning hours between 6-7 am.Mobiles and pens not allowed. Wallets allowed.Rs 50 worth of laddu complementary with the Rs 300 ticket. Payment to Panditji is based on your will.","May 2019 • Solo","","","","2024-03-23T10:46:05Z"
"Kashi Vishwanath Temple","","g297685","d13859556","4.5","https://www.tripadvisor.com/ShowUserReviews-g297685-d13859556-r673379132-Kashi_Vishwanath_Temple-Varanasi_Varanasi_District_Uttar_Pradesh.html","https://dynamic-media-cdn.tripadvisor.com/media/photo-o/02/9b/9e/7f/akshayanshu.jpg?w=100&h=-1&s=1","5.0 of 5 bubbles","One of the oldest Temple in the world",630,"This is one of the oldest temples in the world and has a special meaning for Hindus. There is a lot of rush and various Aartis are performed throughout the day. One need to time the same. there is a VIP ticket available to beat the queue.","May 2019 • Couples","","","","2024-03-23T10:46:05Z"
"Kashi Vishwanath Temple","","g297685","d13859556","4.5","https://www.tripadvisor.com/ShowUserReviews-g297685-d13859556-r672043293-Kashi_Vishwanath_Temple-Varanasi_Varanasi_District_Uttar_Pradesh.html","https://dynamic-media-cdn.tripadvisor.com/media/photo-o/0c/73/32/6a/pithva-rajan.jpg?w=100&h=-1&s=1","3.0 of 5 bubbles","Here is little review and tips to get saved from Cons",229,"Review: Just a casual and same experience of visiting all other temples in India. Not up to the mark. Didn't get vibe in the temple. I do recommend to visit Somnath Temple in Gujarat instead of this. But ghats (river fronts of Ganges) are most stunning. Tips: - Be aware of fake Baba(Saints). There is a business to earn money from you. Keywords to identify those fake babas: "" If you tip him they will arrange VIP entry, They will do all the ritual in details, whenever they talk they will give more focus on money""... mostly found near at the starting of the entrance at the alley to the temple. - Do not put your belonging to any of the random locker service provider. Shoes and electronic devices are prohibited to bring in temple hence from the beginning of alley you will find lots of small vendors with locket facilities. but do not use their service. As temple is providing free shoes rack and locker facilities and you can give tips to those guys. 10-40Rs. - there are fake temples as well. ( I'm not kidding), better to ask the route to local policeman. - bring your own disposable water bottle. - it will be better to wear clothes covering your entire body. -do not keep any valuable belongings, important documents and more amount of cash money. _______________Must visit ghats and take the boat ride. Also you have to be a good negotiator before taking boat ride in river ganga (Ganges).","May 2019 • Solo","","","","2024-03-23T10:46:05Z"
"Kashi Vishwanath Temple","","g297685","d13859556","4.5","https://www.tripadvisor.com/ShowUserReviews-g297685-d13859556-r664241170-Kashi_Vishwanath_Temple-Varanasi_Varanasi_District_Uttar_Pradesh.html","https://dynamic-media-cdn.tripadvisor.com/media/photo-o/1a/f6/f2/b8/default-avatar-2020-26.jpg?w=100&h=-1&s=1","5.0 of 5 bubbles","Oldest and the most sacred temple in India",6,"The old Kashi Vishwanath Temple is the main temple for which Varanasi is so famous. We visited this temple and there is a huge crowd standing outside the temple from several hours, however somehow our guide managed to get our entered the temple. I recommend this visit.","Mar 2019 • Couples","","","","2024-03-23T10:46:05Z"
"Kashi Vishwanath Temple","","g297685","d13859556","4.5","https://www.tripadvisor.com/ShowUserReviews-g297685-d13859556-r660966921-Kashi_Vishwanath_Temple-Varanasi_Varanasi_District_Uttar_Pradesh.html","https://dynamic-media-cdn.tripadvisor.com/media/photo-o/11/e8/01/ab/vijay-amrit-raj-v.jpg?w=100&h=-1&s=1","4.0 of 5 bubbles","Adorable!",550,"Amazing feeling, It is one of best temple in the city of Varanasi crowded during Evening, I went with my friends over here a Huge Temple Many devotees come here to praise god.Inside view of Temple is Awesome.","Jan 2019 • Friends","","","","2024-03-23T10:46:05Z"
"Kashi Vishwanath Temple","","g297685","d13859556","4.5","https://www.tripadvisor.com/ShowUserReviews-g297685-d13859556-r658827045-Kashi_Vishwanath_Temple-Varanasi_Varanasi_District_Uttar_Pradesh.html","https://dynamic-media-cdn.tripadvisor.com/media/photo-o/1a/f6/de/e7/default-avatar-2020-37.jpg?w=100&h=-1&s=1","5.0 of 5 bubbles","The oldest city in the world",6,"If you visit India, you must visit Varanasi the holiest and the oldest city of India and the world. The city is very beautiful and you will fall in love and even many western people lives there.","Mar 2019","","","","2024-03-23T10:46:07Z"
"Kashi Vishwanath Temple","","g297685","d13859556","4.5","https://www.tripadvisor.com/ShowUserReviews-g297685-d13859556-r658353242-Kashi_Vishwanath_Temple-Varanasi_Varanasi_District_Uttar_Pradesh.html","https://dynamic-media-cdn.tripadvisor.com/media/photo-o/1a/f6/ef/9c/default-avatar-2020-14.jpg?w=100&h=-1&s=1","5.0 of 5 bubbles","Kashi Vishavanath Darshan Streamlined",27,"I visited the temple on my recent visit to Varanasi and was amazed to see the arrangements made by govt. There is an office where you get receipt at 300 rs pp which includes a locker ( big, neat and clean) to keep yr valuables like phone,bag etc. Prasad and a pandit. So all that panda thing that used to dread and irritate people is gone. He will take a gp of 10-15 people with him and will be there till the entire trip. Come back to same office collect yr belongings and the pandit will give u a box containing 4 laddoos and you are good to go for Ganga Aarti that happens at dasavamegha that from 6.30-7.30.","Feb 2019 • Couples","","","","2024-03-23T10:46:07Z"
"Kashi Vishwanath Temple","","g297685","d13859556","4.5","https://www.tripadvisor.com/ShowUserReviews-g297685-d13859556-r657957474-Kashi_Vishwanath_Temple-Varanasi_Varanasi_District_Uttar_Pradesh.html","https://dynamic-media-cdn.tripadvisor.com/media/photo-o/1a/f6/eb/6d/default-avatar-2020-19.jpg?w=100&h=-1&s=1","5.0 of 5 bubbles","Details of the temple timings,aarti etc ",14,"Kashi Vishwanath Temple is situated in a very busy market area and had four entries to it from Gate no. 1 to gate 4 which are located at some distance from each other. All details of the temple timings and aarti timings are given on the temple site and app.Bookings for everything can be made online. Ticket bookings for aarti,darshan ,abhishek only provide u an entry into the temple through shorter lines . everything depends on how early u reach the temple gate.so the earlier you reach better r the chances of getting a good place to attend the aarti and do darshan.You are allowed to put the milk flowers and other things ur self once inside the temple on the main ling. So don't get fooled by priest that they will have it done for u in return for money as the priest here kept asking for daksharna for everything.  Pls donate whatever u wish to .It's better to ensure a day prior which gate to enter from for a particular arti. Like Mangal aarti is morning 3an to 4 am and entry is from Gate 1. Similarly Saptrishi WAarti is from 7pm to 8 pm and entry is gate no. 3. It's advices to chk one day prior on this to save time.The best way to get to the temple is not the e rickshaw as they are not allowed beyond a certain point. And one would have to waln a lot. It's better to take the manual rickshaw who can take u closer to the temple. If u have any questions I would try to answer.","Mar 2019 • Family","","","","2024-03-23T10:46:07Z"
"Kashi Vishwanath Temple","","g297685","d13859556","4.5","https://www.tripadvisor.com/ShowUserReviews-g297685-d13859556-r656256527-Kashi_Vishwanath_Temple-Varanasi_Varanasi_District_Uttar_Pradesh.html","https://dynamic-media-cdn.tripadvisor.com/media/photo-o/0f/62/ce/0f/reemanagra19.jpg?w=100&h=-1&s=1","5.0 of 5 bubbles","Divine!",165,"One of the twelve lings....divine and spiritual experience.long lines of devotees due to kumbh n mahashivratri ! But most mystical experience! Faith n devotion was all over the place! Really enjoyed the place n had good darshan! Please leave ur cameras n mobiles behind or in the lockers provided at the ticket counters.","Feb 2019 • Couples","","","","2024-03-23T10:46:07Z"
"Kashi Vishwanath Temple","","g297685","d13859556","4.5","https://www.tripadvisor.com/ShowUserReviews-g297685-d13859556-r652945782-Kashi_Vishwanath_Temple-Varanasi_Varanasi_District_Uttar_Pradesh.html","https://dynamic-media-cdn.tripadvisor.com/media/photo-o/1a/f6/e8/5b/default-avatar-2020-61.jpg?w=100&h=-1&s=1","2.0 of 5 bubbles","Very famous Hindi temple",20,"This is a very famous Hindi Temple and people from far away come to pay their respects. But my advice is to visit this place only during lean tourist or devotional season. That is because of the fact that the temple entrance is through very dirty narrow lanes and people pushing due to heavy crowds. The temple authorities sell special passes which are supposed to be fast track but it is impossible to buy the passes since the gates to ticket counter are manned by persons who won't let you in. Even if you buy passes online it is if no use since you have to exchange them for physical tokens which also you are not allowed to by the people Manning the office gates. So visit the temple in lean season only.","Feb 2019 • Family","","","","2024-03-23T10:46:07Z"
"Kashi Vishwanath Temple","","g297685","d13859556","4.5","https://www.tripadvisor.com/ShowUserReviews-g297685-d13859556-r652335798-Kashi_Vishwanath_Temple-Varanasi_Varanasi_District_Uttar_Pradesh.html","https://dynamic-media-cdn.tripadvisor.com/media/photo-o/1a/f6/eb/a3/default-avatar-2020-38.jpg?w=100&h=-1&s=1","5.0 of 5 bubbles","Extremely beautiful and divine experience",22,"Hi,I would like to focus my review on providing necessary details to help other pilgrims1) Temple is located nearly 800 to 900 meters from the main street.2) the street is baricaded and no vehicles can enter from Gowdoliya chowk.3) if there are senior citizens or people with different abilities, there are wheelchair along with drivers available near baricades. They should charge you somewhere near INR 200.4) Now from the main street to temple the lane is extremely narrow with few bottlenecks. Thus there is very likely chances of stampede if you are visiting during some occasion.5) There is provision to buy tickets for quick darshan. Charges are 300/person and also 180/person. We took darshan by getting those tickets as i had 2 senior citizens, my toddler son and my pregnant wife with me.😅4) As you approach near to the temple, you will find many shops offering you pooja articles. They provide locker facilities as well for your bags, wallets, belts, shoes etc. They will also arrange a pandit for you who will buy tickets for you. Make sure you pay only the ticket amount and no extra charges. The pandit guided us through the temple and also took us to mata Annapurna temple, Akshya vruskha and Shree Hanuman ji temple. At every temple we offered some money as donation( it depends on your capability, dont fall prey to pandits, be smart) total donation to all the pandits was INR 400. But it was more for the tour which he gave us about the place.Also please be aware that there are many monkeys inside temple premises, so dont give any eatables in kids hands to avoid any problem.CAUTION: THE WAY TO THE MAIN TEMPLE IS THROUGH EXTREMELY NARROW LANES, WHICH CAN BE HIGHLY PRONE TO STAMPEDE. BE CAREFUL!Thats it from my end, have a happy and safe journey!Har Har Mahadev.","Jan 2019 • Family","","","","2024-03-23T10:46:07Z"
"Kashi Vishwanath Temple","","g297685","d13859556","4.5","https://www.tripadvisor.com/ShowUserReviews-g297685-d13859556-r651988275-Kashi_Vishwanath_Temple-Varanasi_Varanasi_District_Uttar_Pradesh.html","https://dynamic-media-cdn.tripadvisor.com/media/photo-o/0f/53/24/a6/pratush-n.jpg?w=100&h=-1&s=1","4.0 of 5 bubbles","Religious place for Hindus",371,"It's a very religious place for Hindus and if you are not a Hindu you can skip the visit to this temple.","Feb 2019 • Solo","","","","2024-03-23T10:46:07Z"
"Kashi Vishwanath Temple","","g297685","d13859556","4.5","https://www.tripadvisor.com/ShowUserReviews-g297685-d13859556-r648452714-Kashi_Vishwanath_Temple-Varanasi_Varanasi_District_Uttar_Pradesh.html","https://dynamic-media-cdn.tripadvisor.com/media/photo-o/09/4e/b0/51/ritesh-b.jpg?w=100&h=-1&s=1","5.0 of 5 bubbles","Ritesh Bawri",11,"Temple is oldest in town but need to change the DARSHAN system ganga Arti is must to see and water sports","Jan 2019","","","","2024-03-23T10:46:07Z"
"Kashi Vishwanath Temple","","g297685","d13859556","4.5","https://www.tripadvisor.com/ShowUserReviews-g297685-d13859556-r647091740-Kashi_Vishwanath_Temple-Varanasi_Varanasi_District_Uttar_Pradesh.html","https://dynamic-media-cdn.tripadvisor.com/media/photo-o/0b/64/91/b5/gurudevr.jpg?w=100&h=-1&s=1","4.0 of 5 bubbles","Famous  Jyothirlinga Shrine of Lord Shiva",217,"Three times invaded and destroyed, re-built everytime, this famous Jyothirlinga (of the 12) is easily one of the  the most revered shrines in India. Approaches to this temple are not clear and most part through small narrow lanes and the upkeep of the temple, administrative part need a re-look. Tickets for some rituals are nowadays available online but not without software glitches. A Must Visit Shrine.","Jan 2019 • Couples","","","","2024-03-23T10:46:07Z"
"Kashi Vishwanath Temple","","g297685","d13859556","4.5","https://www.tripadvisor.com/ShowUserReviews-g297685-d13859556-r645144392-Kashi_Vishwanath_Temple-Varanasi_Varanasi_District_Uttar_Pradesh.html","https://dynamic-media-cdn.tripadvisor.com/media/photo-o/19/52/7d/63/avatar.jpg?w=100&h=-1&s=1","5.0 of 5 bubbles","Want to visit again when it is renovated",74,"I never thought I would get a chance to be here and with so much convenience ......I have been very very lucky for every religious place I go I am treated like a queen by the almighty.... I stopped by at Varanasi as I landed in Varanasi to go to Allahabad (Prayag Raj) for the Kumbh Mela and the people I came with took me for the darshan of Kashi Vishwanath Temple ....they had a little idea about how it goes and then they knew a Panditji who helped us to do the Darshan very nicely and Lord Shiva himself made sure that I was treated like a Queen ....from the  godowlia chownk we hired a guy with a wheelchair a manual wheelchair who was an expert to the bestest of his experience to take the wheelchair up till the Kashi Vishwanath Temple and bring you back safely to the point he started from.... there are so many steps and since the work is being done for the betterment of the locals, temple is being majorly renovated .....everything was broken but I cannot explain in words the efficiency of the guy who took me on the wheelchair ...so don't fear at all if you are on a wheelchair just close your eyes yes it's a very bumpier kind of an experience, if you keep your eyes open you might just feel scared because the way they take you i mean the single handed person takes your wheelchair from the steps and to the steps is marvelous provided you have faith in almighty that he will make everything go through properly ....one is not allowed to take the camera or purse/bag in the temple you can keep them in a locker outside in a store where you buy the prasadam samagri, the story also provides you with the key to the locker .....At the temple my Darshan was so so good as I got a chance to go through and through the whole Temple very smoothly but yes inside the temple you are not allowed to take your wheelchair but I had a walking stick which turns into a tripod chair so with the help of people I did do the Darshan and when I was tired after few steps I would open my tripod and sit down ..... one has to make that little extra effort  and everything will be fine but it is worth making the effort for the divine experience/ Darshan.... the guy who takes you on the wheelchair should not charge you more than hundred 100 to 150 rupees but I gave him 300 rupees because I was so so happy that I could do the Darshan and he made it possible with the will of God... and yes there were other beautiful experiences I had on the way back ....we stopped at Chotu Lassi wala in one of the galis/lanes where we got to taste the best Lassi filled with Malai and another thing called malido which is the Jhaag collected that comes on the milk when it is boiled and they serve you in small donas it's like  a soft  souffle kind of a fluffy thing which is so tasty and in the same lane there was a famous Paan Wala also...","Jan 2019 • Friends","","","","2024-03-23T10:46:07Z"
"Kashi Vishwanath Temple","","g297685","d13859556","4.5","https://www.tripadvisor.com/ShowUserReviews-g297685-d13859556-r642215281-Kashi_Vishwanath_Temple-Varanasi_Varanasi_District_Uttar_Pradesh.html","https://dynamic-media-cdn.tripadvisor.com/media/photo-o/1a/f6/e7/7b/default-avatar-2020-56.jpg?w=100&h=-1&s=1","5.0 of 5 bubbles","Holy Place",71,"Kashi Vishwanath temple at Varanasi is Hindu temple dedicated to Lord Shiva and also amongst 12 Jyotirlinga in India. All ghats are wonderful and very clean, so do take a dip in holy river Ganga. You may enjoy the boat ride as well later. Mobile, any other electronic devices and other stuff are not permitted inside the temple. There are vendors outside the temple who keep the bag and mobile in safe locker, but need to buy sweets, flower and milk. Long que for darshan and there are quite a number of ways to enter the temple. Temple is serene and the place has many artistic and linguistic. This place is source of positive energy with spiritual calmness, feel of peace and positive vibes. One of the most prestigious Hindu temple of world. Must visit and worship once in life. Would recommend to visit BHU and Hanuman temple also in the oldest city Varanasi.","Apr 2018 • Friends","","","","2024-03-23T10:46:08Z"
"Kashi Vishwanath Temple","","g297685","d13859556","4.5","https://www.tripadvisor.com/ShowUserReviews-g297685-d13859556-r635591736-Kashi_Vishwanath_Temple-Varanasi_Varanasi_District_Uttar_Pradesh.html","https://dynamic-media-cdn.tripadvisor.com/media/photo-o/1a/f6/ed/7b/default-avatar-2020-6.jpg?w=100&h=-1&s=1","4.0 of 5 bubbles","Crowded as all holy places are",22,"This is one of the Jyotirlings and yes there are a lot of positive vibrations around the place. I more loved the small lanes of Varanasi that is full of life (people , shops , bikes and cows!) . But as all religious places are nowadays , you do get a feeling all the locals are there just to make money . The unpleasant part is that the pandits inside asking you if you want to have darshan in a shorter line by paying some extra amount. We performed a Pooja and no receipt was given. When asked for it , voice was raised and said that we will not get a receipt. Part of the fault was ours that we did not go with a proper information , but the pandits did not fail to take advantage of it rather than guiding us. You are not allowed to take any leather items. The sellers around keep the items in return of some buy. Being one of the holiest places people will keep visiting it but be prepared to face some thugs , inconvenience and chaos.","Nov 2018 • Family","","","","2024-03-23T10:46:08Z"
"Kashi Vishwanath Temple","","g297685","d13859556","4.5","https://www.tripadvisor.com/ShowUserReviews-g297685-d13859556-r629289833-Kashi_Vishwanath_Temple-Varanasi_Varanasi_District_Uttar_Pradesh.html","https://dynamic-media-cdn.tripadvisor.com/media/photo-o/1a/f6/ee/db/default-avatar-2020-10.jpg?w=100&h=-1&s=1","5.0 of 5 bubbles","Powerful and positive vibrations ",16,"Vaaranasi Pura Patim Bhaja Vishwanatham ||Kashi Vishvanath - one of the most powerful temples on Mother Earth. Lord Shiva is revered as Ruler of the Universe here and manifests Himself as a Jyotirlingam - a small one embedded inside the ground. You’ve to walk through the maze of lanes and bylanes to reach the temple - ans it’s an enjoyable rushed walk-run because all want to reach the temple like, right now! This is India! What to do? We are like this wonly! No cameras or electronic items are allowed inside the temple - including watches. Just walk in free handed and enjoy the God and the crowd 🙂. There are lockers outside the temple and you can deposit any personal item you may have. A Rabdi shopkeeper outside the temple pointed out to the Golden Gopuram visible through the rubble of some demolition work going on around the temple - apparently the plan is to declutter the precincts so vehicles can come closer to the temple!!! The price we pay in the name of progress and development 😞We were fortunate to to be part of the 3AM Mangal Aarti and the late night Sayana Aarti. The chanting of Vedas, Rudram, Vishwanath Ashtakam with the clanging of bells and Damru accompanied by Har Har Mahadeva is to be experienced, can’t be explained! Kashi is older than any documented history they say! And life in Kashi revolves around Vishwanath and Ganga. The temple obviously is ancient - how old is anyone’s guess! Evidences dating back to it’s existence in scriptures are available. Sadly, the original temple has been destroyed multiple times by invading Mughals and rebuilt again and again.It’s also called as the Golden Temple and has covering of Gold and Silver donated by the royal families of Rajputana, Holkar and Scindia and some Gujarati merchants.","Oct 2018 • Family","","","","2024-03-23T10:46:08Z"
"Kashi Vishwanath Temple","","g297685","d13859556","4.5","https://www.tripadvisor.com/ShowUserReviews-g297685-d13859556-r628643313-Kashi_Vishwanath_Temple-Varanasi_Varanasi_District_Uttar_Pradesh.html","https://dynamic-media-cdn.tripadvisor.com/media/photo-o/1a/f6/f0/48/default-avatar-2020-15.jpg?w=100&h=-1&s=1","5.0 of 5 bubbles","Beautiful and peaceful. It's a copy of original Vishwanath temple constructed in 1970",455,"It's very quiet, peaceful and serene. You can go there n sit for hours.Maintained properly, its clean, have parking and toilets. There's a lane of shops for memoirs, handicrafts, food and beverages.They serve local snacks and tea in kulhad.Nice.Should visit if u r in Varanasi","Oct 2018 • Solo","","","","2024-03-23T10:46:08Z"
"Kashi Vishwanath Temple","","g297685","d13859556","4.5","https://www.tripadvisor.com/ShowUserReviews-g297685-d13859556-r622661488-Kashi_Vishwanath_Temple-Varanasi_Varanasi_District_Uttar_Pradesh.html","https://dynamic-media-cdn.tripadvisor.com/media/photo-o/17/fd/98/ee/abhishektalwar.jpg?w=100&h=-1&s=1","1.0 of 5 bubbles","Looters, that too in name of religion",37,"Have visited more than 100 temples, never felt so bad... Everyone is hungry for money...Imagine a saadhu chasing you even after you exit the temple...Very bad experience... Brings bad name to country with so many tourists around","May 2018 • Couples","","","","2024-03-23T10:46:08Z"
"Kashi Vishwanath Temple","","g297685","d13859556","4.5","https://www.tripadvisor.com/ShowUserReviews-g297685-d13859556-r619400013-Kashi_Vishwanath_Temple-Varanasi_Varanasi_District_Uttar_Pradesh.html","https://dynamic-media-cdn.tripadvisor.com/media/photo-o/09/e1/f7/9d/sharadbhagwat.jpg?w=100&h=-1&s=1","5.0 of 5 bubbles","One of the biggest Hindu pilgrimage places",122,"This is one of the most pious Hindu Shiva temples in India. This temple is revered by all and is visited by all the Hindus. To visit this temple is to rid yourself of all your sins.","Aug 2018","","","","2024-03-23T10:46:08Z"
"Kashi Vishwanath Temple","","g297685","d13859556","4.5","https://www.tripadvisor.com/ShowUserReviews-g297685-d13859556-r598801572-Kashi_Vishwanath_Temple-Varanasi_Varanasi_District_Uttar_Pradesh.html","https://dynamic-media-cdn.tripadvisor.com/media/photo-o/1a/f6/f2/11/default-avatar-2020-23.jpg?w=100&h=-1&s=1","4.0 of 5 bubbles","Holiest place in India",3,"It is considered as the holiest place in India. You would be greated with lots of Sadhus who will take you for the express entry for 1000 bucks. However, dont fall in that trap. There is no VIP darshan at this temple. In general you have to wait for atleast 1-2 hours to get inside.However, if you manage to go inside you do get to see Aarti for special rates which is has a very pious atmosphere. They fully clean the temples before the aarti. They have also installed many TV's.","Dec 2017 • Family","","","","2024-03-23T10:46:08Z"
"Kashi Vishwanath Temple","","g297685","d13859556","4.5","https://www.tripadvisor.com/ShowUserReviews-g297685-d13859556-r594185259-Kashi_Vishwanath_Temple-Varanasi_Varanasi_District_Uttar_Pradesh.html","https://dynamic-media-cdn.tripadvisor.com/media/photo-o/1a/f6/f1/b8/default-avatar-2020-22.jpg?w=100&h=-1&s=1","4.0 of 5 bubbles","Ancient and Most Popular Shiv Temple in India",63,"This is a very old temple dedicated to Lord Shiva. It is also one of the Jyothilings. The approach to the temple is through very narrow lanes with shops on both the sides. There is not much space inside the main temple. It gets really crowded so best time to visit according to me is in odd hours.","Jul 2018 • Family","","","","2024-03-23T10:46:08Z"
"Kashi Vishwanath Temple","","g297685","d13859556","4.5","https://www.tripadvisor.com/ShowUserReviews-g297685-d13859556-r592961609-Kashi_Vishwanath_Temple-Varanasi_Varanasi_District_Uttar_Pradesh.html","https://dynamic-media-cdn.tripadvisor.com/media/photo-o/1a/f6/e5/66/default-avatar-2020-53.jpg?w=100&h=-1&s=1","4.0 of 5 bubbles","Holy Visit of Varanasi",40,"It's always a great experience to visit this oldest temple .. Morning and evening time any one can get little bit more rush.Whenever I visit Varanasi always try to take Darshan of lord Shiva.","Jun 2018 • Solo","","","","2024-03-23T10:46:08Z"
"Kashi Vishwanath Temple","","g297685","d13859556","4.5","https://www.tripadvisor.com/ShowUserReviews-g297685-d13859556-r589674596-Kashi_Vishwanath_Temple-Varanasi_Varanasi_District_Uttar_Pradesh.html","https://dynamic-media-cdn.tripadvisor.com/media/photo-o/1a/f6/f2/59/default-avatar-2020-24.jpg?w=100&h=-1&s=1","4.0 of 5 bubbles","Travel",478,"Kashi Vishwanath temple is one of most famous temples of Lord Shiva . One has to go through very narrow lanes to reach the Mandir. Book in advance to do puja n rudrabhishek","Dec 2017 • Family","","","","2024-03-23T10:46:08Z"
"Kashi Vishwanath Temple","","g297685","d13859556","4.5","https://www.tripadvisor.com/ShowUserReviews-g297685-d13859556-r585763728-Kashi_Vishwanath_Temple-Varanasi_Varanasi_District_Uttar_Pradesh.html","https://dynamic-media-cdn.tripadvisor.com/media/photo-o/1a/f6/f3/e4/default-avatar-2020-30.jpg?w=100&h=-1&s=1","5.0 of 5 bubbles","Kashi Vishwanath Temple-Varanasi",16,"Kashi Vishwanath Temple is one of the Jyotirlinga situated at Varanasi (U.P East).For details you can  use temple website.temple is having dedicated websites you can search on google by temple name from where you can get all important information regarding temple and you can also book pooja/ Darshan /Aarti in advance(Book min 3 days before)Opening time of the temple is: 3:00 amAarti time:Mangala Aarti : 3 AM- 4 AM (Morning- You need to book in advance)Bhog Aarti : 11.15 AM to 12.20 PM (Day)Sandhya Aarti : 7 PM to 8.15 PM (Evening)Shringar Aarti : 9 PM to 10.15 PM (Night)Shayan Aarti : 10.30 PM – 11 PM (Night)","Jun 2018 • Solo","","","","2024-03-23T10:46:10Z"
"Kashi Vishwanath Temple","","g297685","d13859556","4.5","https://www.tripadvisor.com/ShowUserReviews-g297685-d13859556-r574665913-Kashi_Vishwanath_Temple-Varanasi_Varanasi_District_Uttar_Pradesh.html","https://dynamic-media-cdn.tripadvisor.com/media/photo-o/06/32/30/63/satishnagaraj.jpg?w=100&h=-1&s=1","5.0 of 5 bubbles","Pilgrimage ",41,"Beautiful temple was blessed by Lord shiva.  One of my memorable day here.  The temple is clean.  But too much of crowd.  People come early in the morning for Darshan","Apr 2018 • Family","","","","2024-03-23T10:46:10Z"
"Kashi Vishwanath Temple","","g297685","d13859556","4.5","https://www.tripadvisor.com/ShowUserReviews-g297685-d13859556-r573408325-Kashi_Vishwanath_Temple-Varanasi_Varanasi_District_Uttar_Pradesh.html","https://dynamic-media-cdn.tripadvisor.com/media/photo-o/0a/d1/21/13/srnayak.jpg?w=100&h=-1&s=1","5.0 of 5 bubbles","Kashi Vishwanath Temple",91,"This is a majestic temple of Kashi Vishwanath, which is very close to Dashashwamedha Ghat. This temple has a long historic importance. The temple has marvelous architecture. Huge crowd. The temple is closed for one hour from 11.30 am. During this time devotees can by Bhoga Aarati ticket and enter the temple for Darshana.It is believed that a darshana of Kashi Vishwanath once in a life time, will help to attain Salvation or Moksha.","Mar 2018 • Couples","","","","2024-03-23T10:46:10Z"
"Kashi Vishwanath Temple","","g297685","d13859556","4.5","https://www.tripadvisor.com/ShowUserReviews-g297685-d13859556-r569006987-Kashi_Vishwanath_Temple-Varanasi_Varanasi_District_Uttar_Pradesh.html","https://dynamic-media-cdn.tripadvisor.com/media/photo-o/1a/53/7b/5a/avatar.jpg?w=100&h=-1&s=1","5.0 of 5 bubbles","Jai Baba ki",937,"you go to banaras for visiting this temple . it has a vast history associated with it. It has been demolised umpteen times by mughals and rebuilt the same no. of times. there are so many lingas there that if u dig for a few feet around the temple , you will find umpteen lingas of lord shiva.","Mar 2018 • Family","","","","2024-03-23T10:46:10Z"
"Kashi Vishwanath Temple","","g297685","d13859556","4.5","https://www.tripadvisor.com/ShowUserReviews-g297685-d13859556-r568796971-Kashi_Vishwanath_Temple-Varanasi_Varanasi_District_Uttar_Pradesh.html","https://dynamic-media-cdn.tripadvisor.com/media/photo-o/18/ec/04/fd/caption.jpg?w=100&h=-1&s=1","4.0 of 5 bubbles","Baba vishwanath, varanasi. Solo tour",386,"I had visited Baba Vishwanath Temple in the month of March 2018... the temple is of Lord Mahadev near to dasaswamedh Ghat.... there are three entrances to this Temple but I entered from the very first Northern entrance, you have to follow a narrow passage for reaching the temple.... the architecture is great.... Tourists came from all over the world to visit this temple and get blessings from Lord Mahadev.","Mar 2018 • Solo","","","","2024-03-23T10:46:10Z"
"Kashi Vishwanath Temple","","g297685","d13859556","4.5","https://www.tripadvisor.com/ShowUserReviews-g297685-d13859556-r567632112-Kashi_Vishwanath_Temple-Varanasi_Varanasi_District_Uttar_Pradesh.html","https://dynamic-media-cdn.tripadvisor.com/media/photo-f/01/2e/70/8a/avatar011.jpg?w=100&h=-1&s=1","4.0 of 5 bubbles","Shiv Temple and Shitla Maata Temple",400,"It is known as Shitala Maata temple and having temple of Kashi Vishwanath Mahadev within the campus. It is situated on the bank of river narmada and having Ghat at narmada river for bathing too. Dharmashala like facility is also available here. A good place for spending quality time in the evening.","Mar 2018 • Family","","","","2024-03-23T10:46:10Z"
