"names","address","geo_id","hotel_id","rating","url","profile_image","review_score","review_heading","profile_contr","review_body","date_of_stay","company_responder","company_response","company_response_date","timestamp"
"Vishalakshi Temple","","g297685","d10161249","5.0","https://www.tripadvisor.com/ShowUserReviews-g297685-d10161249-r925926502-Vishalakshi_Temple-Varanasi_Varanasi_District_Uttar_Pradesh.html","https://dynamic-media-cdn.tripadvisor.com/media/photo-o/1a/f6/e4/a9/default-avatar-2020-50.jpg?w=100&h=-1&s=1","4.0 of 5 bubbles","Place of Religious Importance : one among 51 shaktipeeths",21,"Religious, Serene and quite placeKnown as one among the 51 shaktipeeths. As per the legend, devi Sati's earring has fallen here and hence the ghat is known as Manikarnika ghat. The pinda is behind the idol. One has to walk Quite a distance from main roads where the rickshawwalas drop you but google map guided me well through the very narrow pathways/street.As guided by some locals, this place is more closely approachable from the Manikarnika ghats but you might have to climb up/down stairs.There is no ticket to take darshans here and wait time is also minimal.When I went there there was just one haarwala, not much is available near the temple so you can buy things beforehand to be offered to the devi.","Oct 2023 • Family","","","","2024-03-22T08:56:48Z"
"Vishalakshi Temple","","g297685","d10161249","5.0","https://www.tripadvisor.com/ShowUserReviews-g297685-d10161249-r925738800-Vishalakshi_Temple-Varanasi_Varanasi_District_Uttar_Pradesh.html","https://dynamic-media-cdn.tripadvisor.com/media/photo-o/07/22/94/69/anand1351.jpg?w=100&h=-1&s=1","5.0 of 5 bubbles","Divine",746,"Divine temple, it’s one the Shakti peeth but sadly many people especially tourist don’t know about our own holy ancient temple of importance.A must visit , nearby to Kashi Vishwanath temple via narrow lanes.","Nov 2023 • Couples","","","","2024-03-22T08:56:48Z"
"Vishalakshi Temple","","g297685","d10161249","5.0","https://www.tripadvisor.com/ShowUserReviews-g297685-d10161249-r863980890-Vishalakshi_Temple-Varanasi_Varanasi_District_Uttar_Pradesh.html","https://dynamic-media-cdn.tripadvisor.com/media/photo-o/09/55/1f/30/sudha2410.jpg?w=100&h=-1&s=1","5.0 of 5 bubbles","Blissful ",492,"Visiting the temple of Visaalaakshi Ma and having her darshan is a must for devotees visiting Kashi. One of the Ashtaa dasha Shakti peeth, she is a powerful goddess. Seeing her murti and getting pooja done, and seeing the original murti behind the present murti is a blissful experience.","Oct 2022 • Family","","","","2024-03-22T08:56:48Z"
"Vishalakshi Temple","","g297685","d10161249","5.0","https://www.tripadvisor.com/ShowUserReviews-g297685-d10161249-r846923233-Vishalakshi_Temple-Varanasi_Varanasi_District_Uttar_Pradesh.html","https://dynamic-media-cdn.tripadvisor.com/media/photo-o/27/16/53/b9/bizanand.jpg?w=100&h=-1&s=1","5.0 of 5 bubbles","Kasi Visalakshi",327,"After seeing Kasi Vishwanath, one must see Visalakshi too. It is situated just behind the main temple. Nice place to sit and relax in peace","Jul 2022 • Friends","","","","2024-03-22T08:56:48Z"
"Vishalakshi Temple","","g297685","d10161249","5.0","https://www.tripadvisor.com/ShowUserReviews-g297685-d10161249-r833560714-Vishalakshi_Temple-Varanasi_Varanasi_District_Uttar_Pradesh.html","https://dynamic-media-cdn.tripadvisor.com/media/photo-o/1a/f6/ee/db/default-avatar-2020-10.jpg?w=100&h=-1&s=1","5.0 of 5 bubbles","Vishalakshi Temple",128,"This temple is located 600mts from the Main temple Gate 1.It is one of the 18 Shakthi peetha.We need to walk through the narrow streets and criss-cross.It is not crowded anytime.there are 2 idols one behind the other the Front idol was installed by Adi Shankaracharya and the second idol is the original.This is constructed by south India and mostly south Indian people visits here.Mobile phones and other electronic gadgets are allowed.This temple remains open from  6 AM to 10 pm.","Mar 2022","","","","2024-03-22T08:56:48Z"
"Vishalakshi Temple","","g297685","d10161249","5.0","https://www.tripadvisor.com/ShowUserReviews-g297685-d10161249-r778054306-Vishalakshi_Temple-Varanasi_Varanasi_District_Uttar_Pradesh.html","https://dynamic-media-cdn.tripadvisor.com/media/photo-o/24/3b/1b/69/cp-0010.jpg?w=100&h=-1&s=1","5.0 of 5 bubbles","Shakti Peeth",499,"Visited this temple in the morning on the 2nd day of our Varanasi trip. Vishalakshi Temple is a Hindu temple dedicated to the goddess Vishalakshi,  a form of goddess Parvati at Mir Ghat on the banks of the Ganges at Varanasi in Uttar Pradesh, It is known as a Shakti Pitha where the earrings of the Sati is said to have fallen therefore it is one of the most sacred temples dedicated to the Hindu Divine Mother. The temple is situated nearby the Manikarnika ghat famous for creamations. It was good that we took help of a local guide so that we could cover many temples. The temple is open from 5.00 am to 9.45 pm except afternoon time. We had a very good darshan and offered puja. It is few minutes walking distance from Kashi Vishwanath temple. Vishalakshi Temple is known for the festival of KajaliTij, held on the third day during waning fortnight in the Hindu month of Bhadrapada (August).","Feb 2020","","","","2024-03-22T08:56:48Z"
"Vishalakshi Temple","","g297685","d10161249","5.0","https://www.tripadvisor.com/ShowUserReviews-g297685-d10161249-r739821651-Vishalakshi_Temple-Varanasi_Varanasi_District_Uttar_Pradesh.html","https://dynamic-media-cdn.tripadvisor.com/media/photo-o/1a/f6/e7/3d/default-avatar-2020-55.jpg?w=100&h=-1&s=1","3.0 of 5 bubbles","Very important temple but unimpressive",123,"The three most important depictions of Godess Parvathi are the Kashi Vasalakshi, Kanchi Kamakshi and Madurai Meenakshi. Having seen the later two, the Vasalakshi temple was a far cry from the rest. A simple structure managed by a purely commercial minded management.","Dec 2019","","","","2024-03-22T08:56:48Z"
"Vishalakshi Temple","","g297685","d10161249","5.0","https://www.tripadvisor.com/ShowUserReviews-g297685-d10161249-r734066383-Vishalakshi_Temple-Varanasi_Varanasi_District_Uttar_Pradesh.html","https://dynamic-media-cdn.tripadvisor.com/media/photo-o/1a/f6/e5/66/default-avatar-2020-53.jpg?w=100&h=-1&s=1","5.0 of 5 bubbles","Maa",546,"Maa , the divine consort of Sri Sri Vishwanath , is so divine . She is an embodiment of unconditional grace . Temple is walkable from Sri Sri Vishwanath temple . Highly charged place filled with subtle vibrations .","Dec 2019 • Family","","","","2024-03-22T08:56:48Z"
"Vishalakshi Temple","","g297685","d10161249","5.0","https://www.tripadvisor.com/ShowUserReviews-g297685-d10161249-r725302199-Vishalakshi_Temple-Varanasi_Varanasi_District_Uttar_Pradesh.html","https://dynamic-media-cdn.tripadvisor.com/media/photo-o/07/58/aa/a8/ankan146.jpg?w=100&h=-1&s=1","5.0 of 5 bubbles","shaktipeeth of varanasi-",317,"vishal akshi  means  big eyes .  and 1 of the eyes of SATI DEVI fell here it is believed.  .IT IS IN NAROW BYLANE NEAR main jyotirlling BABA vishwanath.AND IS NEARLY DARK LANE .flowerscan be bought outside temple. not many shhops are there. priest wil  giv prasad .iit is must visit   shaktipeeth temple .new people    can reach  here  only after  asking  shopowners and local pedestrians  of the location   . vote if liked.","Nov 2019","","","","2024-03-22T08:56:48Z"
"Vishalakshi Temple","","g297685","d10161249","5.0","https://www.tripadvisor.com/ShowUserReviews-g297685-d10161249-r723782456-Vishalakshi_Temple-Varanasi_Varanasi_District_Uttar_Pradesh.html","https://dynamic-media-cdn.tripadvisor.com/media/photo-o/17/32/a0/1e/ananth727499.jpg?w=100&h=-1&s=1","5.0 of 5 bubbles","Ambal Temple of Kasi.. ",336,"Thia temple is located near the manikarnika Ghat in Varanasi.. This Temple is in a walkable distance from the kasi viswanathar temple.. The Temple remains open from 05:00 am  to 9:00 pm.This temple is dedicated to Goddess Vishalakshi. This temple is one of the 51 Shaktipeeths of Mother. Upset and for very furious by the behaviour of Dakshan, Mother PARVATHI fell in to the yagna fire..Lord Shiva for furious and he danced a very, very furious Thandavam by carrying the body of Mother.. Lots Vishnu, with his chakrayuth divided the body of Ambal into 51parts.. Ambal right ear ring fell in this place.. Hence the name manikarnika ghat.. Vishalakshi is a Sanskrit word which means- Goddess who has large eyes.","Sep 2019 • Solo","","","","2024-03-22T08:56:48Z"
"Vishalakshi Temple","","g297685","d10161249","5.0","https://www.tripadvisor.com/ShowUserReviews-g297685-d10161249-r720916526-Vishalakshi_Temple-Varanasi_Varanasi_District_Uttar_Pradesh.html","https://dynamic-media-cdn.tripadvisor.com/media/photo-o/15/3c/63/ff/tourist824217.jpg?w=100&h=-1&s=1","5.0 of 5 bubbles","VARANASI DARSHAN",96,"Feeling blessed to be at this Shaktipeeth after having darshan of Kasi Vishwanath Jyothirling temple. Very ancient temple situated in cluster of narrow streets.","Oct 2019","","","","2024-03-22T08:56:49Z"
"Vishalakshi Temple","","g297685","d10161249","5.0","https://www.tripadvisor.com/ShowUserReviews-g297685-d10161249-r703823347-Vishalakshi_Temple-Varanasi_Varanasi_District_Uttar_Pradesh.html","https://dynamic-media-cdn.tripadvisor.com/media/photo-o/1a/f6/e9/bb/default-avatar-2020-65.jpg?w=100&h=-1&s=1","5.0 of 5 bubbles","Goddess Vishalakshi",9,"Must visit and have darshan of goddess Vishalakshi. Idol behind the Idol is the original Vishalakshi idol, the front idol was installed by Sri.Adi Shankaracharya.","Aug 2019 • Family","","","","2024-03-22T08:56:49Z"
"Vishalakshi Temple","","g297685","d10161249","5.0","https://www.tripadvisor.com/ShowUserReviews-g297685-d10161249-r681227321-Vishalakshi_Temple-Varanasi_Varanasi_District_Uttar_Pradesh.html","https://dynamic-media-cdn.tripadvisor.com/media/photo-o/1a/f6/ed/00/default-avatar-2020-4.jpg?w=100&h=-1&s=1","5.0 of 5 bubbles","Vishalakshi temple",73,"Its a mandatory list to do list temple. its in front of vishwanath temple. its nice temple.  its cozy and beautiful temple","Jun 2019 • Family","","","","2024-03-22T08:56:49Z"
"Vishalakshi Temple","","g297685","d10161249","5.0","https://www.tripadvisor.com/ShowUserReviews-g297685-d10161249-r659709136-Vishalakshi_Temple-Varanasi_Varanasi_District_Uttar_Pradesh.html","https://dynamic-media-cdn.tripadvisor.com/media/photo-o/1a/f6/ea/b2/default-avatar-2020-69.jpg?w=100&h=-1&s=1","5.0 of 5 bubbles","A hidden jewel",10,"Paramacharya of Kanchi HH Chandrashekarendra Sarasvati renovated this temple in the earlier part of the previous century and  ensured sufficient funds to maintain it. The small temple is accessed through a labyrinth of tiny lanes not far from the Kashi Vishwanath temple. Avoid school times when students are coming or going in these lanes with their school bags. There is barely room to move.","Feb 2019 • Family","","","","2024-03-22T08:56:49Z"
"Vishalakshi Temple","","g297685","d10161249","5.0","https://www.tripadvisor.com/ShowUserReviews-g297685-d10161249-r656679579-Vishalakshi_Temple-Varanasi_Varanasi_District_Uttar_Pradesh.html","https://dynamic-media-cdn.tripadvisor.com/media/photo-o/10/ec/bf/96/sridharan2013.jpg?w=100&h=-1&s=1","5.0 of 5 bubbles","A very sacred religious place in varansi",273,"Kashi Visalakshi temple in varanasi very close to Vishwanath temple is one of the most sacred temples in varanasi. Dedicated to goddess Visalakshi, pilgrims visiting varanasi also visit this temple and offers prayers. This temple is located in a narrow alley close to Mirghat. The temple is also rather small though mighty in terms of its religious significance. Lots of South Indian pilgrims travel to varanasi for offering prayers at this temple.","Mar 2019 • Couples","","","","2024-03-22T08:56:49Z"
"Vishalakshi Temple","","g297685","d10161249","5.0","https://www.tripadvisor.com/ShowUserReviews-g297685-d10161249-r649775382-Vishalakshi_Temple-Varanasi_Varanasi_District_Uttar_Pradesh.html","https://dynamic-media-cdn.tripadvisor.com/media/photo-o/06/d8/95/d9/s-r-v.jpg?w=100&h=-1&s=1","4.0 of 5 bubbles","Kasi visit",69,"Visited on 30th January 2019 in the evening. One has to ask directions from the Vishwanath Mandir as the gullies are narrow and criss cross. But not far off. Worth seeing. South Indian people visit the spot always.","Jan 2019 • Couples","","","","2024-03-22T08:56:49Z"
"Vishalakshi Temple","","g297685","d10161249","5.0","https://www.tripadvisor.com/ShowUserReviews-g297685-d10161249-r647893398-Vishalakshi_Temple-Varanasi_Varanasi_District_Uttar_Pradesh.html","https://dynamic-media-cdn.tripadvisor.com/media/photo-o/11/e8/01/ab/vijay-amrit-raj-v.jpg?w=100&h=-1&s=1","5.0 of 5 bubbles","Temple!",550,"Its a Vishalakshi Gauri temple  Hindu Temple one of the famous temple in the city of Varanasi. It is also know for ""Tij"" festival. It usually crowded during festival.I went with my friends in Evening attended the Holy Aarti it was a wonderful experience.","Dec 2018 • Friends","","","","2024-03-22T08:56:49Z"
"Vishalakshi Temple","","g297685","d10161249","5.0","https://www.tripadvisor.com/ShowUserReviews-g297685-d10161249-r645293928-Vishalakshi_Temple-Varanasi_Varanasi_District_Uttar_Pradesh.html","https://dynamic-media-cdn.tripadvisor.com/media/photo-o/0f/aa/05/f6/sinchita-s.jpg?w=100&h=-1&s=1","5.0 of 5 bubbles","The Shakti Peetha of Varanasi",176,"The long queue at Kashi Vishwanath Temple forced me to take a detour and visit the Vishalakshi temple. Another lesser known Peeth. If you are visiting Kashi Vishwanath then you should visit this one also. It's close by. Being unheard has its advantages. Not crowded😉😉.!!!!One of the 51 Shakti Peeth's. It is a part of the holy triad with Kamakshi (Love Eyed) and Meenakshi (Fish Eyed). This is one of the 9 Gauri's of Kashi. If you are interested in knowing the most popular legends surrounding the temple you may ask the priest who would happily explain. The abode of Lord Vishnu is looked after and also kept clean.","Nov 2018 • Solo","","","","2024-03-22T08:56:49Z"
"Vishalakshi Temple","","g297685","d10161249","5.0","https://www.tripadvisor.com/ShowUserReviews-g297685-d10161249-r641986038-Vishalakshi_Temple-Varanasi_Varanasi_District_Uttar_Pradesh.html","https://dynamic-media-cdn.tripadvisor.com/media/photo-o/1a/f6/f1/79/default-avatar-2020-21.jpg?w=100&h=-1&s=1","5.0 of 5 bubbles","nice temple",221,"visalakshi temple is a nice,small temple.Swayam bhoo lingam there.The priest showed us.otherwise we would have missed","Nov 2018 • Couples","","","","2024-03-22T08:56:49Z"
"Vishalakshi Temple","","g297685","d10161249","5.0","https://www.tripadvisor.com/ShowUserReviews-g297685-d10161249-r641895140-Vishalakshi_Temple-Varanasi_Varanasi_District_Uttar_Pradesh.html","https://dynamic-media-cdn.tripadvisor.com/media/photo-s/03/26/f6/0e/phanindrahere.jpg?w=100&h=-1&s=1","5.0 of 5 bubbles","Vishalakshi/Annapoorneshwari temple",64,"The main deity of this temple is Goddess Annapoorneshwari who is considered as the goddess of food. The temple is near to Vishwanath temple and is very well maintained.","Dec 2018 • Solo","","","","2024-03-22T08:56:49Z"
"Vishalakshi Temple","","g297685","d10161249","5.0","https://www.tripadvisor.com/ShowUserReviews-g297685-d10161249-r641557045-Vishalakshi_Temple-Varanasi_Varanasi_District_Uttar_Pradesh.html","https://dynamic-media-cdn.tripadvisor.com/media/photo-o/1a/f6/e5/66/default-avatar-2020-53.jpg?w=100&h=-1&s=1","5.0 of 5 bubbles","Shakti Peeth of Devi",5,"A must visit temple in the lanes of Meer Ghat. It has a Shivling called Prathmesh Shivling which is the first Swayambhu Shivling found in Kashi. The temple has Navgrah idols also. Devi is Vishalakshi.","Dec 2018","","","","2024-03-22T08:56:51Z"
"Vishalakshi Temple","","g297685","d10161249","5.0","https://www.tripadvisor.com/ShowUserReviews-g297685-d10161249-r635947875-Vishalakshi_Temple-Varanasi_Varanasi_District_Uttar_Pradesh.html","https://dynamic-media-cdn.tripadvisor.com/media/photo-o/04/03/f2/06/haragopal.jpg?w=100&h=-1&s=1","5.0 of 5 bubbles","MUST VISIT.",836,"One of the most important (Of  Eighteen  SHAKTI PEETAMAS ) of Goddess SHAKTI  , this famous VISHLAKSHI ANNAPOORNA temple in the VISWANATH JI Complex should be visited and  KUNKUM POOJA is performd by Women.","Nov 2018 • Family","","","","2024-03-22T08:56:51Z"
"Vishalakshi Temple","","g297685","d10161249","5.0","https://www.tripadvisor.com/ShowUserReviews-g297685-d10161249-r634544658-Vishalakshi_Temple-Varanasi_Varanasi_District_Uttar_Pradesh.html","https://dynamic-media-cdn.tripadvisor.com/media/photo-o/1a/f6/ed/ce/default-avatar-2020-7.jpg?w=100&h=-1&s=1","3.0 of 5 bubbles","A surprise, What the priest may not tell you!",66,"Like all temples in Varanasi there's a good deal to walk around to reach this place (near Mir Ghat) particularly if you are located near the Dashashwamedh Ghat (the most famous of all Ghats in Varanasi). So make sure you ask more than one person, the way to the temple. Even some of the Policemen there seemed to have no clue. This is a small temple built in the South Indian style but considered very important and powerful of the Divine Mother's temples in India. Considering my ""fat"" donation the priest pointed me to the back of the Divine Mother's Murthi (Idol) and lo! Behind the main Murthi was another Murthi as though growing from the back of the main idol. This temple is going through some renovation (at that time of my visit) and so some areas are almost inaccessible. There is a typical ""Navagraha"" as can be found in the South Indian Temples where one can perform the circumnambulations. You may want to spend some time in silent contemplation on Divine Mother at the premises but due to the construction work going on there, I was unable to do so. Not sure if the priests there can perform an ""Abisheka"" or ""Archana"" but it is good to ask.","Jul 2018 • Solo","","","","2024-03-22T08:56:51Z"
"Vishalakshi Temple","","g297685","d10161249","5.0","https://www.tripadvisor.com/ShowUserReviews-g297685-d10161249-r633340601-Vishalakshi_Temple-Varanasi_Varanasi_District_Uttar_Pradesh.html","https://dynamic-media-cdn.tripadvisor.com/media/photo-o/1b/e8/a4/d1/viralarya.jpg?w=100&h=-1&s=1","5.0 of 5 bubbles","Jai Maa Vishalakshi Shakti Peetha",634,"This temple is one of the famous 51 Shakti Peethas of Hindu Goddess Sati and must visit after Kashi Vishwanath Golden Temple. Darshan of Kashi Vishwanath are incomplete without taking blessings of Mata Vishalakshi. This temple is located on 10-15 mins walking distance from Kashi Vishwanath Temple exit gate.","May 2018 • Family","","","","2024-03-22T08:56:51Z"
"Vishalakshi Temple","","g297685","d10161249","5.0","https://www.tripadvisor.com/ShowUserReviews-g297685-d10161249-r630609137-Vishalakshi_Temple-Varanasi_Varanasi_District_Uttar_Pradesh.html","https://dynamic-media-cdn.tripadvisor.com/media/photo-o/11/de/41/f4/kalankals.jpg?w=100&h=-1&s=1","5.0 of 5 bubbles","sacred,appealing temple",20,"This is counted among the most sacred temples in Kashi, it is hard to find but has a really lovely design","Mar 2018 • Solo","","","","2024-03-22T08:56:51Z"
"Vishalakshi Temple","","g297685","d10161249","5.0","https://www.tripadvisor.com/ShowUserReviews-g297685-d10161249-r612620050-Vishalakshi_Temple-Varanasi_Varanasi_District_Uttar_Pradesh.html","https://dynamic-media-cdn.tripadvisor.com/media/photo-o/07/c3/03/23/aravind-t.jpg?w=100&h=-1&s=1","4.0 of 5 bubbles","Shakthi Peetha",52,"Vishalakshi Temple is one of the 18 Shakthi Peethas dedicated to Parvati. This is an important temple in Kashi.","Aug 2018 • Family","","","","2024-03-22T08:56:51Z"
"Vishalakshi Temple","","g297685","d10161249","5.0","https://www.tripadvisor.com/ShowUserReviews-g297685-d10161249-r610058307-Vishalakshi_Temple-Varanasi_Varanasi_District_Uttar_Pradesh.html","https://dynamic-media-cdn.tripadvisor.com/media/photo-o/1a/f6/e9/bb/default-avatar-2020-65.jpg?w=100&h=-1&s=1","5.0 of 5 bubbles","Temple of parvati devi",479,"This is one of the most important temple of kasi dedicated to parvati. Two statues of devi parvati decorate the sanctum while the one at the back is said to be the suyambu one, and the front one is an add on by sree sankarasariyar and the Temple is maintained by chettiars we were told.","Nov 2017","","","","2024-03-22T08:56:51Z"
"Vishalakshi Temple","","g297685","d10161249","5.0","https://www.tripadvisor.com/ShowUserReviews-g297685-d10161249-r601415232-Vishalakshi_Temple-Varanasi_Varanasi_District_Uttar_Pradesh.html","https://dynamic-media-cdn.tripadvisor.com/media/photo-o/1a/f6/f2/7a/default-avatar-2020-25.jpg?w=100&h=-1&s=1","5.0 of 5 bubbles","one of the temples",353,"This is one of many temples that people visit as a devotional trip to varanasi.Calm and serene and there is always a good feeling that will be inside a temple that is there here as well","Aug 2017 • Friends","","","","2024-03-22T08:56:51Z"
"Vishalakshi Temple","","g297685","d10161249","5.0","https://www.tripadvisor.com/ShowUserReviews-g297685-d10161249-r595859713-Vishalakshi_Temple-Varanasi_Varanasi_District_Uttar_Pradesh.html","https://dynamic-media-cdn.tripadvisor.com/media/photo-o/16/59/bc/01/karthik-r.jpg?w=100&h=-1&s=1","5.0 of 5 bubbles","One of the important Sakthi Peet",698,"The Vishalakshi Temple is one of the prominent Shakthi Peet temples. It is one of the 18 Maha Shakthi Peet temples depicting the earrings of Sati Devi. Vishalakshi is the deity & Kalbhairava, who is believed to be the protector of Kashi is her Bhairava. The temple is situated near to Manikarnika ghat. The temple is very small as the Goddess can be seen from the streets in proximity. We had a very pleasant and peaceful dharshan of the Goddess. There were hardly 10 people in the temple when we went and enjoyed the moments with bliss.","Jun 2018 • Friends","","","","2024-03-22T08:56:51Z"
"Vishalakshi Temple","","g297685","d10161249","5.0","https://www.tripadvisor.com/ShowUserReviews-g297685-d10161249-r576688999-Vishalakshi_Temple-Varanasi_Varanasi_District_Uttar_Pradesh.html","https://dynamic-media-cdn.tripadvisor.com/media/photo-o/1a/f6/f1/79/default-avatar-2020-21.jpg?w=100&h=-1&s=1","5.0 of 5 bubbles","Pooja @ Visalakshi temple",287,"wonderful temple dedicated to Goddess Visalakshi, wife of Lors Shiva. It is very powerful temple and reagrded as Sakhti Peeta of Holy Mother.","Apr 2018 • Couples","","","","2024-03-22T08:56:51Z"
"Vishalakshi Temple","","g297685","d10161249","5.0","https://www.tripadvisor.com/ShowUserReviews-g297685-d10161249-r572330413-Vishalakshi_Temple-Varanasi_Varanasi_District_Uttar_Pradesh.html","https://dynamic-media-cdn.tripadvisor.com/media/photo-o/1a/f6/f0/d5/default-avatar-2020-17.jpg?w=100&h=-1&s=1","5.0 of 5 bubbles","Small but beautiful",14,"A must-visit if you are nearby the area. The alleys are confusing but always ask a local for directions or you might get lost.","Mar 2018 • Family","","","","2024-03-22T08:56:52Z"
"Vishalakshi Temple","","g297685","d10161249","5.0","https://www.tripadvisor.com/ShowUserReviews-g297685-d10161249-r566995480-Vishalakshi_Temple-Varanasi_Varanasi_District_Uttar_Pradesh.html","https://dynamic-media-cdn.tripadvisor.com/media/photo-o/1a/f6/de/0a/default-avatar-2020-35.jpg?w=100&h=-1&s=1","5.0 of 5 bubbles","Varanasi Shakthi Peedam",24,"Beautifull godess seen first near the entrance of the temple.Godess view is near inside the temple.Always there is crowd in this temple.","Nov 2017 • Family","","","","2024-03-22T08:56:52Z"
"Vishalakshi Temple","","g297685","d10161249","5.0","https://www.tripadvisor.com/ShowUserReviews-g297685-d10161249-r556591908-Vishalakshi_Temple-Varanasi_Varanasi_District_Uttar_Pradesh.html","https://dynamic-media-cdn.tripadvisor.com/media/photo-o/1a/f6/f2/11/default-avatar-2020-23.jpg?w=100&h=-1&s=1","5.0 of 5 bubbles","Maha shakti peetham",416,"One of the Maha shakti Peetham that located inside the Shri Kasi Viswanath ji temple, generally opens morning 6 AM, we had great visit and prayed Goddess Kasi Vishwalaxmi.","Dec 2017 • Couples","","","","2024-03-22T08:56:52Z"
"Vishalakshi Temple","","g297685","d10161249","5.0","https://www.tripadvisor.com/ShowUserReviews-g297685-d10161249-r546973367-Vishalakshi_Temple-Varanasi_Varanasi_District_Uttar_Pradesh.html","https://dynamic-media-cdn.tripadvisor.com/media/photo-o/11/49/df/ae/lakshmikandappan.jpg?w=100&h=-1&s=1","5.0 of 5 bubbles","One of the main temples",291,"This is a shaktipeet along the manikarnika ghats. The old deity is very small considered to be a swampu found behind the new one that is installed by Sri shankaracharya a few years back.one can perform kumkuma arcana here.","Oct 2017","","","","2024-03-22T08:56:52Z"
"Vishalakshi Temple","","g297685","d10161249","5.0","https://www.tripadvisor.com/ShowUserReviews-g297685-d10161249-r542723619-Vishalakshi_Temple-Varanasi_Varanasi_District_Uttar_Pradesh.html","https://dynamic-media-cdn.tripadvisor.com/media/photo-o/12/4b/97/91/krama200.jpg?w=100&h=-1&s=1","5.0 of 5 bubbles","One Of The Shakthi Peetas",180,"Kasi Visalakshi Temple is one of the Shakthi Peetas in India and is located near Mir Ghat. It is located in one of the Bye Lanes near Kasi Viswanath Temple and is easy to locate as it is well visited. The Godess is powerful and the temple is said to have been built by Nagarathar Community from Tamilnadu as per the Plaque outside the temple.Godess Parvathy is the main devotee. It can be crowded at times ,but during our visit it was not crowded.","Nov 2017 • Couples","","","","2024-03-22T08:56:52Z"
"Vishalakshi Temple","","g297685","d10161249","5.0","https://www.tripadvisor.com/ShowUserReviews-g297685-d10161249-r538226470-Vishalakshi_Temple-Varanasi_Varanasi_District_Uttar_Pradesh.html","https://dynamic-media-cdn.tripadvisor.com/media/photo-o/04/67/ee/1b/raja-p.jpg?w=100&h=-1&s=1","4.0 of 5 bubbles","one of the shakti pitha",83,"this is one of the shakti pitha.goddess parvathi is main diety.this is the most holy temple in india.while my visit it was over crowded.","Mar 2017 • Solo","","","","2024-03-22T08:56:52Z"
"Vishalakshi Temple","","g297685","d10161249","5.0","https://www.tripadvisor.com/ShowUserReviews-g297685-d10161249-r529369872-Vishalakshi_Temple-Varanasi_Varanasi_District_Uttar_Pradesh.html","https://dynamic-media-cdn.tripadvisor.com/media/photo-o/1d/7f/08/82/simhavij.jpg?w=100&h=-1&s=1","4.0 of 5 bubbles","Shakthipeetha in Kasi",357,"The temple is in one of the streets near the ghat and you need to walk as vehicles cannot come here. One of the holy shakhti peethas and we visited during dusshera and mata was fully adorned","Sep 2017 • Family","","","","2024-03-22T08:56:52Z"
"Vishalakshi Temple","","g297685","d10161249","5.0","https://www.tripadvisor.com/ShowUserReviews-g297685-d10161249-r520159653-Vishalakshi_Temple-Varanasi_Varanasi_District_Uttar_Pradesh.html","https://dynamic-media-cdn.tripadvisor.com/media/photo-o/1a/f6/77/ae/default-avatar-2020-2.jpg?w=100&h=-1&s=1","4.0 of 5 bubbles","Visalakshi temple",149,"This temple is close to the Vishwanath Temple and suffers from the same approach issues as the Vishwanath temple (crowded narrow bye-lanes). It is well maintained inside and the poojas are performed well. The inscription there says that the temple was constructed by a sect from Tamil Nadu (called Nagarathaars) in 1908.","Aug 2017 • Couples","","","","2024-03-22T08:56:52Z"
"Vishalakshi Temple","","g297685","d10161249","5.0","https://www.tripadvisor.com/ShowUserReviews-g297685-d10161249-r514857629-Vishalakshi_Temple-Varanasi_Varanasi_District_Uttar_Pradesh.html","https://dynamic-media-cdn.tripadvisor.com/media/photo-o/1a/f6/f4/20/default-avatar-2020-31.jpg?w=100&h=-1&s=1","4.0 of 5 bubbles","Vishalakshi temple",116,"It is a holy temple for Hindus. It is also the famous temple in Banaras.in this vishalakshi temple goddess parvathi,wife of lot Shiva will appear","Jul 2017 • Family","","","","2024-03-22T08:56:52Z"
"Vishalakshi Temple","","g297685","d10161249","5.0","https://www.tripadvisor.com/ShowUserReviews-g297685-d10161249-r506471333-Vishalakshi_Temple-Varanasi_Varanasi_District_Uttar_Pradesh.html","https://dynamic-media-cdn.tripadvisor.com/media/photo-o/1a/f6/e8/5b/default-avatar-2020-61.jpg?w=100&h=-1&s=1","5.0 of 5 bubbles","Vishalakshi temple",126,"Visalakshi temple is a holy temple for hindus.It is one of the most famous temples in banaras.In the temple,lord shiva's wife is present.","Jun 2017 • Friends","","","","2024-03-22T08:56:52Z"
"Vishalakshi Temple","","g297685","d10161249","5.0","https://www.tripadvisor.com/ShowUserReviews-g297685-d10161249-r502863499-Vishalakshi_Temple-Varanasi_Varanasi_District_Uttar_Pradesh.html","https://dynamic-media-cdn.tripadvisor.com/media/photo-o/0f/ec/53/3b/ymehra-m.jpg?w=100&h=-1&s=1","5.0 of 5 bubbles","Har har mahadev",21,"get the tickets to visit the temple for aarti which is at 2.30 nightthis time you can see the arti and other rituals performed by pujaris you will be allowed inside garbgrah and even touch the shiv ling even at this hour there is lot of crowd one can imaginethe crowd during day times all the best","Jun 2017 • Family","","","","2024-03-22T08:56:53Z"
"Vishalakshi Temple","","g297685","d10161249","5.0","https://www.tripadvisor.com/ShowUserReviews-g297685-d10161249-r483450295-Vishalakshi_Temple-Varanasi_Varanasi_District_Uttar_Pradesh.html","https://dynamic-media-cdn.tripadvisor.com/media/photo-o/07/9b/63/3b/twinkle906.jpg?w=100&h=-1&s=1","5.0 of 5 bubbles","Kasi Vishalakshi.... One of the Shakti Peethas",299,"This Kasi Vishalakshi temple is just behind Kasi vishwanath temple, 5 to 10 minutes walk. This temple is dedicated to Goddess Vishalakshi, located at Mir Ghat on the banks of Ganges river. It is regarded as one of the Shakti Peethas.It is believed that the eyes and earrings of the goddess Sati are said to have fallen on this holy spot of Varanasi. She is one of Akshis....Kasi vishalakshi, Madurai Meenakshi and Kanchi Kamakshi.Please do visit this Vishalakshi temple, after visiting Vishwanathji.","Oct 2016 • Couples","","","","2024-03-22T08:56:53Z"
"Vishalakshi Temple","","g297685","d10161249","5.0","https://www.tripadvisor.com/ShowUserReviews-g297685-d10161249-r483367900-Vishalakshi_Temple-Varanasi_Varanasi_District_Uttar_Pradesh.html","https://dynamic-media-cdn.tripadvisor.com/media/photo-o/0f/3f/94/07/sriramhome.jpg?w=100&h=-1&s=1","5.0 of 5 bubbles","Holy Kasi visit",21,"Mata Vishalakshi is Shakthipeet and very powerful. This temple is close to Lord Viswanath temple and one can easily reach it. People are friendly and guide you.","Apr 2017","","","","2024-03-22T08:56:53Z"
"Vishalakshi Temple","","g297685","d10161249","5.0","https://www.tripadvisor.com/ShowUserReviews-g297685-d10161249-r480567869-Vishalakshi_Temple-Varanasi_Varanasi_District_Uttar_Pradesh.html","https://dynamic-media-cdn.tripadvisor.com/media/photo-o/1a/f6/e6/ea/default-avatar-2020-54.jpg?w=100&h=-1&s=1","5.0 of 5 bubbles","Shakti peeth of Goddess Durga",584,"The temple is just behind the bigger Kashi Viswanath temple. The importance of this site is that according to Hindu legend, one of the eyes (Akshi) of Goddess Durga fell in this spot along with a pair of earnings.","Apr 2017 • Family","","","","2024-03-22T08:56:53Z"
"Vishalakshi Temple","","g297685","d10161249","5.0","https://www.tripadvisor.com/ShowUserReviews-g297685-d10161249-r474866658-Vishalakshi_Temple-Varanasi_Varanasi_District_Uttar_Pradesh.html","https://dynamic-media-cdn.tripadvisor.com/media/photo-o/27/16/53/b9/bizanand.jpg?w=100&h=-1&s=1","5.0 of 5 bubbles","Kasi Visalakshi",327,"After seeing Kasi Vishwanath, one must see Visalakshi too. It is situated just behind the main temple.","Apr 2017 • Friends","","","","2024-03-22T08:56:53Z"
"Vishalakshi Temple","","g297685","d10161249","5.0","https://www.tripadvisor.com/ShowUserReviews-g297685-d10161249-r456853515-Vishalakshi_Temple-Varanasi_Varanasi_District_Uttar_Pradesh.html","https://dynamic-media-cdn.tripadvisor.com/media/photo-o/1a/f6/f4/5d/default-avatar-2020-32.jpg?w=100&h=-1&s=1","5.0 of 5 bubbles","WIDE EYED MOTHER",183,"Mother is at Mir Ghat. Narrow lanes of Kashi take you to the temple it is not far from Lord Vishwanath temple. It is one of the Shakthi  peetas.  Mothers eyes & ear rings have fallen here.Two idols of the Mother are here in the sanctum. One is smaller which is behind the  larger moorthy. She is called ADI VISHALAKSHI. The bigger moorthy which is in front was installed at a later date. She is one among the 3 Akshis (eyes) - Kanchi Kamakshi, Madurai Meenakshi & Kashi Vishalakshi !","Jul 2016 • Couples","","","","2024-03-22T08:56:53Z"
"Vishalakshi Temple","","g297685","d10161249","5.0","https://www.tripadvisor.com/ShowUserReviews-g297685-d10161249-r455421344-Vishalakshi_Temple-Varanasi_Varanasi_District_Uttar_Pradesh.html","https://dynamic-media-cdn.tripadvisor.com/media/photo-o/08/d3/95/78/sriram-rajagopal.jpg?w=100&h=-1&s=1","5.0 of 5 bubbles","Shakti peeth",126,"Located at a 5 min walk from the Kashi Vishwanath temple, this shrine is one of the Sakti Peeth.. should be visited in tandem with the vishwanath temple..","Jan 2017 • Solo","","","","2024-03-22T08:56:53Z"
"Vishalakshi Temple","","g297685","d10161249","5.0","https://www.tripadvisor.com/ShowUserReviews-g297685-d10161249-r449472476-Vishalakshi_Temple-Varanasi_Varanasi_District_Uttar_Pradesh.html","https://dynamic-media-cdn.tripadvisor.com/media/photo-o/0a/bc/be/02/venkatveg.jpg?w=100&h=-1&s=1","5.0 of 5 bubbles","Shaktipeeth.",115,"Must visit place in Varanasi. A shaktipeeth. I dont know why people miss this. I think it is maintain by South Indian pujaris. It is small and clean. Original Murti is at back of front murti. The front murti has been placed by shankaracharya.","Dec 2016 • Family","","","","2024-03-22T08:56:53Z"
"Vishalakshi Temple","","g297685","d10161249","5.0","https://www.tripadvisor.com/ShowUserReviews-g297685-d10161249-r425809139-Vishalakshi_Temple-Varanasi_Varanasi_District_Uttar_Pradesh.html","https://dynamic-media-cdn.tripadvisor.com/media/photo-s/02/87/14/0f/loki-knows.jpg?w=100&h=-1&s=1","5.0 of 5 bubbles","Shakthi sthal and Abode of Goddess Parvathi",921,"Very nice temple of Goddess Vishalakshi very near Kashi Vishwanatha Temple. There are two idols of Vishalakshi We went to this temple very early in the morning after doing abhisheka and pooja in Viswanatha temple.   The temple is very clean and well kept. every day abhishekha and alankaara, decoration with new saree,flowers. There is Srichakra and Kumkuma Archane is done and prasad is given to devotees. Small temples around and in the vicinity of Vishalakshi temple.","Nov 2015 • Couples","","","","2024-03-22T08:56:53Z"
"Vishalakshi Temple","","g297685","d10161249","5.0","https://www.tripadvisor.com/ShowUserReviews-g297685-d10161249-r369906826-Vishalakshi_Temple-Varanasi_Varanasi_District_Uttar_Pradesh.html","https://dynamic-media-cdn.tripadvisor.com/media/photo-o/1a/f6/e2/11/default-avatar-2020-41.jpg?w=100&h=-1&s=1","5.0 of 5 bubbles","One of the Shaktipeth Temples in India",478,"Vishalakshi temple is one of the Shaktipeeth temples in India located in Varanasi. In fact due to other famous temples like Kashi Vishwanath temple in Varanasi many people miss out on this temple. However for any devotee of Maa Durga or Shakti this is a must visit temple. This temple is located with in walking distance of Kashi Vishwanath temple. The temple is also less crowded and peaceful.","Feb 2016 • Couples","","","","2024-03-22T08:56:53Z"
"Vishalakshi Temple","","g297685","d10161249","5.0","https://www.tripadvisor.com/ShowUserReviews-g297685-d10161249-r366010910-Vishalakshi_Temple-Varanasi_Varanasi_District_Uttar_Pradesh.html","https://dynamic-media-cdn.tripadvisor.com/media/photo-o/0b/05/3c/f5/pavankumarraju.jpg?w=100&h=-1&s=1","5.0 of 5 bubbles","Vishalakshi Temple",559,"Vishalakshi Temple is must visit temple in Varanasi. It is one of the 18 shaktipeethas. Temple is constructed in south indian style. Don't miss to see the original idol which is situated back side of the current idol.","Jun 2015 • Family","","","","2024-03-22T08:56:54Z"
"Vishalakshi Temple","","g297685","d10161249","5.0","https://www.tripadvisor.com/ShowUserReviews-g297685-d10161249-r362222204-Vishalakshi_Temple-Varanasi_Varanasi_District_Uttar_Pradesh.html","https://dynamic-media-cdn.tripadvisor.com/media/photo-o/0a/d1/21/13/srnayak.jpg?w=100&h=-1&s=1","5.0 of 5 bubbles","Vishalakshi Temple, Shakti Peeta",91,"Vishalakshi or Vishalakshi Gauri  an aswpect of Goddess ParvatiGauri. This temple is located at Mir Ghat on the banks of River Ganges. This is a sacred temple and considered as a Shakti Peetha. As per mythology, the daughter of Prajapati, Sati married Lord Shiva without the consent of Prajapati. Once Prajapati orginised a Yajna and  he did not invite daughter Sati and Lord Shiva.  Sati visited the Yajna site but Prajapati insulted Sati. Due to this Sati jumped into the yajna sacrificial fire and committed suicide. Sati died but the corpse did not burn. Grief stricken Shiva takes the corpose and wandered the universe and he meets Lord Vishnu. Vishnu dismembered the body into 52 parts, each part of which is known as a holy Shakti Peetha. Shiva also worshipped at these Shakti Peethas  in the form of Bhairava.It is believed that the ear rings of Sati had fallen at this holy spot of Varanasi. This temple is known for its holy festival KAJALI TIJ, which is held on the 3rd day of waning fortnight in the month of Bhadrapada (August).Not to miss this temple during Varanasi visit.Om Namah Shivaya.","Mar 2016 • Couples","","","","2024-03-22T08:56:54Z"
