"names","address","geo_id","hotel_id","rating","url","profile_image","review_score","review_heading","profile_contr","review_body","date_of_stay","company_responder","company_response","company_response_date","timestamp"
"Tibetan Temple","","g297685","d3727502","4.5","https://www.tripadvisor.com/ShowUserReviews-g297685-d3727502-r830882204-Tibetan_Temple-Varanasi_Varanasi_District_Uttar_Pradesh.html","https://dynamic-media-cdn.tripadvisor.com/media/photo-s/03/04/87/50/balasubramaniam11111.jpg?w=100&h=-1&s=1","5.0 of 5 bubbles","Peacefull Place",174,"Peacefull place to visit. Its a place where Buddha has preached his 5 devotees under the tree. Wonderfull place and great positive feel you get once you reach here.","Mar 2022","","","","2024-03-23T09:58:30Z"
"Tibetan Temple","","g297685","d3727502","4.5","https://www.tripadvisor.com/ShowUserReviews-g297685-d3727502-r824520734-Tibetan_Temple-Varanasi_Varanasi_District_Uttar_Pradesh.html","https://dynamic-media-cdn.tripadvisor.com/media/photo-o/1a/f6/de/0a/default-avatar-2020-35.jpg?w=100&h=-1&s=1","5.0 of 5 bubbles","Peace and Quiet in Varanasi",58,"Nice little temple devoted to Lord Buddha set in a sprawling green lawn with shady trees. It is always a picnic here.","Dec 2021","","","","2024-03-23T09:58:30Z"
"Tibetan Temple","","g297685","d3727502","4.5","https://www.tripadvisor.com/ShowUserReviews-g297685-d3727502-r782730491-Tibetan_Temple-Varanasi_Varanasi_District_Uttar_Pradesh.html","https://dynamic-media-cdn.tripadvisor.com/media/photo-o/12/3f/1f/e4/pranab-p.jpg?w=100&h=-1&s=1","5.0 of 5 bubbles","Tibetan Temple at Sarnath – A pinnacle of Buddhism !",480,"During our Varanasi journey we visited for a day trip to Sarnath . It was a memorable trip indeed !Sarnath is about 10 km north-east of Varanasi and takes about 30 mins by a Tuk – Tuk (₹400 return trip, including wait) or Taxi (₹200 one-way; waiting time extra) . We hired a Tuk – Tuk and started in the morning after breakfast from our hotel.Our first stop was at Tibetan temple ……..The Tibetan Temple at Sarnath is a pinnacle of Buddhism.The LHADHAN CHENMO Tibetan Monastery, also known as the Tibetan temple monastery was built in 1955 at Sarnath and is maintained by LHADHAN CHOTRUL MONLAM CHENMO TRUST(see the trustee board in my picture).  It is the first monastery and temple to be built in India by His Holiness Dalai Lama, XIV.The entrance of the monastery is flanked by carvings of two lions at the main entrance. Once you enter the complex, there is a light pink coloured stupa. It has been built by the Tibetans to show their gratitude to the Indian Government for granting them asylum in India. The main temple is beyond this stupa. The Tibetan Temple is acclaimed for its Thangksa (Tibetan Buddhist works of art) and frescoes, which are found on the dividers and roofs. 😍😍😍One can find series of prayer wheels which release paper scrolls with chants marked on then when one rotates them in the clockwise direction..There are some beautiful frescoes adorning the walls of the temple. Inside, It has got hundreds of miniature Buddhas in glass shelf. There is a big picture of HH Dalai Lama.There is a huge statue of Sakyamuni (another form of Buddha), in a resting position ....... All looks so beautiful ! 😍😍😍If you are a solo traveler and you like to go to the Peace Flowers places, then you can spend some time here.The monk sitting inside the temple during our visit was very accommodating and had a nice chat with us.The monastery has got many room where Tibetan monks can stay free of cost. Sometime these rooms are given to visitors also at reasonable cost subject to availability.Over-all, it was a great trip for us to visit this Tibetan temple at Sarnath .I strongly recommend this place in your Sarnath itinerary ! 👍👍","Mar 2020 • Couples","","","","2024-03-23T09:58:30Z"
"Tibetan Temple","","g297685","d3727502","4.5","https://www.tripadvisor.com/ShowUserReviews-g297685-d3727502-r776874097-Tibetan_Temple-Varanasi_Varanasi_District_Uttar_Pradesh.html","https://dynamic-media-cdn.tripadvisor.com/media/photo-o/1c/4c/57/d0/poornimashenoy.jpg?w=100&h=-1&s=1","4.0 of 5 bubbles","Peace",49,"Peace is what you feel when one visits this temple built on the model of a temple thought to be on the archeaological site nearby . It has gardens for people to meditate or just enjoy with friends and family .","Nov 2020","","","","2024-03-23T09:58:30Z"
"Tibetan Temple","","g297685","d3727502","4.5","https://www.tripadvisor.com/ShowUserReviews-g297685-d3727502-r751794518-Tibetan_Temple-Varanasi_Varanasi_District_Uttar_Pradesh.html","https://dynamic-media-cdn.tripadvisor.com/media/photo-o/1a/f6/e4/2d/default-avatar-2020-48.jpg?w=100&h=-1&s=1","4.0 of 5 bubbles","Tibetan Temple Sarnath",626,"The Tibetan temple situated at Sarnath in Varanasi. It is a great place to see. Architecture is beautiful. Well worth to visit such place.","Dec 2019","","","","2024-03-23T09:58:30Z"
"Tibetan Temple","","g297685","d3727502","4.5","https://www.tripadvisor.com/ShowUserReviews-g297685-d3727502-r751540336-Tibetan_Temple-Varanasi_Varanasi_District_Uttar_Pradesh.html","https://dynamic-media-cdn.tripadvisor.com/media/photo-o/19/fe/db/75/dennis-p.jpg?w=100&h=-1&s=1","4.0 of 5 bubbles","Tranquil setting",370,"Who would have thought that this temple is only 65 years old. It is in keeping with the rest of the archealogical site and isn't at all out of place.Well worth a visit.","Jan 2020","","","","2024-03-23T09:58:30Z"
"Tibetan Temple","","g297685","d3727502","4.5","https://www.tripadvisor.com/ShowUserReviews-g297685-d3727502-r745147473-Tibetan_Temple-Varanasi_Varanasi_District_Uttar_Pradesh.html","https://dynamic-media-cdn.tripadvisor.com/media/photo-o/2b/75/a8/71/caption.jpg?w=100&h=-1&s=1","5.0 of 5 bubbles","Worth Visiting !!",931,"There are many Buddhist Temples in Sarnath, one of the 4 most important holy places of Buddhism, and Tibetan Temple is one of them. I think there is a lot of confusion regarding Tibetan Temple on this forum. Most of the picture and reviews posted in this forum are that of Mulgandha Kuti Vihar. The Tibetan Temple is different one(see pictures).It is located close to the main market. It was constructed in 1955 is maintained by LHADHAN CHOTRUL MONLAM CHENMO TRUST(see picture). It has got hundreds of miniature Buddhas in glass shelf. There is a big picture of HH Dalai Lama. Behind it there is a big Sakyamuni another form of Buddha(see picture). The monastery has got many room where Tibetan monks can stay free of cost. Sometime these rooms are given to visitors also at reasonable cost subject to availability.","Feb 2020","","","","2024-03-23T09:58:30Z"
"Tibetan Temple","","g297685","d3727502","4.5","https://www.tripadvisor.com/ShowUserReviews-g297685-d3727502-r742193397-Tibetan_Temple-Varanasi_Varanasi_District_Uttar_Pradesh.html","https://dynamic-media-cdn.tripadvisor.com/media/photo-o/1a/f6/ef/73/default-avatar-2020-13.jpg?w=100&h=-1&s=1","5.0 of 5 bubbles","Good place to visit",129,"The Tibetan temple is a great place to see the great architecture along with the mesmerizing beauty that it offers.","Dec 2019","","","","2024-03-23T09:58:30Z"
"Tibetan Temple","","g297685","d3727502","4.5","https://www.tripadvisor.com/ShowUserReviews-g297685-d3727502-r734765747-Tibetan_Temple-Varanasi_Varanasi_District_Uttar_Pradesh.html","https://dynamic-media-cdn.tripadvisor.com/media/photo-o/1a/f6/ee/db/default-avatar-2020-10.jpg?w=100&h=-1&s=1","5.0 of 5 bubbles","Prayer ",4,"Most peaceful places in varanasi situated in sarnath most of the Buddhist temples are in this area. Please visit","Dec 2019 • Solo","","","","2024-03-23T09:58:30Z"
"Tibetan Temple","","g297685","d3727502","4.5","https://www.tripadvisor.com/ShowUserReviews-g297685-d3727502-r734373309-Tibetan_Temple-Varanasi_Varanasi_District_Uttar_Pradesh.html","https://dynamic-media-cdn.tripadvisor.com/media/photo-o/10/61/02/88/indiana-jonesse.jpg?w=100&h=-1&s=1","5.0 of 5 bubbles","While in Sarnath",370,"Sarnath is a town where all religions are tolerated. From Hindus, Muslims to Buddhists, they all have a place to worship here. This in particular is of the Buddhist lineage. His HH Dalai Lama frequents here for lectures.","Dec 2019","","","","2024-03-23T09:58:30Z"
"Tibetan Temple","","g297685","d3727502","4.5","https://www.tripadvisor.com/ShowUserReviews-g297685-d3727502-r730688998-Tibetan_Temple-Varanasi_Varanasi_District_Uttar_Pradesh.html","https://dynamic-media-cdn.tripadvisor.com/media/photo-o/1a/f6/e2/e6/default-avatar-2020-45.jpg?w=100&h=-1&s=1","5.0 of 5 bubbles","Buddhist place",17,"This temple is beautiful and clean inside the temple a big buddha grave and.This place Buddhist place is located in sarnath","Sep 2019 • Friends","","","","2024-03-23T09:58:32Z"
"Tibetan Temple","","g297685","d3727502","4.5","https://www.tripadvisor.com/ShowUserReviews-g297685-d3727502-r720917385-Tibetan_Temple-Varanasi_Varanasi_District_Uttar_Pradesh.html","https://dynamic-media-cdn.tripadvisor.com/media/photo-o/15/3c/63/ff/tourist824217.jpg?w=100&h=-1&s=1","5.0 of 5 bubbles","VARANASI DARSHAN",96,"This Tibetan temple at sarnath is serene and tranquil. Once availing the facility of a local guide who can explain about this place is worth listening as well as must to know about history of this place, hopefully once in a lifetime anyone can visit.","Oct 2019","","","","2024-03-23T09:58:32Z"
"Tibetan Temple","","g297685","d3727502","4.5","https://www.tripadvisor.com/ShowUserReviews-g297685-d3727502-r718093916-Tibetan_Temple-Varanasi_Varanasi_District_Uttar_Pradesh.html","https://dynamic-media-cdn.tripadvisor.com/media/photo-o/05/e8/a6/36/joe-m.jpg?w=100&h=-1&s=1","5.0 of 5 bubbles","Go to Sarnath",253,"you have com all this way be sure to tour sarnath, a subrerb of sorts to Varanasi... not to be missed.","Dec 2018","","","","2024-03-23T09:58:32Z"
"Tibetan Temple","","g297685","d3727502","4.5","https://www.tripadvisor.com/ShowUserReviews-g297685-d3727502-r709891517-Tibetan_Temple-Varanasi_Varanasi_District_Uttar_Pradesh.html","https://dynamic-media-cdn.tripadvisor.com/media/photo-o/07/6a/ac/ae/steven-r.jpg?w=100&h=-1&s=1","4.0 of 5 bubbles","Worth a quick look.",306,"It only takes 15 minutes to walk up and around the temple and take a few shots.The Architecture was pretty special..","Sep 2019","","","","2024-03-23T09:58:32Z"
"Tibetan Temple","","g297685","d3727502","4.5","https://www.tripadvisor.com/ShowUserReviews-g297685-d3727502-r707173111-Tibetan_Temple-Varanasi_Varanasi_District_Uttar_Pradesh.html","https://dynamic-media-cdn.tripadvisor.com/media/photo-o/1a/f6/e2/a7/default-avatar-2020-44.jpg?w=100&h=-1&s=1","5.0 of 5 bubbles","Golden River Guiding",17,"Also nice visit with our charming guide from Hotel B&B Golden River. He knows all the things to do and to not do. We felt very safe and cool overthere. It is a beautiful place.","Aug 2019","","","","2024-03-23T09:58:32Z"
"Tibetan Temple","","g297685","d3727502","4.5","https://www.tripadvisor.com/ShowUserReviews-g297685-d3727502-r678402830-Tibetan_Temple-Varanasi_Varanasi_District_Uttar_Pradesh.html","https://dynamic-media-cdn.tripadvisor.com/media/photo-o/06/c5/02/f6/jocole2014.jpg?w=100&h=-1&s=1","5.0 of 5 bubbles","Was very interesting",97,"A beautiful monument, worth seeing. There are many monuments India, see all you can. No 2 are the same and all have a historical story.","May 2019 • Solo","","","","2024-03-23T09:58:32Z"
"Tibetan Temple","","g297685","d3727502","4.5","https://www.tripadvisor.com/ShowUserReviews-g297685-d3727502-r677294601-Tibetan_Temple-Varanasi_Varanasi_District_Uttar_Pradesh.html","https://dynamic-media-cdn.tripadvisor.com/media/photo-o/05/95/a3/ae/rameshdas.jpg?w=100&h=-1&s=1","4.0 of 5 bubbles","Wonderful. Healing expereience",771,"The Tibetan temple is quite a healing experience. Very much tourism friendly spot. Close to Sacred Bodhi tree.Can be reached from Benaras within 20 minutes.","Jan 2019","","","","2024-03-23T09:58:32Z"
"Tibetan Temple","","g297685","d3727502","4.5","https://www.tripadvisor.com/ShowUserReviews-g297685-d3727502-r667277374-Tibetan_Temple-Varanasi_Varanasi_District_Uttar_Pradesh.html","https://dynamic-media-cdn.tripadvisor.com/media/photo-o/11/0b/3d/7c/dpcook7.jpg?w=100&h=-1&s=1","5.0 of 5 bubbles","Tibetan Temple Varanasi",19,"The Tibetan Buddhist Temple at Sarnath near Varansi is worth visiting.  The murals in the temple depict the life of Buddha.  A guide is helpful to explain the story in the murals.","Mar 2019 • Couples","","","","2024-03-23T09:58:32Z"
"Tibetan Temple","","g297685","d3727502","4.5","https://www.tripadvisor.com/ShowUserReviews-g297685-d3727502-r661787079-Tibetan_Temple-Varanasi_Varanasi_District_Uttar_Pradesh.html","https://dynamic-media-cdn.tripadvisor.com/media/photo-o/1a/f6/f2/7a/default-avatar-2020-25.jpg?w=100&h=-1&s=1","5.0 of 5 bubbles","Wonderful",449,"If you do not visit this temple through Varanasi, then you go to Varanasi, useless. It's amazing, it's incredible.","Mar 2019","","","","2024-03-23T09:58:32Z"
"Tibetan Temple","","g297685","d3727502","4.5","https://www.tripadvisor.com/ShowUserReviews-g297685-d3727502-r657735871-Tibetan_Temple-Varanasi_Varanasi_District_Uttar_Pradesh.html","https://dynamic-media-cdn.tripadvisor.com/media/photo-o/1a/f6/e7/3d/default-avatar-2020-55.jpg?w=100&h=-1&s=1","4.0 of 5 bubbles","Worth taking the time to visit",91,"It isn't that far, a auto-rickshaw will take you and wait for you.  We spent 2 hours here which included the museum as well as the archaeological site. It's easy to miss some of the temples especially if you are independent travellers, so do some research before you go.","Feb 2019 • Couples","","","","2024-03-23T09:58:32Z"
"Tibetan Temple","","g297685","d3727502","4.5","https://www.tripadvisor.com/ShowUserReviews-g297685-d3727502-r655596558-Tibetan_Temple-Varanasi_Varanasi_District_Uttar_Pradesh.html","https://dynamic-media-cdn.tripadvisor.com/media/photo-o/16/94/fd/2d/sacgup.jpg?w=100&h=-1&s=1","5.0 of 5 bubbles","Good temple",25,"It is a good temple with large statue of Lord Buddha with small statues on side of different positions.","Feb 2019 • Family","","","","2024-03-23T09:58:34Z"
"Tibetan Temple","","g297685","d3727502","4.5","https://www.tripadvisor.com/ShowUserReviews-g297685-d3727502-r653984756-Tibetan_Temple-Varanasi_Varanasi_District_Uttar_Pradesh.html","https://dynamic-media-cdn.tripadvisor.com/media/photo-o/1a/f6/f2/59/default-avatar-2020-24.jpg?w=100&h=-1&s=1","5.0 of 5 bubbles","Fascinating insights!",71,"Varanasi is said to be the religious capital of India. I gained new insights into some of the world's major religions. The time we spent in the Tibetan Temple was most informative and enjoyable.","Jan 2019 • Friends","","","","2024-03-23T09:58:34Z"
"Tibetan Temple","","g297685","d3727502","4.5","https://www.tripadvisor.com/ShowUserReviews-g297685-d3727502-r651986972-Tibetan_Temple-Varanasi_Varanasi_District_Uttar_Pradesh.html","https://dynamic-media-cdn.tripadvisor.com/media/photo-o/0f/53/24/a6/pratush-n.jpg?w=100&h=-1&s=1","2.0 of 5 bubbles","You can skip this place",371,"This temple is just 9-10 years old and if you do not have time you can skip the visit of this temple as main attraction to visit is Sarnath Temple.","Feb 2019 • Solo","","","","2024-03-23T09:58:34Z"
"Tibetan Temple","","g297685","d3727502","4.5","https://www.tripadvisor.com/ShowUserReviews-g297685-d3727502-r649433330-Tibetan_Temple-Varanasi_Varanasi_District_Uttar_Pradesh.html","https://dynamic-media-cdn.tripadvisor.com/media/photo-s/02/36/f9/73/sandeepksaxena.jpg?w=100&h=-1&s=1","5.0 of 5 bubbles","peaceful temple....",503,"Most holy place for Buddhism in Varanasi where Buddha taught first teaching.Very peaceful environment with beautiful surrounding. Temple is famous for its Thangka or Tibetan Buddhist paintings, and frescoes, the Tibetan Temple showcases many of these on the walls and ceilings. Like most Buddhist temples, here also one can find series of prayer wheels which release paper scrolls with chants marked on then when one rotates them in the clockwise direction. You sit down and experience the peaceful enlightenment that Lord Budhdha achieved.","Dec 2018 • Family","","","","2024-03-23T09:58:34Z"
"Tibetan Temple","","g297685","d3727502","4.5","https://www.tripadvisor.com/ShowUserReviews-g297685-d3727502-r643497433-Tibetan_Temple-Varanasi_Varanasi_District_Uttar_Pradesh.html","https://dynamic-media-cdn.tripadvisor.com/media/photo-o/05/2c/1a/1d/bharathimani.jpg?w=100&h=-1&s=1","4.0 of 5 bubbles","Beautiful",160,"This is a beautiful Tibetan Temple located in Sarnath. There is a beautiful statue of Buddha and lots of small pancha loha Buddhas. The temple has good vibrations","Jan 2019 • Couples","","","","2024-03-23T09:58:34Z"
"Tibetan Temple","","g297685","d3727502","4.5","https://www.tripadvisor.com/ShowUserReviews-g297685-d3727502-r642951234-Tibetan_Temple-Varanasi_Varanasi_District_Uttar_Pradesh.html","https://dynamic-media-cdn.tripadvisor.com/media/photo-s/02/f5/60/eb/betula103.jpg?w=100&h=-1&s=1","4.0 of 5 bubbles","Painted walls",903,"This temple is internally quite beautiful and the walls are beautifully painted in light bright tones.","Oct 2018 • Friends","","","","2024-03-23T09:58:34Z"
"Tibetan Temple","","g297685","d3727502","4.5","https://www.tripadvisor.com/ShowUserReviews-g297685-d3727502-r642193360-Tibetan_Temple-Varanasi_Varanasi_District_Uttar_Pradesh.html","https://dynamic-media-cdn.tripadvisor.com/media/photo-o/1a/f6/ef/9c/default-avatar-2020-14.jpg?w=100&h=-1&s=1","3.0 of 5 bubbles","holy shrine",482,"Well after an couple of monuments still famous to pray and come down. In December not that busy because of the beside Stupa.","Dec 2018 • Friends","","","","2024-03-23T09:58:34Z"
"Tibetan Temple","","g297685","d3727502","4.5","https://www.tripadvisor.com/ShowUserReviews-g297685-d3727502-r638828553-Tibetan_Temple-Varanasi_Varanasi_District_Uttar_Pradesh.html","https://dynamic-media-cdn.tripadvisor.com/media/photo-o/05/ec/cc/a9/chetansurat.jpg?w=100&h=-1&s=1","5.0 of 5 bubbles","TIBETAN BUDDIST TEMPLE",118,"loard buddh teple in sarnath.holly temple of loard gauttam buddh .good and clean temple. very big temple.lots of nri visit this place.","Dec 2018 • Friends","","","","2024-03-23T09:58:34Z"
"Tibetan Temple","","g297685","d3727502","4.5","https://www.tripadvisor.com/ShowUserReviews-g297685-d3727502-r635942635-Tibetan_Temple-Varanasi_Varanasi_District_Uttar_Pradesh.html","https://dynamic-media-cdn.tripadvisor.com/media/photo-o/04/03/f2/06/haragopal.jpg?w=100&h=-1&s=1","5.0 of 5 bubbles","BUDDHiSM .",836,"Just 15 km away from VARANASI one must visit SARNATH where you find many Buddhist temples and Tibetan  Buddha temple is worth visiting among others in SARNATH.","Nov 2018 • Family","","","","2024-03-23T09:58:34Z"
"Tibetan Temple","","g297685","d3727502","4.5","https://www.tripadvisor.com/ShowUserReviews-g297685-d3727502-r632402498-Tibetan_Temple-Varanasi_Varanasi_District_Uttar_Pradesh.html","https://dynamic-media-cdn.tripadvisor.com/media/photo-o/1a/f6/eb/a3/default-avatar-2020-38.jpg?w=100&h=-1&s=1","5.0 of 5 bubbles","Tranquil and fascinating",51,"Definitely worth a trip. A very knowledgeble guide gave us some excellent background on the truth and mythology of the site and the buildings on site.","Oct 2018 • Couples","","","","2024-03-23T09:58:34Z"
"Tibetan Temple","","g297685","d3727502","4.5","https://www.tripadvisor.com/ShowUserReviews-g297685-d3727502-r622318202-Tibetan_Temple-Varanasi_Varanasi_District_Uttar_Pradesh.html","https://dynamic-media-cdn.tripadvisor.com/media/photo-o/1a/f6/e9/bb/default-avatar-2020-65.jpg?w=100&h=-1&s=1","5.0 of 5 bubbles","Lord bhuddha temple",479,"This is a temple in saranath dedicated to lord Buddha and maintained by Tibet Ian country.the contries that follow Buddhism has a special place for itself here that is maintained by their embassy we were told and this is for the Tibets.","Nov 2017","","","","2024-03-23T09:58:36Z"
"Tibetan Temple","","g297685","d3727502","4.5","https://www.tripadvisor.com/ShowUserReviews-g297685-d3727502-r617652679-Tibetan_Temple-Varanasi_Varanasi_District_Uttar_Pradesh.html","https://dynamic-media-cdn.tripadvisor.com/media/photo-o/1a/f6/77/ae/default-avatar-2020-2.jpg?w=100&h=-1&s=1","4.0 of 5 bubbles","Increase your Knowledge of Buddism",155,"I was not to familiar with the philosophy of Buddism, but the walk up to the Temple illustrates the beliefs of Buddha, and the wall paintings/drawings inside the Temple confirm the life of Buddha, was similar in many ways to that of Jesus - he fasted, meditated for 40 days, and had temptations and demons sent to challenge him.He said that he was NOT a god, but advocated following his beliefs, which would bring enlightenment","Sep 2018 • Solo","","","","2024-03-23T09:58:36Z"
"Tibetan Temple","","g297685","d3727502","4.5","https://www.tripadvisor.com/ShowUserReviews-g297685-d3727502-r612273304-Tibetan_Temple-Varanasi_Varanasi_District_Uttar_Pradesh.html","https://dynamic-media-cdn.tripadvisor.com/media/photo-o/1a/f6/ed/00/default-avatar-2020-4.jpg?w=100&h=-1&s=1","4.0 of 5 bubbles","On Ashoka Road",63,"This temple is not visited by many tourist as this place is away from main attractions. Therefore, it was almost empty when I visited. As the name suggest, this temple was managed by Tibetan people. I spent some time inside.","Jul 2018 • Family","","","","2024-03-23T09:58:36Z"
"Tibetan Temple","","g297685","d3727502","4.5","https://www.tripadvisor.com/ShowUserReviews-g297685-d3727502-r610903046-Tibetan_Temple-Varanasi_Varanasi_District_Uttar_Pradesh.html","https://dynamic-media-cdn.tripadvisor.com/media/photo-o/1a/f6/eb/43/default-avatar-2020-11.jpg?w=100&h=-1&s=1","5.0 of 5 bubbles","Historical",987,"I went to Tibetan Temple. The temple features a statue of Shakyamuni, the Buddha. The Prayer Wheels are seen outside the building which on being rotated clockwise, release paper scrolls with prayers written on them. It is great place to go.","Aug 2018 • Friends","","","","2024-03-23T09:58:36Z"
"Tibetan Temple","","g297685","d3727502","4.5","https://www.tripadvisor.com/ShowUserReviews-g297685-d3727502-r607254923-Tibetan_Temple-Varanasi_Varanasi_District_Uttar_Pradesh.html","https://dynamic-media-cdn.tripadvisor.com/media/photo-o/13/f6/79/44/vishalkhari.jpg?w=100&h=-1&s=1","5.0 of 5 bubbles","Beautiful temple",34,"This is a main temple with Stupa along with big parks and peace in environment. Visiting with families and friends is a great option.","Mar 2018 • Friends","","","","2024-03-23T09:58:36Z"
"Tibetan Temple","","g297685","d3727502","4.5","https://www.tripadvisor.com/ShowUserReviews-g297685-d3727502-r573868199-Tibetan_Temple-Varanasi_Varanasi_District_Uttar_Pradesh.html","https://dynamic-media-cdn.tripadvisor.com/media/photo-o/09/d3/83/91/ganu-r.jpg?w=100&h=-1&s=1","5.0 of 5 bubbles","Govt of Thailand Maintains this Temple.",151,"Located very near Varanasi the world famous heritage temple visited by all people in the world is this temple of Buddha it need not be called a temple but it is or was the place where Lord. Buddha stayed and preached his 5 deciples the 4 truths they are The Four Noble Truths comprise the essence of Buddha's teachings, though they leave much left unexplained. They are the truth of suffering, the truth of the cause of suffering, the truth of the end of suffering, and the truth of the path that leads to the end of suffering. Thailand Representative resides here in a posh building. Only for people of Thailand Buddhists who pray in a secret chamber below Buddha.","Feb 2018 • Couples","","","","2024-03-23T09:58:36Z"
"Tibetan Temple","","g297685","d3727502","4.5","https://www.tripadvisor.com/ShowUserReviews-g297685-d3727502-r569002951-Tibetan_Temple-Varanasi_Varanasi_District_Uttar_Pradesh.html","https://dynamic-media-cdn.tripadvisor.com/media/photo-o/1a/53/7b/5a/avatar.jpg?w=100&h=-1&s=1","5.0 of 5 bubbles","budham sharnam gacchami",937,"pardon my spelling of the chant . If in sarnath the guide will definitely take you there, totally peaceful place and take some time to sit there with eyes closed..","Mar 2018 • Family","","","","2024-03-23T09:58:36Z"
"Tibetan Temple","","g297685","d3727502","4.5","https://www.tripadvisor.com/ShowUserReviews-g297685-d3727502-r568456406-Tibetan_Temple-Varanasi_Varanasi_District_Uttar_Pradesh.html","https://dynamic-media-cdn.tripadvisor.com/media/photo-o/09/c3/bd/ba/rakesh-s.jpg?w=100&h=-1&s=1","5.0 of 5 bubbles","Temple ",852,"Temple of bhudha. The temple is a very beautiful place to visit. The place is very nice and clean. Love","Mar 2018 • Family","","","","2024-03-23T09:58:36Z"
"Tibetan Temple","","g297685","d3727502","4.5","https://www.tripadvisor.com/ShowUserReviews-g297685-d3727502-r564782460-Tibetan_Temple-Varanasi_Varanasi_District_Uttar_Pradesh.html","https://dynamic-media-cdn.tripadvisor.com/media/photo-o/1a/f6/eb/a3/default-avatar-2020-38.jpg?w=100&h=-1&s=1","5.0 of 5 bubbles","Tibetan Temple",15,"This was a very beautiful temple. Make sure to respect the rules- don't take pictures, and donations are welcome to help with maintaining the temple grounds.","Apr 2017 • Family","","","","2024-03-23T09:58:36Z"
"Tibetan Temple","","g297685","d3727502","4.5","https://www.tripadvisor.com/ShowUserReviews-g297685-d3727502-r563290599-Tibetan_Temple-Varanasi_Varanasi_District_Uttar_Pradesh.html","https://dynamic-media-cdn.tripadvisor.com/media/photo-o/1a/f6/e3/1f/default-avatar-2020-46.jpg?w=100&h=-1&s=1","4.0 of 5 bubbles","great temple",99,"varanasi is known for hindu pilgrimage but this Buddha temple is a mark of unity in diversity of India","Jan 2018 • Family","","","","2024-03-23T09:58:36Z"
"Tibetan Temple","","g297685","d3727502","4.5","https://www.tripadvisor.com/ShowUserReviews-g297685-d3727502-r553847842-Tibetan_Temple-Varanasi_Varanasi_District_Uttar_Pradesh.html","https://dynamic-media-cdn.tripadvisor.com/media/photo-s/01/9a/83/c9/docwahoo.jpg?w=100&h=-1&s=1","5.0 of 5 bubbles","Sarnath Is Worth the Visit",180,"The traffic sucks bad from Varanasi, but it is STILL worth it, and this temple is very nice, though you have to take CAMERA pics, and not PHONE pics (THEY ARE DEATHLY AFRAID OF SELFIES!!!)Recommend the trip from Varanasi, though beware the traffic is awful.....","Dec 2017 • Couples","","","","2024-03-23T09:58:37Z"
"Tibetan Temple","","g297685","d3727502","4.5","https://www.tripadvisor.com/ShowUserReviews-g297685-d3727502-r551649682-Tibetan_Temple-Varanasi_Varanasi_District_Uttar_Pradesh.html","https://dynamic-media-cdn.tripadvisor.com/media/photo-o/11/49/df/ae/lakshmikandappan.jpg?w=100&h=-1&s=1","5.0 of 5 bubbles","Maintained by tibets",291,"This is one of the Buddha temples in saranath, some 11kms from varanasi. This is maintained by Tibet government. the place is calm, neat and tidy. statue of buddha is in preaching posture as lord buddha did a stopover at  saranath from gaya and gave his first preaching here to 4 of his followers.","Nov 2017","","","","2024-03-23T09:58:37Z"
"Tibetan Temple","","g297685","d3727502","4.5","https://www.tripadvisor.com/ShowUserReviews-g297685-d3727502-r551432393-Tibetan_Temple-Varanasi_Varanasi_District_Uttar_Pradesh.html","https://dynamic-media-cdn.tripadvisor.com/media/photo-o/07/4d/d2/da/padma-murali.jpg?w=100&h=-1&s=1","5.0 of 5 bubbles","Nice place!",30,"Do visit....even if you are not a fan of Buddha. the serene atmosphere is to be enjoyed by everyone definitely.","Dec 2017 • Couples","","","","2024-03-23T09:58:37Z"
"Tibetan Temple","","g297685","d3727502","4.5","https://www.tripadvisor.com/ShowUserReviews-g297685-d3727502-r550787265-Tibetan_Temple-Varanasi_Varanasi_District_Uttar_Pradesh.html","https://dynamic-media-cdn.tripadvisor.com/media/photo-o/13/1a/a3/52/naveen-oberoi.jpg?w=100&h=-1&s=1","5.0 of 5 bubbles","Small but Beautiful Temple in Sarnath",403,"This tibetan lord buddha temple is in Sarnath. Beautiful architecture and surrounding greenery makes it a perfect destination. One can spend couple of hours here and do some good photography.","Dec 2017 • Family","","","","2024-03-23T09:58:37Z"
"Tibetan Temple","","g297685","d3727502","4.5","https://www.tripadvisor.com/ShowUserReviews-g297685-d3727502-r549094006-Tibetan_Temple-Varanasi_Varanasi_District_Uttar_Pradesh.html","https://dynamic-media-cdn.tripadvisor.com/media/photo-o/1a/f6/f1/b8/default-avatar-2020-22.jpg?w=100&h=-1&s=1","5.0 of 5 bubbles","Peaceful and meditative",73,"Very peaceful place.. you can meditate here... listen to the chants even if you do not understand..it provides lot of peace","Jan 2017 • Solo","","","","2024-03-23T09:58:37Z"
"Tibetan Temple","","g297685","d3727502","4.5","https://www.tripadvisor.com/ShowUserReviews-g297685-d3727502-r546669021-Tibetan_Temple-Varanasi_Varanasi_District_Uttar_Pradesh.html","https://dynamic-media-cdn.tripadvisor.com/media/photo-o/1a/f6/e2/11/default-avatar-2020-41.jpg?w=100&h=-1&s=1","4.0 of 5 bubbles","I enjoyed it here",289,"I found this place interesting, it was on our tour itinerary. The grounds were well tended and tidy.","Nov 2017 • Solo","","","","2024-03-23T09:58:37Z"
"Tibetan Temple","","g297685","d3727502","4.5","https://www.tripadvisor.com/ShowUserReviews-g297685-d3727502-r537896796-Tibetan_Temple-Varanasi_Varanasi_District_Uttar_Pradesh.html","https://dynamic-media-cdn.tripadvisor.com/media/photo-o/11/27/d4/f7/pallavi-s.jpg?w=100&h=-1&s=1","5.0 of 5 bubbles","Peace of Mind",55,"Quite temple which gives the sense of peace. The temple is having panting of gautam buddha, The visit will only take 15 to 20 of yours.   I bought spathik shila from this temple","Oct 2017 • Family","","","","2024-03-23T09:58:37Z"
"Tibetan Temple","","g297685","d3727502","4.5","https://www.tripadvisor.com/ShowUserReviews-g297685-d3727502-r535809905-Tibetan_Temple-Varanasi_Varanasi_District_Uttar_Pradesh.html","https://dynamic-media-cdn.tripadvisor.com/media/photo-o/0f/d8/35/27/sinceresoldier.jpg?w=100&h=-1&s=1","4.0 of 5 bubbles","Peace and Tranquility",162,"Very close to Sarnath, just behind the Museum an oasis of peace and Tranquility. Maintained by Srilankan Monks. Remember it closes at 1130h.","Oct 2017","","","","2024-03-23T09:58:37Z"
"Tibetan Temple","","g297685","d3727502","4.5","https://www.tripadvisor.com/ShowUserReviews-g297685-d3727502-r535081067-Tibetan_Temple-Varanasi_Varanasi_District_Uttar_Pradesh.html","https://dynamic-media-cdn.tripadvisor.com/media/photo-o/26/66/d9/62/durgeshrajadhyaksha.jpg?w=100&h=-1&s=1","3.0 of 5 bubbles","Important Buddhist temple with museum in Sarnath near Varanasi",431,"This is managed by the Tibetan monks & offers the Golden Sakhyamuni Buddha idol for worship. Located close to the Stupa & Deer Park, offers divine atmosphere to meditate. Closes at 11.30 am, hence start the Sarnath tour from this temple. Also visit the other Buddhist temples built by Thailand & Japan & Sri Lanka around this temple.","Sep 2017 • Couples","","","","2024-03-23T09:58:37Z"
"Tibetan Temple","","g297685","d3727502","4.5","https://www.tripadvisor.com/ShowUserReviews-g297685-d3727502-r532842391-Tibetan_Temple-Varanasi_Varanasi_District_Uttar_Pradesh.html","https://dynamic-media-cdn.tripadvisor.com/media/photo-o/17/9f/e3/ca/adarshlaxmi.jpg?w=100&h=-1&s=1","4.0 of 5 bubbles","Peaceful is the word.",26,"Sit down and experience the peaceful enlightenment that Lord Budhdha achieved. The temple has Tibetan culture pouring from all aspects and maintained very efficiently.","Oct 2017 • Family","","","","2024-03-23T09:58:37Z"
"Tibetan Temple","","g297685","d3727502","4.5","https://www.tripadvisor.com/ShowUserReviews-g297685-d3727502-r531592217-Tibetan_Temple-Varanasi_Varanasi_District_Uttar_Pradesh.html","https://dynamic-media-cdn.tripadvisor.com/media/photo-o/1a/f6/e3/1f/default-avatar-2020-46.jpg?w=100&h=-1&s=1","5.0 of 5 bubbles","Monk residence ",703,"Located at back side if ASI museum in sarnath. Tibetian temple are built and maintained by monks from Tibet.A beautiful architecture founded.","Oct 2017 • Couples","","","","2024-03-23T09:58:38Z"
"Tibetan Temple","","g297685","d3727502","4.5","https://www.tripadvisor.com/ShowUserReviews-g297685-d3727502-r529782599-Tibetan_Temple-Varanasi_Varanasi_District_Uttar_Pradesh.html","https://dynamic-media-cdn.tripadvisor.com/media/photo-o/1a/f6/e9/60/default-avatar-2020-64.jpg?w=100&h=-1&s=1","5.0 of 5 bubbles","Quiet and serene",163,"It was a pleasure to go to this temple. Absolutely quite, clean and serene. The sanctum sanctorum offers a perfect ambience for praying to the Almighty. Also the surroundings are very well maintained. A good hangout place for the family. Don't miss it if you are in Varanasi.","Oct 2017 • Family","","","","2024-03-23T09:58:38Z"
"Tibetan Temple","","g297685","d3727502","4.5","https://www.tripadvisor.com/ShowUserReviews-g297685-d3727502-r517857470-Tibetan_Temple-Varanasi_Varanasi_District_Uttar_Pradesh.html","https://dynamic-media-cdn.tripadvisor.com/media/photo-o/0b/40/da/86/kiran-a.jpg?w=100&h=-1&s=1","5.0 of 5 bubbles","Golden Temple near Sarnath",233,"It is popularly called as the Golden Temple locally. You will get a guide for 20 INR. Take him for a short guided tour. The temple is serene and spiritual. The golden statue is mesmerizing. Do visit it when you visit Sarnath.","Aug 2017 • Family","","","","2024-03-23T09:58:38Z"
"Tibetan Temple","","g297685","d3727502","4.5","https://www.tripadvisor.com/ShowUserReviews-g297685-d3727502-r507247521-Tibetan_Temple-Varanasi_Varanasi_District_Uttar_Pradesh.html","https://dynamic-media-cdn.tripadvisor.com/media/photo-o/08/6f/a0/c6/seriphina-m.jpg?w=100&h=-1&s=1","1.0 of 5 bubbles","Please don't go",16,"We visited the Tibetan temple and were highly underwhelmed so much so that we took to venturing past the mini theme park right next door (oh yes I said theme park but this one I would not advise unless you have no issue with how they neglected the basic health and safety hazards of the 21 st century) to the ""mini zoo"". This place gained the vote within my family of being the worst place we have ever been to (and there have been some real contestants trust me). The animals were enclosed in small cages that were dirty and overcrowded. There was very little to see (even if it was fifty rupees) and the pathways were covered in rubbish and mounds of dirt. We went into the actual temple after that because we felt as though we needed a reason to be there. From outside it does not look that impressive although well taken care of, it is quite small. Inside the Buddha but small was pretty but definitely not worth the 30 minute travel out of the centre of Varanasi to get to. The Japanese frescoes on the walls were faded and quite disturbing but nothing significantly notable. In conclusion I beg of you to not waste your time going here. You are better off sitting on a Ghat all day watching the Ganges go by as that, I feel, would be more enriching to your holiday then this overcrowded ""fun day out to the zoo and chuck in a Buddhist temple as well because why not?"" .","Jul 2017 • Family","","","","2024-03-23T09:58:38Z"
"Tibetan Temple","","g297685","d3727502","4.5","https://www.tripadvisor.com/ShowUserReviews-g297685-d3727502-r495063989-Tibetan_Temple-Varanasi_Varanasi_District_Uttar_Pradesh.html","https://dynamic-media-cdn.tripadvisor.com/media/photo-o/1a/f6/eb/a3/default-avatar-2020-38.jpg?w=100&h=-1&s=1","4.0 of 5 bubbles","A tibetan Buddhist Temple",502,"This is a very clean, quite and serene Buddhist temple of Tibeten style in Sarnath. An idol of meditating Buddha has been adorned inside.","Jun 2017 • Couples","","","","2024-03-23T09:58:38Z"
"Tibetan Temple","","g297685","d3727502","4.5","https://www.tripadvisor.com/ShowUserReviews-g297685-d3727502-r489248317-Tibetan_Temple-Varanasi_Varanasi_District_Uttar_Pradesh.html","https://dynamic-media-cdn.tripadvisor.com/media/photo-o/18/d9/ff/51/caption.jpg?w=100&h=-1&s=1","5.0 of 5 bubbles","Peaceful and Serene ",257,"The temple is situated in Sarnath in the midst of a lush green, beautiful lawn. It is well maintained and peaceful and we spent some quite time here, meditating.It is a holy place for Buddhists","Feb 2017 • Couples","","","","2024-03-23T09:58:38Z"
"Tibetan Temple","","g297685","d3727502","4.5","https://www.tripadvisor.com/ShowUserReviews-g297685-d3727502-r481073072-Tibetan_Temple-Varanasi_Varanasi_District_Uttar_Pradesh.html","https://dynamic-media-cdn.tripadvisor.com/media/photo-o/2a/c9/d2/3f/caption.jpg?w=100&h=-1&s=1","5.0 of 5 bubbles","Quiet and serene Buddhist monastery",557,"The Temple is one of the famous Buddhist places and is in the conventional Tibetan architectural manner which houses the statue of Shakyamuni, the Buddha. It is famous for its beautiful paintings, Thangksa and frescoes. The Prayer Wheels are seen outside the building which on being rotated clockwise, release paper scrolls with prayers written on them. The statue of Lord Buddha in meditating pose will surely is beautiful.","Mar 2017 • Friends","","","","2024-03-23T09:58:38Z"
"Tibetan Temple","","g297685","d3727502","4.5","https://www.tripadvisor.com/ShowUserReviews-g297685-d3727502-r480773010-Tibetan_Temple-Varanasi_Varanasi_District_Uttar_Pradesh.html","https://dynamic-media-cdn.tripadvisor.com/media/photo-o/1a/f6/eb/6d/default-avatar-2020-19.jpg?w=100&h=-1&s=1","4.0 of 5 bubbles","Peaceful and serene",55,"One of my biggest causes and charities involve Tibetan causes and Tibetan relief.  So, naturally I am drawn to the temples, etc.   Small place but very serene, I prayed and felt at peace.  Very clean and well kept.  Please go there and understand the plight of the Tibetans.  Open your heart and open your mind.","Apr 2017 • Friends","","","","2024-03-23T09:58:38Z"
"Tibetan Temple","","g297685","d3727502","4.5","https://www.tripadvisor.com/ShowUserReviews-g297685-d3727502-r480575453-Tibetan_Temple-Varanasi_Varanasi_District_Uttar_Pradesh.html","https://dynamic-media-cdn.tripadvisor.com/media/photo-o/1a/f6/e6/ea/default-avatar-2020-54.jpg?w=100&h=-1&s=1","4.0 of 5 bubbles","Peaceful",584,"Located near the Dhamek Stupa in Sarnath, this is one of ten nation temples built by different countries. The temple is for Lord Buddha.","Apr 2017 • Family","","","","2024-03-23T09:58:38Z"
"Tibetan Temple","","g297685","d3727502","4.5","https://www.tripadvisor.com/ShowUserReviews-g297685-d3727502-r479888297-Tibetan_Temple-Varanasi_Varanasi_District_Uttar_Pradesh.html","https://dynamic-media-cdn.tripadvisor.com/media/photo-o/0f/91/78/89/abhinav-k.jpg?w=100&h=-1&s=1","5.0 of 5 bubbles","Tibetan Temple",250,"Sarnath has many Buddha's temple like Chinese, Tibetan etc. This temple is just before the Jain Temple and Dhamek Stupa. The campus is very peaceful. Photography inside is allowed at the cost of Rs 10 per person. Kindly donate your photography amount in the box kept there.","Jun 2016 • Solo","","","","2024-03-23T09:58:38Z"
"Tibetan Temple","","g297685","d3727502","4.5","https://www.tripadvisor.com/ShowUserReviews-g297685-d3727502-r471800783-Tibetan_Temple-Varanasi_Varanasi_District_Uttar_Pradesh.html","https://dynamic-media-cdn.tripadvisor.com/media/photo-o/0a/f0/3c/f7/sheela-m.jpg?w=100&h=-1&s=1","5.0 of 5 bubbles","A peaceful sojourn...",180,"A buddhist temple which also house a monastery.It is neat and clean and very peaceful. Its calmness beckons you.","Dec 2016 • Friends","","","","2024-03-23T09:58:40Z"
"Tibetan Temple","","g297685","d3727502","4.5","https://www.tripadvisor.com/ShowUserReviews-g297685-d3727502-r469964709-Tibetan_Temple-Varanasi_Varanasi_District_Uttar_Pradesh.html","https://dynamic-media-cdn.tripadvisor.com/media/photo-o/1a/f6/ec/3d/default-avatar-2020-1.jpg?w=100&h=-1&s=1","5.0 of 5 bubbles","Buddhist temple",175,"Tibetan temple is located in sarnath.And this place is clear and nice.This temple back side present small zoo","Mar 2017 • Friends","","","","2024-03-23T09:58:40Z"
"Tibetan Temple","","g297685","d3727502","4.5","https://www.tripadvisor.com/ShowUserReviews-g297685-d3727502-r465456061-Tibetan_Temple-Varanasi_Varanasi_District_Uttar_Pradesh.html","https://dynamic-media-cdn.tripadvisor.com/media/photo-o/1a/f6/f0/d5/default-avatar-2020-17.jpg?w=100&h=-1&s=1","5.0 of 5 bubbles","A clean and beautiful temple.",71,"When in Varanasi area one must visit this temple. Check the timings since it is closed for few hours in the day. The good messages at the entrance area. Inside the architech was beautiful. One wonder, how they did it so many years ago. Teh entire compound area, the front entrance and inside the temple there was no trash. The place was clean and inviting. You get the good vibrations as soon as you enter the temple.","Feb 2017 • Couples","","","","2024-03-23T09:58:40Z"
"Tibetan Temple","","g297685","d3727502","4.5","https://www.tripadvisor.com/ShowUserReviews-g297685-d3727502-r461966701-Tibetan_Temple-Varanasi_Varanasi_District_Uttar_Pradesh.html","https://dynamic-media-cdn.tripadvisor.com/media/photo-o/0d/1c/8b/28/nitin-m.jpg?w=100&h=-1&s=1","4.0 of 5 bubbles","Very beautiful ",206,"The temple is very beautiful and you can actuall feel the peace. Just sit there for sometime.Must keep your mobile in silent mode. Taking pictures is prohibited","Jan 2017 • Family","","","","2024-03-23T09:58:40Z"
"Tibetan Temple","","g297685","d3727502","4.5","https://www.tripadvisor.com/ShowUserReviews-g297685-d3727502-r454306999-Tibetan_Temple-Varanasi_Varanasi_District_Uttar_Pradesh.html","https://dynamic-media-cdn.tripadvisor.com/media/photo-o/1a/f6/ee/10/default-avatar-2020-8.jpg?w=100&h=-1&s=1","4.0 of 5 bubbles","Lovely Temple",86,"Nice peaceful place in lovely gardens.   If you are in Sarnath, do take the time to visit this new Temple.","Jan 2017 • Couples","","","","2024-03-23T09:58:40Z"
"Tibetan Temple","","g297685","d3727502","4.5","https://www.tripadvisor.com/ShowUserReviews-g297685-d3727502-r453491808-Tibetan_Temple-Varanasi_Varanasi_District_Uttar_Pradesh.html","https://dynamic-media-cdn.tripadvisor.com/media/photo-o/1a/f6/ee/10/default-avatar-2020-8.jpg?w=100&h=-1&s=1","5.0 of 5 bubbles","Quick view of stunning art",88,"Stopped by to view the temple. It's art work both in and outside of the temple were lovely and moving.","Jan 2017 • Solo","","","","2024-03-23T09:58:40Z"
"Tibetan Temple","","g297685","d3727502","4.5","https://www.tripadvisor.com/ShowUserReviews-g297685-d3727502-r453236846-Tibetan_Temple-Varanasi_Varanasi_District_Uttar_Pradesh.html","https://dynamic-media-cdn.tripadvisor.com/media/photo-o/1a/f6/e6/ea/default-avatar-2020-54.jpg?w=100&h=-1&s=1","5.0 of 5 bubbles","Peaceful place",14,"Must visit place to relax your mind . Should visit all nearby temples also if you are in Sarnath....","Dec 2016","","","","2024-03-23T09:58:40Z"
"Tibetan Temple","","g297685","d3727502","4.5","https://www.tripadvisor.com/ShowUserReviews-g297685-d3727502-r450200655-Tibetan_Temple-Varanasi_Varanasi_District_Uttar_Pradesh.html","https://dynamic-media-cdn.tripadvisor.com/media/photo-o/1a/f6/e9/60/default-avatar-2020-64.jpg?w=100&h=-1&s=1","5.0 of 5 bubbles","Calm",201,"The visit had quite a calming effect. I'm not the kind of a person who is easily moved but 15/20 minutes at the temple really put us at peace. The head priest spoke for some time and you could feel his aura. Must go!!","Nov 2016 • Friends","","","","2024-03-23T09:58:40Z"
"Tibetan Temple","","g297685","d3727502","4.5","https://www.tripadvisor.com/ShowUserReviews-g297685-d3727502-r449495815-Tibetan_Temple-Varanasi_Varanasi_District_Uttar_Pradesh.html","https://dynamic-media-cdn.tripadvisor.com/media/photo-s/01/f2/9a/55/dolaroyc.jpg?w=100&h=-1&s=1","5.0 of 5 bubbles","Quaint and Peaceful",88,"Very peaceful location, with beautiful murals inside the shrine. The best part was the lack of push for religious rites to be performed or money to be handed over, including camera fees ;) The outdoors are very well maintained and serene.","Oct 2016 • Business","","","","2024-03-23T09:58:40Z"
"Tibetan Temple","","g297685","d3727502","4.5","https://www.tripadvisor.com/ShowUserReviews-g297685-d3727502-r432683065-Tibetan_Temple-Varanasi_Varanasi_District_Uttar_Pradesh.html","https://dynamic-media-cdn.tripadvisor.com/media/photo-o/05/80/ec/4f/sidhartharoy80.jpg?w=100&h=-1&s=1","5.0 of 5 bubbles","Serene and beautiful",114,"This is a very peaceful place that one can visit for some time of tranquility. The temple is located amidst a beautifully maintained garden. Do visit if you are coming to Sarnath.","Oct 2016 • Family","","","","2024-03-23T09:58:40Z"
"Tibetan Temple","","g297685","d3727502","4.5","https://www.tripadvisor.com/ShowUserReviews-g297685-d3727502-r430569058-Tibetan_Temple-Varanasi_Varanasi_District_Uttar_Pradesh.html","https://dynamic-media-cdn.tripadvisor.com/media/photo-s/02/87/14/0f/loki-knows.jpg?w=100&h=-1&s=1","5.0 of 5 bubbles","VERY VERY PIOUS PLACE",921,"I liked this place very much. This place has the Budda idol and very nicely kept. The temple has a beautiful and manicured garden. Lots of people visit this place. '   There most pious BODHI TREE is in this temple. One has to see this tree.Goutama Budda sat under this tree and this is the place where ha got enlightenment. Lots of people were there on the day we visited and there was quite an happy and pleasant atmosphere on the premesis.   Meditation and prayers were being performed by the devotees. We also participated in the program.   There are so many things to see around. a bell, pictures and many more.","Nov 2015 • Couples","","","","2024-03-23T09:58:43Z"
"Tibetan Temple","","g297685","d3727502","4.5","https://www.tripadvisor.com/ShowUserReviews-g297685-d3727502-r428680231-Tibetan_Temple-Varanasi_Varanasi_District_Uttar_Pradesh.html","https://dynamic-media-cdn.tripadvisor.com/media/photo-o/27/e2/10/fa/greatparyatak.jpg?w=100&h=-1&s=1","4.0 of 5 bubbles","Temple with all its sanctity",292,"This is well kept temple and amidst serene surroundings. Must visit place specially for a buddhist. Very clean","Sep 2016 • Family","","","","2024-03-23T09:58:43Z"
"Tibetan Temple","","g297685","d3727502","4.5","https://www.tripadvisor.com/ShowUserReviews-g297685-d3727502-r422510168-Tibetan_Temple-Varanasi_Varanasi_District_Uttar_Pradesh.html","https://dynamic-media-cdn.tripadvisor.com/media/photo-o/1a/f6/e2/4a/default-avatar-2020-42.jpg?w=100&h=-1&s=1","4.0 of 5 bubbles","Beautiful site",77,"A budhist monastry and famous temple. well maintained and a must visit for tourist with Budhist leaning and artistic taste","Sep 2016 • Family","","","","2024-03-23T09:58:43Z"
"Tibetan Temple","","g297685","d3727502","4.5","https://www.tripadvisor.com/ShowUserReviews-g297685-d3727502-r421043872-Tibetan_Temple-Varanasi_Varanasi_District_Uttar_Pradesh.html","https://dynamic-media-cdn.tripadvisor.com/media/photo-o/09/54/cf/d0/sindianomad.jpg?w=100&h=-1&s=1","4.0 of 5 bubbles","Quiant and serene",489,"This a must visit place in sarnath. In fact the main place is this only where buddha gave his first teaching after attaining enlightenment. Deer park behind can be visited too (Rs.10/- entry). Well kept and not crowded.","Sep 2016 • Family","","","","2024-03-23T09:58:43Z"
"Tibetan Temple","","g297685","d3727502","4.5","https://www.tripadvisor.com/ShowUserReviews-g297685-d3727502-r420724633-Tibetan_Temple-Varanasi_Varanasi_District_Uttar_Pradesh.html","https://dynamic-media-cdn.tripadvisor.com/media/photo-o/1a/f6/eb/43/default-avatar-2020-11.jpg?w=100&h=-1&s=1","4.0 of 5 bubbles","Peace........",19,"Visited in Feb 2016... with family members it was quite a historic place.... must visit if u went to Varanasi... u will find so much Peace dere with Budh History........","Feb 2016","","","","2024-03-23T09:58:43Z"
"Tibetan Temple","","g297685","d3727502","4.5","https://www.tripadvisor.com/ShowUserReviews-g297685-d3727502-r398662857-Tibetan_Temple-Varanasi_Varanasi_District_Uttar_Pradesh.html","https://dynamic-media-cdn.tripadvisor.com/media/photo-o/0c/34/3f/87/bongblogger.jpg?w=100&h=-1&s=1","5.0 of 5 bubbles","Mulghandha Kuti Vihara Temple",304,"Mulghandha Kuti Vihara Temple also known as Tibetan Temple. This temple was built by Anagarika Dharmapala (1864-1933), who bornned to a aristocratic Buddhist family in Sri Lanka.  He founded Mahabodhi Society of Sri Lanka in his home country. The main aim of the society is to preserve the Buddhist site, as well as develop and popularize Buddhism in both Sri Lanka and India. This temple follow Theravada tradition.","Sep 2015 • Family","","","","2024-03-23T09:58:43Z"
"Tibetan Temple","","g297685","d3727502","4.5","https://www.tripadvisor.com/ShowUserReviews-g297685-d3727502-r385822393-Tibetan_Temple-Varanasi_Varanasi_District_Uttar_Pradesh.html","https://dynamic-media-cdn.tripadvisor.com/media/photo-o/03/6d/2f/c7/suneel-12.jpg?w=100&h=-1&s=1","4.0 of 5 bubbles","Beautiful & Temple",402,"The place is located close to 15 Kms from varanasi and known for Buddhist pilgrimage. One can feel a calm and peaceful  environment and enjoy the scenic view.","Jul 2015 • Couples","","","","2024-03-23T09:58:43Z"
"Tibetan Temple","","g297685","d3727502","4.5","https://www.tripadvisor.com/ShowUserReviews-g297685-d3727502-r381121279-Tibetan_Temple-Varanasi_Varanasi_District_Uttar_Pradesh.html","https://dynamic-media-cdn.tripadvisor.com/media/photo-o/06/a6/24/fc/rakedelhi.jpg?w=100&h=-1&s=1","5.0 of 5 bubbles","A real clean and abode of peace",20,"The temple also known as Sarnath about 13 kms away from Varanasi, the deer park is so serene as if Lord Buddha still is around.This is one of the four pilgrimages of the Buddha , the other three being Kushinagar, Bodh Gaya, and Lumbini.Sarnath is visited by people from India and abroad and they all attain peace and a very peaceful atmosphere.The Ashoka Lion emblem is also survived even after the turk invasion and now the National embem of the country","May 2016 • Friends","","","","2024-03-23T09:58:43Z"
"Tibetan Temple","","g297685","d3727502","4.5","https://www.tripadvisor.com/ShowUserReviews-g297685-d3727502-r377858498-Tibetan_Temple-Varanasi_Varanasi_District_Uttar_Pradesh.html","https://dynamic-media-cdn.tripadvisor.com/media/photo-o/0e/6c/79/a3/travlq.jpg?w=100&h=-1&s=1","5.0 of 5 bubbles","Small Beautiful Temple",775,"A beautiful temple just alongside the Sarnath Park, this temple has very clean Marble interiors. Peace here is immaculate; it has a small but a  very beautiful Buddha statue. One thirst of peace can get fulfilled here","Aug 2015 • Couples","","","","2024-03-23T09:58:43Z"
"Tibetan Temple","","g297685","d3727502","4.5","https://www.tripadvisor.com/ShowUserReviews-g297685-d3727502-r377221154-Tibetan_Temple-Varanasi_Varanasi_District_Uttar_Pradesh.html","https://dynamic-media-cdn.tripadvisor.com/media/photo-o/0a/1c/61/01/indian-nalini.jpg?w=100&h=-1&s=1","5.0 of 5 bubbles","Great setting, more symbolic than scenic, great insight into the roots of Budhism",21,"This temple is in close vicinity of other ""attractions"", so if you are in that sort of thing where you'd like to see EVERYTHING, this might fit right into your schedule. Its beautiful, but not out of the ordinary. The setting of the place is great!","Jan 2016","","","","2024-03-23T09:58:43Z"
"Tibetan Temple","","g297685","d3727502","4.5","https://www.tripadvisor.com/ShowUserReviews-g297685-d3727502-r371358066-Tibetan_Temple-Varanasi_Varanasi_District_Uttar_Pradesh.html","https://dynamic-media-cdn.tripadvisor.com/media/photo-o/1a/f6/f4/20/default-avatar-2020-31.jpg?w=100&h=-1&s=1","5.0 of 5 bubbles","Peaceful !!!",43,"This place is very peaceful and attractive. Must visit for people of all religions. Take care of traffic though.","May 2016","","","","2024-03-23T09:58:45Z"
"Tibetan Temple","","g297685","d3727502","4.5","https://www.tripadvisor.com/ShowUserReviews-g297685-d3727502-r368619484-Tibetan_Temple-Varanasi_Varanasi_District_Uttar_Pradesh.html","https://dynamic-media-cdn.tripadvisor.com/media/photo-o/1a/f6/ec/a2/default-avatar-2020-3.jpg?w=100&h=-1&s=1","5.0 of 5 bubbles","Budham Sharnam Gachami !!!!!",14,"What a place !!!!! Calm, cool and holy !!!! mesmerizing and Holy !!!!! Must for all religions !!!! Loved it !!!!","Sep 2015 • Family","","","","2024-03-23T09:58:45Z"
"Tibetan Temple","","g297685","d3727502","4.5","https://www.tripadvisor.com/ShowUserReviews-g297685-d3727502-r366275267-Tibetan_Temple-Varanasi_Varanasi_District_Uttar_Pradesh.html","https://dynamic-media-cdn.tripadvisor.com/media/photo-o/06/9c/38/35/ravi11.jpg?w=100&h=-1&s=1","4.0 of 5 bubbles","apr 2016",429,"we went to see this temple. It is in same complex with stupa, Chinese temple and Museaum.The temple has relics of Buhdda , but you cant see these relics. Close by is maha bodhi tree from where the religion was started.it has closing time arnd 12 so be careful.","Apr 2016 • Couples","","","","2024-03-23T09:58:45Z"
"Tibetan Temple","","g297685","d3727502","4.5","https://www.tripadvisor.com/ShowUserReviews-g297685-d3727502-r363805165-Tibetan_Temple-Varanasi_Varanasi_District_Uttar_Pradesh.html","https://dynamic-media-cdn.tripadvisor.com/media/photo-o/0a/d1/21/13/srnayak.jpg?w=100&h=-1&s=1","4.0 of 5 bubbles","TibetanTemple",91,"The Tibetan Temple is close the saranath park. The paintings and drawings are beautiful. The statue is made of gold. A peaceful and divine place for meditation and offering prayers.The statue of Lord Buddha is in meditation pose appears very divine. The serenity and ambiance of the place makes one to stay there for few minutes and offer prayers and meditation.Worth visiting.","Mar 2016 • Couples","","","","2024-03-23T09:58:45Z"
"Tibetan Temple","","g297685","d3727502","4.5","https://www.tripadvisor.com/ShowUserReviews-g297685-d3727502-r353031728-Tibetan_Temple-Varanasi_Varanasi_District_Uttar_Pradesh.html","https://dynamic-media-cdn.tripadvisor.com/media/photo-o/1a/f6/f3/7c/default-avatar-2020-29.jpg?w=100&h=-1&s=1","4.0 of 5 bubbles","A rather sterile place.",168,"This Tibetan temple close by Sarnath park is very modern with a rather sterile marble interior. Outside there is a prayer area which contains a larger than life figure of the Buddha preaching under an umbrella to his original his 5 disciples. Unfortunately it is all a bit Disney-like.","Feb 2016 • Couples","","","","2024-03-23T09:58:45Z"
"Tibetan Temple","","g297685","d3727502","4.5","https://www.tripadvisor.com/ShowUserReviews-g297685-d3727502-r352782917-Tibetan_Temple-Varanasi_Varanasi_District_Uttar_Pradesh.html","https://dynamic-media-cdn.tripadvisor.com/media/photo-o/05/4a/96/03/guddu1954.jpg?w=100&h=-1&s=1","4.0 of 5 bubbles","nicely kept place.",557,"This place is a reflection of Mahatma Budha's life in Sarnath where he gave his sermons to his first five disciples.the place is a must visit.","Mar 2016 • Couples","","","","2024-03-23T09:58:45Z"
"Tibetan Temple","","g297685","d3727502","4.5","https://www.tripadvisor.com/ShowUserReviews-g297685-d3727502-r352333512-Tibetan_Temple-Varanasi_Varanasi_District_Uttar_Pradesh.html","https://dynamic-media-cdn.tripadvisor.com/media/photo-o/1a/f6/f4/20/default-avatar-2020-31.jpg?w=100&h=-1&s=1","5.0 of 5 bubbles","Closer to moksha.",3,"The place has an aura of its own. The colors and the peace there is immaculate. Must visit for everyone who visits Varanasi.","Dec 2015 • Friends","","","","2024-03-23T09:58:45Z"
"Tibetan Temple","","g297685","d3727502","4.5","https://www.tripadvisor.com/ShowUserReviews-g297685-d3727502-r349264906-Tibetan_Temple-Varanasi_Varanasi_District_Uttar_Pradesh.html","https://dynamic-media-cdn.tripadvisor.com/media/photo-s/01/6f/b9/4e/globetrekkeryeovil.jpg?w=100&h=-1&s=1","4.0 of 5 bubbles","Interesting temple",45,"Small temple with nice ambience. It was nicely kept and had a beautiful buddha statue. Limited appeal to younger children.","Nov 2015 • Couples","","","","2024-03-23T09:58:45Z"
"Tibetan Temple","","g297685","d3727502","4.5","https://www.tripadvisor.com/ShowUserReviews-g297685-d3727502-r343024852-Tibetan_Temple-Varanasi_Varanasi_District_Uttar_Pradesh.html","https://dynamic-media-cdn.tripadvisor.com/media/photo-o/21/71/c0/97/ethnictravels.jpg?w=100&h=-1&s=1","5.0 of 5 bubbles","Mesmerizing!",322,"It is an amazing site, very serene and touching, once you go in all around you will see the drawings and paintings, on life of Buddha. it is beautifully done by an Japanese artist. Accordingly, you will see it is an fusion of Tibetan and Japanese faith. On moving further in the premises of temple, you will discover the Bodhi tree, Which is believed to be contribution from Sri Lanka. It  is awesome, how different sects in Buddhism, come together. To contribute for common cause.","Jan 2016 • Business","","","","2024-03-23T09:58:45Z"
"Tibetan Temple","","g297685","d3727502","4.5","https://www.tripadvisor.com/ShowUserReviews-g297685-d3727502-r343013319-Tibetan_Temple-Varanasi_Varanasi_District_Uttar_Pradesh.html","https://dynamic-media-cdn.tripadvisor.com/media/photo-o/06/10/9b/99/ajaykaushik.jpg?w=100&h=-1&s=1","3.0 of 5 bubbles","Nice Temple",447,"It is at the same place at Sarnath. Very good Tibetan temple. You will get real peace of mind at this place. do check temple timing","Jan 2016 • Friends","","","","2024-03-23T09:58:45Z"
"Tibetan Temple","","g297685","d3727502","4.5","https://www.tripadvisor.com/ShowUserReviews-g297685-d3727502-r342067759-Tibetan_Temple-Varanasi_Varanasi_District_Uttar_Pradesh.html","https://dynamic-media-cdn.tripadvisor.com/media/photo-o/1a/f6/e2/81/default-avatar-2020-43.jpg?w=100&h=-1&s=1","3.0 of 5 bubbles","nice place",88,"quiet temple next to the monastery. literature and life size statues of the first sermon given to disciples just outside","Dec 2015 • Family","","","","2024-03-23T09:58:46Z"
"Tibetan Temple","","g297685","d3727502","4.5","https://www.tripadvisor.com/ShowUserReviews-g297685-d3727502-r341104296-Tibetan_Temple-Varanasi_Varanasi_District_Uttar_Pradesh.html","https://dynamic-media-cdn.tripadvisor.com/media/photo-o/1a/f6/e8/91/default-avatar-2020-62.jpg?w=100&h=-1&s=1","5.0 of 5 bubbles","nice place",38,"I visited this place with family, it is nice place with full of peace of mind, one must with visit, enjoyed the visit","Dec 2015","","","","2024-03-23T09:58:46Z"
"Tibetan Temple","","g297685","d3727502","4.5","https://www.tripadvisor.com/ShowUserReviews-g297685-d3727502-r340340955-Tibetan_Temple-Varanasi_Varanasi_District_Uttar_Pradesh.html","https://dynamic-media-cdn.tripadvisor.com/media/photo-o/0a/61/c6/63/gundeep.jpg?w=100&h=-1&s=1","4.0 of 5 bubbles","Serene and fabolous Frescos",381,"Located adjacent to sarnath, around 10 kms from Varanasi. This is beautiful temple with lovely frescos paintings of Buddha and his followers. Quite serene","Nov 2015 • Friends","","","","2024-03-23T09:58:46Z"
"Tibetan Temple","","g297685","d3727502","4.5","https://www.tripadvisor.com/ShowUserReviews-g297685-d3727502-r339731560-Tibetan_Temple-Varanasi_Varanasi_District_Uttar_Pradesh.html","https://dynamic-media-cdn.tripadvisor.com/media/photo-o/15/07/0b/76/rui-af-p.jpg?w=100&h=-1&s=1","5.0 of 5 bubbles","A little Tibet corner in Sarnath",135,"A peaceful temple where one can spend some time observing monks and people in pure meditation. Buddha statue is wonderful covered in gold. A must to do in Sarnath.","May 2015 • Friends","","","","2024-03-23T09:58:46Z"
"Tibetan Temple","","g297685","d3727502","4.5","https://www.tripadvisor.com/ShowUserReviews-g297685-d3727502-r339335792-Tibetan_Temple-Varanasi_Varanasi_District_Uttar_Pradesh.html","https://dynamic-media-cdn.tripadvisor.com/media/photo-o/11/5f/ae/73/anjali-j.jpg?w=100&h=-1&s=1","5.0 of 5 bubbles","You would want to stay here forever and take Sanyas(sort of!)",138,"Nothing can be so peaceful....This place is like heaven on Earth..reminds me of Buddha temple in Bangkok...Made on ""Chandan"", the time you enter you can actually feel that soothing environment filled with the aroma...It just soothes you down to the soul....When I was there it was prayer time and the way the monks recite the prayers, it goes not to your ears but to your heart and mind...the vibrations are awesome...","Dec 2015 • Family","","","","2024-03-23T09:58:46Z"
"Tibetan Temple","","g297685","d3727502","4.5","https://www.tripadvisor.com/ShowUserReviews-g297685-d3727502-r339064355-Tibetan_Temple-Varanasi_Varanasi_District_Uttar_Pradesh.html","https://dynamic-media-cdn.tripadvisor.com/media/photo-o/1a/f6/f1/b8/default-avatar-2020-22.jpg?w=100&h=-1&s=1","5.0 of 5 bubbles","great visit",37,"Very interesting history and beautiful to see. Go early morning though as it gets very crowded after 11am","Dec 2015 • Friends","","","","2024-03-23T09:58:46Z"
"Tibetan Temple","","g297685","d3727502","4.5","https://www.tripadvisor.com/ShowUserReviews-g297685-d3727502-r338759651-Tibetan_Temple-Varanasi_Varanasi_District_Uttar_Pradesh.html","https://dynamic-media-cdn.tripadvisor.com/media/photo-o/05/c2/1e/ce/nidhikm.jpg?w=100&h=-1&s=1","5.0 of 5 bubbles","Peace giving",229,"A must visit when in Varanasi. The place depicts scenes of Buddha's Birth and many more. Complex is neat and clean and attracts many visitors. Holy Bell is very interesting. Auspicious tree is worth seeing.","Dec 2015 • Solo","","","","2024-03-23T09:58:46Z"
"Tibetan Temple","","g297685","d3727502","4.5","https://www.tripadvisor.com/ShowUserReviews-g297685-d3727502-r336784671-Tibetan_Temple-Varanasi_Varanasi_District_Uttar_Pradesh.html","https://dynamic-media-cdn.tripadvisor.com/media/photo-o/1a/f6/e7/3d/default-avatar-2020-55.jpg?w=100&h=-1&s=1","5.0 of 5 bubbles","Lovely temple in a lovely setting.  Birthplace of Buddhism.",221,"This was a lovely temple to tour with many inside attending a Buddhist ceremony.  The grounds are lovely and I really enjoyed this complex.","Nov 2015 • Friends","","","","2024-03-23T09:58:46Z"
"Tibetan Temple","","g297685","d3727502","4.5","https://www.tripadvisor.com/ShowUserReviews-g297685-d3727502-r334509177-Tibetan_Temple-Varanasi_Varanasi_District_Uttar_Pradesh.html","https://dynamic-media-cdn.tripadvisor.com/media/photo-o/0e/b3/c8/0c/angleseateam.jpg?w=100&h=-1&s=1","4.0 of 5 bubbles","Spiritual nd peaceful",241,"A lovely place to visit and leave the filthy streets behind. The peace feeling pervades. Worth a visit to take some time out.","Dec 2015 • Family","","","","2024-03-23T09:58:46Z"
"Tibetan Temple","","g297685","d3727502","4.5","https://www.tripadvisor.com/ShowUserReviews-g297685-d3727502-r332854673-Tibetan_Temple-Varanasi_Varanasi_District_Uttar_Pradesh.html","https://dynamic-media-cdn.tripadvisor.com/media/photo-l/01/2a/fd/9f/avatar.jpg?w=100&h=-1&s=1","5.0 of 5 bubbles","Beautiful place",12,"You need to see this Temple... it is one of many temple you can find in Varanasi. Peaceful and very beutiful","Nov 2015 • Friends","","","","2024-03-23T09:58:46Z"
"Tibetan Temple","","g297685","d3727502","4.5","https://www.tripadvisor.com/ShowUserReviews-g297685-d3727502-r328260242-Tibetan_Temple-Varanasi_Varanasi_District_Uttar_Pradesh.html","https://dynamic-media-cdn.tripadvisor.com/media/photo-o/1a/f6/ea/74/default-avatar-2020-68.jpg?w=100&h=-1&s=1","5.0 of 5 bubbles","Feel Buddha",26,"Maybe it is that here Budhha start his mission but wow what a powerfil feeling of his presence fill this place. Simple and yet powerful come and meditate here a few minutes.","Sep 2015 • Family","","","","2024-03-23T09:58:47Z"
"Tibetan Temple","","g297685","d3727502","4.5","https://www.tripadvisor.com/ShowUserReviews-g297685-d3727502-r320280623-Tibetan_Temple-Varanasi_Varanasi_District_Uttar_Pradesh.html","https://dynamic-media-cdn.tripadvisor.com/media/photo-o/1a/f6/f3/23/default-avatar-2020-28.jpg?w=100&h=-1&s=1","4.0 of 5 bubbles","Tibetan Temple.",163,"This place is situated near Varanasi.Old place like Sarnath is must for Buddhist visitor. This is very well kept place. Neat and clean place is tourist attraction.","Oct 2015 • Couples","","","","2024-03-23T09:58:47Z"
"Tibetan Temple","","g297685","d3727502","4.5","https://www.tripadvisor.com/ShowUserReviews-g297685-d3727502-r316977362-Tibetan_Temple-Varanasi_Varanasi_District_Uttar_Pradesh.html","https://dynamic-media-cdn.tripadvisor.com/media/photo-o/1a/f6/e3/6a/default-avatar-2020-47.jpg?w=100&h=-1&s=1","5.0 of 5 bubbles","Tibetan Temple.",14,"A very well maintained, quiet, pleasant place for peace seekers. Please don't miss the paintings in the wall.  We Indians are proud of son of India Gautama the BUDDHA.","Sep 2015 • Family","","","","2024-03-23T09:58:47Z"
"Tibetan Temple","","g297685","d3727502","4.5","https://www.tripadvisor.com/ShowUserReviews-g297685-d3727502-r307317268-Tibetan_Temple-Varanasi_Varanasi_District_Uttar_Pradesh.html","https://dynamic-media-cdn.tripadvisor.com/media/photo-o/1a/f6/ea/74/default-avatar-2020-68.jpg?w=100&h=-1&s=1","5.0 of 5 bubbles","The great temple",27,"the famous Tibetan temple around 12 KMs away from varanasi, we went inside the temple morning 9 AM, the devotees prayed the God  and here you get a peace of mind and we returned around 3 PM","Oct 2014 • Family","","","","2024-03-23T09:58:47Z"
"Tibetan Temple","","g297685","d3727502","4.5","https://www.tripadvisor.com/ShowUserReviews-g297685-d3727502-r304246296-Tibetan_Temple-Varanasi_Varanasi_District_Uttar_Pradesh.html","https://dynamic-media-cdn.tripadvisor.com/media/photo-o/05/cd/ad/f8/travellerincitypent.jpg?w=100&h=-1&s=1","5.0 of 5 bubbles","Quite and serene",134,"A very quite and serene place. A day trip from Varanasi should be enough to visit Sarnath. The place is well maintained too","Oct 2014 • Family","","","","2024-03-23T09:58:47Z"
"Tibetan Temple","","g297685","d3727502","4.5","https://www.tripadvisor.com/ShowUserReviews-g297685-d3727502-r302857645-Tibetan_Temple-Varanasi_Varanasi_District_Uttar_Pradesh.html","https://dynamic-media-cdn.tripadvisor.com/media/photo-o/21/73/37/73/drgarodia.jpg?w=100&h=-1&s=1","4.0 of 5 bubbles","New display of ancient tales",307,"The new temple complex of Buddha is a delight to watch. The huge statue of Buddha to the display of Buddha's preaching to his disciples are all things to see.","Aug 2015 • Business","","","","2024-03-23T09:58:47Z"
"Tibetan Temple","","g297685","d3727502","4.5","https://www.tripadvisor.com/ShowUserReviews-g297685-d3727502-r301056965-Tibetan_Temple-Varanasi_Varanasi_District_Uttar_Pradesh.html","https://dynamic-media-cdn.tripadvisor.com/media/photo-o/08/8e/19/09/bagheera1979.jpg?w=100&h=-1&s=1","5.0 of 5 bubbles","Peace and tranquility",37,"Lovely place to visit, so peaceful which is not an easy thing to experience whilst in the city of Varanasi these days - a 20 minute tuk tuk ride for around 650 rupees there and back will give you a wonderful bit of relaxation.","Aug 2015 • Couples","","","","2024-03-23T09:58:47Z"
"Tibetan Temple","","g297685","d3727502","4.5","https://www.tripadvisor.com/ShowUserReviews-g297685-d3727502-r294893820-Tibetan_Temple-Varanasi_Varanasi_District_Uttar_Pradesh.html","https://dynamic-media-cdn.tripadvisor.com/media/photo-o/1a/f6/e2/4a/default-avatar-2020-42.jpg?w=100&h=-1&s=1","5.0 of 5 bubbles","Peace of Mind",69,"Generally visit this place with friends when they are in town for the first time and want to go around the city and visit places of interest,but really a very religious place for the inner peace of mind and soul.","Dec 2014 • Family","","","","2024-03-23T09:58:47Z"
"Tibetan Temple","","g297685","d3727502","4.5","https://www.tripadvisor.com/ShowUserReviews-g297685-d3727502-r289414708-Tibetan_Temple-Varanasi_Varanasi_District_Uttar_Pradesh.html","https://dynamic-media-cdn.tripadvisor.com/media/photo-o/0f/3d/8a/55/sachin0408.jpg?w=100&h=-1&s=1","5.0 of 5 bubbles","""Buddhham-Sharanam-Gacchami""",938,"One must visit this site when in Sarnath. This site is highly recommended by me as it gives you peace and tranquility. Meditate in the sanctum sanctorum, pray, light a lamp, take a peaceful stroll and you would feel immensely blessed and refreshed. This is an authentic monastery made on a very large scale however the authorities need to spruce up the surrounding areas for a smoother visit by tourists.","Sep 2014 • Friends","","","","2024-03-23T09:58:47Z"
"Tibetan Temple","","g297685","d3727502","4.5","https://www.tripadvisor.com/ShowUserReviews-g297685-d3727502-r275530295-Tibetan_Temple-Varanasi_Varanasi_District_Uttar_Pradesh.html","https://dynamic-media-cdn.tripadvisor.com/media/photo-o/1a/f6/f1/42/default-avatar-2020-20.jpg?w=100&h=-1&s=1","5.0 of 5 bubbles","culture of Tibetan alive",4,"This is the place we can say a mini Tibet in Indian. Many Buddhist from all over the word visited here in his life and this is place who take care of Tibetan.","Apr 2015 • Friends","","","","2024-03-23T09:58:47Z"
"Tibetan Temple","","g297685","d3727502","4.5","https://www.tripadvisor.com/ShowUserReviews-g297685-d3727502-r266353198-Tibetan_Temple-Varanasi_Varanasi_District_Uttar_Pradesh.html","https://dynamic-media-cdn.tripadvisor.com/media/photo-o/07/b7/70/4e/sushil-chaubey.jpg?w=100&h=-1&s=1","5.0 of 5 bubbles","Art of this palce is awesome.",14,"Temple location is very cool and near by Sarnath ..Lots of Tibbati Students study here. Art of this temple is awesome. also you will gain more about Tibbati Sansthan.","Sep 2014 • Couples","","","","2024-03-23T09:58:49Z"
"Tibetan Temple","","g297685","d3727502","4.5","https://www.tripadvisor.com/ShowUserReviews-g297685-d3727502-r265157998-Tibetan_Temple-Varanasi_Varanasi_District_Uttar_Pradesh.html","https://dynamic-media-cdn.tripadvisor.com/media/photo-l/01/2a/fd/92/avatar.jpg?w=100&h=-1&s=1","4.0 of 5 bubbles","Quiet Buddhist monastery in Saranath",11,"This is a quiet and serene Buddhist monastery in Saranath, about 15 kms away from the noisy and busy Varanasi town. The architecture of this temple is grand, and the painting were simply amazing. Saranath is the place where Buddha is believed to have made his first speech to his disciples after attaining enlightenment. The serenity and ambiance of this place makes you forget the outside world for some time. The statue of Lord Buddha in meditating pose will surely make you feel divine.","Jun 2014 • Family","","","","2024-03-23T09:58:49Z"
"Tibetan Temple","","g297685","d3727502","4.5","https://www.tripadvisor.com/ShowUserReviews-g297685-d3727502-r264896929-Tibetan_Temple-Varanasi_Varanasi_District_Uttar_Pradesh.html","https://dynamic-media-cdn.tripadvisor.com/media/photo-o/07/ac/35/6e/rajivsirohi.jpg?w=100&h=-1&s=1","5.0 of 5 bubbles","Peace and Solace",26,"A beautiful place to visit. A authentic monastery made on a very large scale. The place is worth a visit. Light a butter lamp, pray in the temple. The place has a wonderful energy which you can feel. One must visit this when in Sarnath. The approach road needs to be developed better for this place.","Apr 2015 • Family","","","","2024-03-23T09:58:49Z"
"Tibetan Temple","","g297685","d3727502","4.5","https://www.tripadvisor.com/ShowUserReviews-g297685-d3727502-r256567817-Tibetan_Temple-Varanasi_Varanasi_District_Uttar_Pradesh.html","https://dynamic-media-cdn.tripadvisor.com/media/photo-o/07/68/8b/47/sandra-f.jpg?w=100&h=-1&s=1","5.0 of 5 bubbles","Colorfull and great atmosphere",22,"Beautiful and happy people, you'll probably meet people returning you a smile, you'll also find trash-bins which is something that is hard to find i most places in Varanasi.","Feb 2015 • Friends","","","","2024-03-23T09:58:49Z"
"Tibetan Temple","","g297685","d3727502","4.5","https://www.tripadvisor.com/ShowUserReviews-g297685-d3727502-r253454165-Tibetan_Temple-Varanasi_Varanasi_District_Uttar_Pradesh.html","https://dynamic-media-cdn.tripadvisor.com/media/photo-o/1a/f6/f3/7c/default-avatar-2020-29.jpg?w=100&h=-1&s=1","5.0 of 5 bubbles","Seat of Learning of Tibetan Buddhism!",254,"This is also known as vajra vidya Institute ,it is established by venerable Khenchen Thrangu Rinpoche ,( after Chinese occupation of Tibet) to preserve the karma kagya lineage of scripture and realisation.... It is for higher Buddhist studies of Tibet.It is considered that the Lama is the source of blessings.Mahakala is a wisdom protector, a Bodhisattva ,placed under oath by the Buddha to protect the teachings. Before the Tibetan new year ,kagya monasteries engage  in days of protection practice to request to guard the teachings , Sangha, and the world safe ,by eliminating whatever is inauspicious.This temple is the seat of major annual kagyu conference. It is calm ,serene and peaceful and represents ancient Buddhist history and also modern history of Tibetan Buddhism!!","Mar 2014 • Family","","","","2024-03-23T09:58:49Z"
"Tibetan Temple","","g297685","d3727502","4.5","https://www.tripadvisor.com/ShowUserReviews-g297685-d3727502-r228581228-Tibetan_Temple-Varanasi_Varanasi_District_Uttar_Pradesh.html","https://dynamic-media-cdn.tripadvisor.com/media/photo-o/1c/b5/07/d2/avatar.jpg?w=100&h=-1&s=1","4.0 of 5 bubbles","At Sarnath",32,"The  legend says that when the Buddha-to-be was born, some devas came down to announce it to 500 rishis. The rishis all rose into the air and disappeared and their relics fell to the groundand build that temple for  ....","Sep 2014 • Family","","","","2024-03-23T09:58:49Z"
"Tibetan Temple","","g297685","d3727502","4.5","https://www.tripadvisor.com/ShowUserReviews-g297685-d3727502-r213237218-Tibetan_Temple-Varanasi_Varanasi_District_Uttar_Pradesh.html","https://dynamic-media-cdn.tripadvisor.com/media/photo-o/05/4d/44/09/dora-mukhejee.jpg?w=100&h=-1&s=1","5.0 of 5 bubbles","Shanti...shanti...shanti....",16,"It is really a place where you feel the peace of mind.the art around the temple is speaks the holy stories.must visit this place.verry cleane place.If you take a guide then only you have to pay other wise you can visit all the temples on your own.","Oct 2013 • Family","","","","2024-03-23T09:58:49Z"
"Tibetan Temple","","g297685","d3727502","4.5","https://www.tripadvisor.com/ShowUserReviews-g297685-d3727502-r212189829-Tibetan_Temple-Varanasi_Varanasi_District_Uttar_Pradesh.html","https://dynamic-media-cdn.tripadvisor.com/media/photo-o/09/0d/31/ed/smbegaraaj.jpg?w=100&h=-1&s=1","5.0 of 5 bubbles","Neat & Clean ",629,"This is one of the most important sightseeing place in Varanasi , all autowallas will take you to this place , I paid Rs.250/- for all sightseeing places to be covered in 4hrs.This temple is not only neat and clean , it is also absolutely blissful temple , when we sit in silence we can feel the positive vibrations over there.Must visit for all age groups .Loving you so much ...Peacefully yours .S M Bega Raaj.","","","","","2024-03-23T09:58:49Z"
"Tibetan Temple","","g297685","d3727502","4.5","https://www.tripadvisor.com/ShowUserReviews-g297685-d3727502-r197611035-Tibetan_Temple-Varanasi_Varanasi_District_Uttar_Pradesh.html","https://dynamic-media-cdn.tripadvisor.com/media/photo-o/1c/0f/bf/9e/poleinahole.jpg?w=100&h=-1&s=1","3.0 of 5 bubbles","50 Year Old Temple",118,"Built after the Chinese invaded Tibet this temple has the Tibetan payer wheels, small buddhas, etc. but it lacks the atmosphere of the old Tibetan temples in Lhasa. It's clean and there are decent toilets and drinking fountains. Bring socks or be prepared to walk barefooted. Good to see if in area but not worth making a detour unless you are a Buddhist.","Mar 2014 • Couples","","","","2024-03-23T09:58:49Z"
"Tibetan Temple","","g297685","d3727502","4.5","https://www.tripadvisor.com/ShowUserReviews-g297685-d3727502-r197344485-Tibetan_Temple-Varanasi_Varanasi_District_Uttar_Pradesh.html","https://dynamic-media-cdn.tripadvisor.com/media/photo-o/1a/f6/f2/7a/default-avatar-2020-25.jpg?w=100&h=-1&s=1","5.0 of 5 bubbles","Beautiful and interesting temple",0,"This particular temple is actually the site of Sakyamuni Buddha’s first teachings and that’s why symbolically it holds a great value. This is also the place where Sakyamuni Buddha also known as the Gautama Buddha lived but ironically this whole place is little known but is worth every step you take to visit this place.","Feb 2014 • Friends","","","","2024-03-23T09:58:49Z"
"Tibetan Temple","","g297685","d3727502","4.5","https://www.tripadvisor.com/ShowUserReviews-g297685-d3727502-r193902532-Tibetan_Temple-Varanasi_Varanasi_District_Uttar_Pradesh.html","https://dynamic-media-cdn.tripadvisor.com/media/photo-o/1a/f6/f1/79/default-avatar-2020-21.jpg?w=100&h=-1&s=1","5.0 of 5 bubbles","A must see Temple",9,"Just beautiful and so peaceful! This was the first Tibetan Temple we ever saw and we were amazed by its architecture and very beautiful paintings.","Dec 2013 • Couples","","","","2024-03-23T09:58:54Z"
"Tibetan Temple","","g297685","d3727502","4.5","https://www.tripadvisor.com/ShowUserReviews-g297685-d3727502-r193281942-Tibetan_Temple-Varanasi_Varanasi_District_Uttar_Pradesh.html","https://dynamic-media-cdn.tripadvisor.com/media/photo-s/02/ea/58/f3/avatar.jpg?w=100&h=-1&s=1","5.0 of 5 bubbles","Little Tibet",76,"Good to see Tibet & it's religion accepted - as are ALL faiths in this part of world. Serene atmosphere with a few monks around who invited me inside temple to take some photos - shoes off, of course.","Jan 2014 • Family","","","","2024-03-23T09:58:54Z"
"Tibetan Temple","","g297685","d3727502","4.5","https://www.tripadvisor.com/ShowUserReviews-g297685-d3727502-r189179553-Tibetan_Temple-Varanasi_Varanasi_District_Uttar_Pradesh.html","https://dynamic-media-cdn.tripadvisor.com/media/photo-o/1a/f6/f3/e4/default-avatar-2020-30.jpg?w=100&h=-1&s=1","5.0 of 5 bubbles","Tibetan Temples is a must for any and all travelers.",43,"There is too much to share on this topic but don't be afraid to ask questions and pick-up a book for a detailed look at greatness of Buddhism from a Tibetan perspective.","Dec 2013 • Friends","","","","2024-03-23T09:58:54Z"
"Tibetan Temple","","g297685","d3727502","4.5","https://www.tripadvisor.com/ShowUserReviews-g297685-d3727502-r184052362-Tibetan_Temple-Varanasi_Varanasi_District_Uttar_Pradesh.html","https://dynamic-media-cdn.tripadvisor.com/media/photo-o/04/84/ab/85/mehmet-k.jpg?w=100&h=-1&s=1","4.0 of 5 bubbles","first temple",40,"this a temple where budha made his first speech to his 5 monks after coming back from forest.There are some carvings and paintings inside walls of this temple about budhas has life. At yard there are statue of budha and his 5 monks , people come here to pray. Also there is jean temple very close to here. Beware naked monks there:D just kidding idid not see any naked man but some monks with old reddish clothes on.","Oct 2013 • Couples","","","","2024-03-23T09:58:54Z"
"Tibetan Temple","","g297685","d3727502","4.5","https://www.tripadvisor.com/ShowUserReviews-g297685-d3727502-r182673495-Tibetan_Temple-Varanasi_Varanasi_District_Uttar_Pradesh.html","https://dynamic-media-cdn.tripadvisor.com/media/photo-o/04/bd/9e/91/phoenix-l.jpg?w=100&h=-1&s=1","4.0 of 5 bubbles","Peaceful Ambience",0,"Varanasi is not without its share of temples and in middle of all the temples, this Buddhist temple stand out for its religious beliefs and the historical importance. There is a divine atmosphere and is comparatively with lesser crowd and also is a well kept. The monks are very tolerant to all the tourist activities around and it is amazing watching how they are well concentrated in their rituals and prayers.","Sep 2013 • Solo","","","","2024-03-23T09:58:54Z"
"Tibetan Temple","","g297685","d3727502","4.5","https://www.tripadvisor.com/ShowUserReviews-g297685-d3727502-r177500698-Tibetan_Temple-Varanasi_Varanasi_District_Uttar_Pradesh.html","https://dynamic-media-cdn.tripadvisor.com/media/photo-o/04/8b/f8/0f/jenim0612.jpg?w=100&h=-1&s=1","4.0 of 5 bubbles","Interesting",110,"The Tibetan Temple was an enjoyable & enlightening way to spend an afternoon. There are also other temples in this area that are worthwhile.","Sep 2013 • Friends","","","","2024-03-23T09:58:54Z"
"Tibetan Temple","","g297685","d3727502","4.5","https://www.tripadvisor.com/ShowUserReviews-g297685-d3727502-r166509727-Tibetan_Temple-Varanasi_Varanasi_District_Uttar_Pradesh.html","https://dynamic-media-cdn.tripadvisor.com/media/photo-o/13/f1/ff/42/bsandrs.jpg?w=100&h=-1&s=1","4.0 of 5 bubbles","A Place of Peace and Contemplation",78,"Sarnath is mentioned by Buddha as one of the four places of pilgrimage that his devout followers should visit so that it is not surprising that various temples have been built near to the site. Among others the followers from Thailand, Myanmar, Sri Lanka and Tibet have all built nearby and this particular shrine was built by Tibetan Buddhists. It houses the glorious Shakyamuni Buddha and the walls and ceiling have been covered with Tibetan paintings ( Known as Thangksa ). This is a peaceful place with atmosphere aided by the many prayer flags and prayer wheels which release paper scrolls when rotated clockwise. The paintings are rightly famed for their beauty and the Temple is well worth a visit","Apr 2013 • Couples","","","","2024-03-23T09:58:54Z"
"Tibetan Temple","","g297685","d3727502","4.5","https://www.tripadvisor.com/ShowUserReviews-g297685-d3727502-r158126215-Tibetan_Temple-Varanasi_Varanasi_District_Uttar_Pradesh.html","https://dynamic-media-cdn.tripadvisor.com/media/photo-o/1a/f6/e4/59/default-avatar-2020-49.jpg?w=100&h=-1&s=1","4.0 of 5 bubbles","Tranquil Buddah Temple hidden in Varanasi",501,"We came upon the Buddah Temple or Tibetan Temple as it is known on this site. This temple contains relics enclosed within a silver casket which were found in the Punjab and they are recognised as being relics of the Blessed One. This is the site where the Sakyamuni Buddha, also known as the Gautama Buddha, (566-485 BCE), lived and delivered his first sermon. This is a little known site but is well worth a visit as it adds another perspective to this wonderful spiritual place which is dominated by Hindu worshippers.","Mar 2013 • Family","","","","2024-03-23T09:58:54Z"
"Tibetan Temple","","g297685","d3727502","4.5","https://www.tripadvisor.com/ShowUserReviews-g297685-d3727502-r153039796-Tibetan_Temple-Varanasi_Varanasi_District_Uttar_Pradesh.html","https://dynamic-media-cdn.tripadvisor.com/media/photo-o/06/90/ff/d0/musafirhoonyaro.jpg?w=100&h=-1&s=1","5.0 of 5 bubbles","Tibetan Temple",142,"Tibetan Temple at Sarnath is  a master piece of Tibetan Manastery Architect . It is built in the style of a Monastery with a beautiful Statue of Lord Budha in a meditative pose in the Main Temple. It is closely associated with Karmappa who is considered as second to Dalai Lama .      Monks inside the Temple are well educated & happily conduct all visitors explaining the various facets of Budhism.        In this Temple , worship and prayers are performed regularly throughout the day , therefor visiting hours are restricted.","Feb 2013 • Couples","","","","2024-03-23T09:58:54Z"
