"names","address","geo_id","hotel_id","rating","url","profile_image","review_score","review_heading","profile_contr","review_body","date_of_stay","company_responder","company_response","company_response_date","timestamp"
"Garden of Spiritual Wisdom","","g297685","d7300010","4.5","https://www.tripadvisor.com/ShowUserReviews-g297685-d7300010-r885272293-Garden_of_Spiritual_Wisdom-Varanasi_Varanasi_District_Uttar_Pradesh.html","https://dynamic-media-cdn.tripadvisor.com/media/photo-o/28/9b/4e/6c/caption.jpg?w=100&h=-1&s=1","5.0 of 5 bubbles","Visited Sarnath ",2,"Nice place to visit to know the ancient and information about Lod Buddha and Buddhism. The museum is worth visiting. Mr Manoj Dingh is very knowledgeable guide. Well recommended","Mar 2023 • Friends","","","","2024-03-22T09:02:06Z"
"Garden of Spiritual Wisdom","","g297685","d7300010","4.5","https://www.tripadvisor.com/ShowUserReviews-g297685-d7300010-r751477229-Garden_of_Spiritual_Wisdom-Varanasi_Varanasi_District_Uttar_Pradesh.html","https://dynamic-media-cdn.tripadvisor.com/media/photo-o/07/c0/14/54/amandapow.jpg?w=100&h=-1&s=1","5.0 of 5 bubbles","Spiritual Experience",20,"A must visit when in Varanasi, a spiritual and enlightening experience.  Such a peaceful place, an opportunity to meditate.","Mar 2020","","","","2024-03-22T09:02:06Z"
"Garden of Spiritual Wisdom","","g297685","d7300010","4.5","https://www.tripadvisor.com/ShowUserReviews-g297685-d7300010-r751405740-Garden_of_Spiritual_Wisdom-Varanasi_Varanasi_District_Uttar_Pradesh.html","https://dynamic-media-cdn.tripadvisor.com/media/photo-o/1a/f6/e7/3d/default-avatar-2020-55.jpg?w=100&h=-1&s=1","5.0 of 5 bubbles","A Quiet Respite",0,"Finding the garden in the hubbub of Varanasi was a treat. Fifteen travelers entered together and we each made our own way to reflect on all we had experienced in the previous day on the Ganges. It was a quiet, beautiful, and amazing respite.","Mar 2020","","","","2024-03-22T09:02:06Z"
"Garden of Spiritual Wisdom","","g297685","d7300010","4.5","https://www.tripadvisor.com/ShowUserReviews-g297685-d7300010-r740582196-Garden_of_Spiritual_Wisdom-Varanasi_Varanasi_District_Uttar_Pradesh.html","https://dynamic-media-cdn.tripadvisor.com/media/photo-o/1a/f6/e5/2b/default-avatar-2020-52.jpg?w=100&h=-1&s=1","5.0 of 5 bubbles","Sanctuary",0,"A refuge of quietness and peace, beautifully presented and maintained. Would recommend to anyone wanting to escape the noise and chaos of the streets outside.","Jan 2020","","","","2024-03-22T09:02:06Z"
"Garden of Spiritual Wisdom","","g297685","d7300010","4.5","https://www.tripadvisor.com/ShowUserReviews-g297685-d7300010-r739174922-Garden_of_Spiritual_Wisdom-Varanasi_Varanasi_District_Uttar_Pradesh.html","https://dynamic-media-cdn.tripadvisor.com/media/photo-o/1a/f6/ee/68/default-avatar-2020-9.jpg?w=100&h=-1&s=1","5.0 of 5 bubbles","Peaceful greenery",5,"A very beautiful and well maintained garden. What a way to end the trip in India! Worth the visit, the perfect spot to meditate.","Dec 2019 • Friends","","","","2024-03-22T09:02:06Z"
"Garden of Spiritual Wisdom","","g297685","d7300010","4.5","https://www.tripadvisor.com/ShowUserReviews-g297685-d7300010-r736434579-Garden_of_Spiritual_Wisdom-Varanasi_Varanasi_District_Uttar_Pradesh.html","https://dynamic-media-cdn.tripadvisor.com/media/photo-o/1a/f6/ee/db/default-avatar-2020-10.jpg?w=100&h=-1&s=1","4.0 of 5 bubbles","Very beautiful and shiny garden the feeling which comes by watching nature's true colors very energizing..",4,"Awesome Very beautiful and shiny garden the feeling which comes by watching nature's true colors very energizing..","Jan 2020 • Family","","","","2024-03-22T09:02:06Z"
"Garden of Spiritual Wisdom","","g297685","d7300010","4.5","https://www.tripadvisor.com/ShowUserReviews-g297685-d7300010-r734366071-Garden_of_Spiritual_Wisdom-Varanasi_Varanasi_District_Uttar_Pradesh.html","https://dynamic-media-cdn.tripadvisor.com/media/photo-o/1a/f6/ec/3d/default-avatar-2020-1.jpg?w=100&h=-1&s=1","5.0 of 5 bubbles","An excellent place to experience Asian Wisdom",0,"it is hardly known to local guides yet it a must visit place. it is noless an oasis of calm and happiness in the middle of mad rush ofthe city. A showpiece of common heritage of India & Japan.","Dec 2019 • Friends","","","","2024-03-22T09:02:06Z"
"Garden of Spiritual Wisdom","","g297685","d7300010","4.5","https://www.tripadvisor.com/ShowUserReviews-g297685-d7300010-r732611825-Garden_of_Spiritual_Wisdom-Varanasi_Varanasi_District_Uttar_Pradesh.html","https://dynamic-media-cdn.tripadvisor.com/media/photo-o/1a/f6/e7/fe/default-avatar-2020-58.jpg?w=100&h=-1&s=1","5.0 of 5 bubbles","Amazing garden, incredible energy!",0,"Everybody who goes to Varanasi , should visit this beautiful and amazing garden ! A lot of things to see and enjoy there ! I highly recommend it !","Nov 2019 • Solo","","","","2024-03-22T09:02:06Z"
"Garden of Spiritual Wisdom","","g297685","d7300010","4.5","https://www.tripadvisor.com/ShowUserReviews-g297685-d7300010-r720987643-Garden_of_Spiritual_Wisdom-Varanasi_Varanasi_District_Uttar_Pradesh.html","https://dynamic-media-cdn.tripadvisor.com/media/photo-o/1a/f6/df/2b/default-avatar-2020-39.jpg?w=100&h=-1&s=1","5.0 of 5 bubbles","Fantastic experience!",0,"Beautiful place to meditate, lovely garden landscapes and well maintained near to Sarnath stupa ! Awesome !","Oct 2019 • Business","","","","2024-03-22T09:02:06Z"
"Garden of Spiritual Wisdom","","g297685","d7300010","4.5","https://www.tripadvisor.com/ShowUserReviews-g297685-d7300010-r713828907-Garden_of_Spiritual_Wisdom-Varanasi_Varanasi_District_Uttar_Pradesh.html","https://dynamic-media-cdn.tripadvisor.com/media/photo-o/19/4d/b7/43/avatar.jpg?w=100&h=-1&s=1","4.0 of 5 bubbles","Don't skip this easy walk",22,"This garden is only a short walk for the main museum in Sarnath and well worth the walk. It is extremely peaceful and free entry, you can not take photos in the garden and they will enforce this, but it adds to the relaxed vibe as you don't have photo shoots happening or people asking to take you photo. The garden is well maintained and pretty. It is a good place to meditate, for for a walk or just chill out.","Sep 2019 • Friends","","","","2024-03-22T09:02:06Z"
"Garden of Spiritual Wisdom","","g297685","d7300010","4.5","https://www.tripadvisor.com/ShowUserReviews-g297685-d7300010-r706458300-Garden_of_Spiritual_Wisdom-Varanasi_Varanasi_District_Uttar_Pradesh.html","https://dynamic-media-cdn.tripadvisor.com/media/photo-o/1a/f6/f1/06/default-avatar-2020-18.jpg?w=100&h=-1&s=1","5.0 of 5 bubbles","Rain or Shine, a lovely place",273,"I had the good fortune to visit these grounds in pouring warm monsoon rain - I got lovingly soaked and will remember it always.","Sep 2019","","","","2024-03-22T09:02:07Z"
"Garden of Spiritual Wisdom","","g297685","d7300010","4.5","https://www.tripadvisor.com/ShowUserReviews-g297685-d7300010-r674552535-Garden_of_Spiritual_Wisdom-Varanasi_Varanasi_District_Uttar_Pradesh.html","https://dynamic-media-cdn.tripadvisor.com/media/photo-o/1a/f6/e8/ea/default-avatar-2020-63.jpg?w=100&h=-1&s=1","5.0 of 5 bubbles","garden of spiritual wisdom",0,"the most beautiful garden we went to in india. the taj mahal is nothing compared to this! exquisite design and beautifully maintained.","Apr 2019 • Family","","","","2024-03-22T09:02:07Z"
"Garden of Spiritual Wisdom","","g297685","d7300010","4.5","https://www.tripadvisor.com/ShowUserReviews-g297685-d7300010-r673379934-Garden_of_Spiritual_Wisdom-Varanasi_Varanasi_District_Uttar_Pradesh.html","https://dynamic-media-cdn.tripadvisor.com/media/photo-o/02/9b/9e/7f/akshayanshu.jpg?w=100&h=-1&s=1","5.0 of 5 bubbles","A must visit while in Sarnath",630,"This is a well-maintained garden located around Stupa. There is an entry fee of Rs.25/- but it is worth. One can see the ruins of the budhhist era. There is an entry to Stupa which is majestic and awesome.","May 2019 • Couples","","","","2024-03-22T09:02:07Z"
"Garden of Spiritual Wisdom","","g297685","d7300010","4.5","https://www.tripadvisor.com/ShowUserReviews-g297685-d7300010-r671821515-Garden_of_Spiritual_Wisdom-Varanasi_Varanasi_District_Uttar_Pradesh.html","https://dynamic-media-cdn.tripadvisor.com/media/photo-o/1a/f6/f1/06/default-avatar-2020-18.jpg?w=100&h=-1&s=1","4.0 of 5 bubbles","Peaceful place",0,"Garden very well kept, inspirational and very peaceful atmosphereVery helpful and friendly caretaker, passionate about the plants he takes care of.","Nov 2018 • Couples","","","","2024-03-22T09:02:07Z"
"Garden of Spiritual Wisdom","","g297685","d7300010","4.5","https://www.tripadvisor.com/ShowUserReviews-g297685-d7300010-r663269593-Garden_of_Spiritual_Wisdom-Varanasi_Varanasi_District_Uttar_Pradesh.html","https://dynamic-media-cdn.tripadvisor.com/media/photo-o/1a/f6/f2/11/default-avatar-2020-23.jpg?w=100&h=-1&s=1","5.0 of 5 bubbles","Beautiful tranquility",10,"Varanasi is a bustling, noisy and seemingly chaotic place. The Garden of Spiritual Wisdom, located about 10km from the city, really is a calm, beautiful and quiet place. Green, quiet and hustle free. Also cost free. I even enjoyed a 30 minute snooze on the manicured lawn under a tree. The garden comes with educational placards along the pathways. Anyone accustomed to the noise and honks of the concrete streets will be in awe at this Garden’s serenity.","Apr 2019 • Solo","","","","2024-03-22T09:02:07Z"
"Garden of Spiritual Wisdom","","g297685","d7300010","4.5","https://www.tripadvisor.com/ShowUserReviews-g297685-d7300010-r659212662-Garden_of_Spiritual_Wisdom-Varanasi_Varanasi_District_Uttar_Pradesh.html","https://dynamic-media-cdn.tripadvisor.com/media/photo-o/1a/f6/de/0a/default-avatar-2020-35.jpg?w=100&h=-1&s=1","5.0 of 5 bubbles","Excellent",6,"All gardens beautifully immaculately kept- many stone tablets with inspiring words of wisdom from Buddha’s teachings. Extremely peaceful place with great views of the Chaukati Stupa as well","Feb 2019 • Solo","","","","2024-03-22T09:02:07Z"
"Garden of Spiritual Wisdom","","g297685","d7300010","4.5","https://www.tripadvisor.com/ShowUserReviews-g297685-d7300010-r657146752-Garden_of_Spiritual_Wisdom-Varanasi_Varanasi_District_Uttar_Pradesh.html","https://dynamic-media-cdn.tripadvisor.com/media/photo-o/1a/f6/e5/2b/default-avatar-2020-52.jpg?w=100&h=-1&s=1","2.0 of 5 bubbles","A  sad  experience",0,"The  Garden  of  Spiritual  Wisdom is  a  very  well maintained place.The  garden is  properly taken care of  and  the  atmosphere is  very peaceful and  quite  except the  inappropriate behaviour of the  security staff.When  I  tried to  sit  and  meditate,the  security man  forced  me  to  leave the  garden saying that  it is  not allowed  to  sit there.I  think it completely  defeats  the  purpose  for which  such  places  are set up  by  well meaning people. I  think proper  training of  security staff is  very necessary","Feb 2019 • Solo","","","","2024-03-22T09:02:07Z"
"Garden of Spiritual Wisdom","","g297685","d7300010","4.5","https://www.tripadvisor.com/ShowUserReviews-g297685-d7300010-r656755029-Garden_of_Spiritual_Wisdom-Varanasi_Varanasi_District_Uttar_Pradesh.html","https://dynamic-media-cdn.tripadvisor.com/media/photo-o/1a/f6/e5/2b/default-avatar-2020-52.jpg?w=100&h=-1&s=1","5.0 of 5 bubbles","A peaceful heaven in India",6,"Sometimes India can be much to handle, then one can escape to this wonderful park a few hours. There are also some statues that illustrates the foundation in Buddhism, done in an interesting and not so very kitch as one could suspect.","Feb 2019 • Solo","","","","2024-03-22T09:02:07Z"
"Garden of Spiritual Wisdom","","g297685","d7300010","4.5","https://www.tripadvisor.com/ShowUserReviews-g297685-d7300010-r655040351-Garden_of_Spiritual_Wisdom-Varanasi_Varanasi_District_Uttar_Pradesh.html","https://dynamic-media-cdn.tripadvisor.com/media/photo-o/1a/f6/e8/5b/default-avatar-2020-61.jpg?w=100&h=-1&s=1","5.0 of 5 bubbles","Dazzling oasis",3,"So surprised by the beauty and peacefulness of this hidden gem. No hooting, no litter, green, spacious. Didn’t like the lack of locals who seem to be excluded somehow. Very stylish meditation spot.","Jan 2019 • Solo","","","","2024-03-22T09:02:07Z"
"Garden of Spiritual Wisdom","","g297685","d7300010","4.5","https://www.tripadvisor.com/ShowUserReviews-g297685-d7300010-r654460337-Garden_of_Spiritual_Wisdom-Varanasi_Varanasi_District_Uttar_Pradesh.html","https://dynamic-media-cdn.tripadvisor.com/media/photo-o/1a/f6/f2/7a/default-avatar-2020-25.jpg?w=100&h=-1&s=1","5.0 of 5 bubbles","Awesome",449,"What an amaizng garden. As long as it was here, just keep looking at the beauty here. It remains very big. Must visit.","Feb 2019 • Solo","","","","2024-03-22T09:02:07Z"
"Garden of Spiritual Wisdom","","g297685","d7300010","4.5","https://www.tripadvisor.com/ShowUserReviews-g297685-d7300010-r651985493-Garden_of_Spiritual_Wisdom-Varanasi_Varanasi_District_Uttar_Pradesh.html","https://dynamic-media-cdn.tripadvisor.com/media/photo-o/0f/53/24/a6/pratush-n.jpg?w=100&h=-1&s=1","1.0 of 5 bubbles","You can skip it as the main focus should only be stupa",371,"If you really have loads of ideal time than you can stroll around this place otherwise the main reason to visit is only for stupa as it is associated with Sanchi stupa which guide can help you out more.","Feb 2019 • Solo","","","","2024-03-22T09:02:08Z"
"Garden of Spiritual Wisdom","","g297685","d7300010","4.5","https://www.tripadvisor.com/ShowUserReviews-g297685-d7300010-r650998454-Garden_of_Spiritual_Wisdom-Varanasi_Varanasi_District_Uttar_Pradesh.html","https://dynamic-media-cdn.tripadvisor.com/media/photo-s/02/36/f9/73/sandeepksaxena.jpg?w=100&h=-1&s=1","5.0 of 5 bubbles","peaceful garden and stupa",503,"One of the most beautiful gardens.This might just be Sarnath’s most wonderful place for nature lovers, especially coming from the chaos of Varanasi.Come here not only for random travelling but to experience this place. It tells you about the journey called life. From birth to death. Go your way and find what happens with you in future.The landscaping is incredibly beautiful and the manicured gardens, bonsai and calm and soothing aura inside the Garden of Spiritual Wisdom takes the visitor to an entirely different world. There are clear and fabulous views of the Chaukhandi Stupa after you enter the garden. The garden uses a mix of exhibits and sculptures to convey the essentials of Buddhism. The staff inside the garden is very friendlyTaking photos inside is not allowed and you may require permission to enter, so must carry your identity card...","Dec 2018 • Family","","","","2024-03-22T09:02:08Z"
"Garden of Spiritual Wisdom","","g297685","d7300010","4.5","https://www.tripadvisor.com/ShowUserReviews-g297685-d7300010-r650135468-Garden_of_Spiritual_Wisdom-Varanasi_Varanasi_District_Uttar_Pradesh.html","https://dynamic-media-cdn.tripadvisor.com/media/photo-o/16/5b/5c/07/satishsatya.jpg?w=100&h=-1&s=1","5.0 of 5 bubbles","Worth spending a hour here",95,"The serene garden well manicured and maintained is also the place where various relics were found by archeologists of buddhist living spaces etc. It is also the path to the buddhist stupa which is a must visit place too.","Dec 2018 • Family","","","","2024-03-22T09:02:08Z"
"Garden of Spiritual Wisdom","","g297685","d7300010","4.5","https://www.tripadvisor.com/ShowUserReviews-g297685-d7300010-r648750638-Garden_of_Spiritual_Wisdom-Varanasi_Varanasi_District_Uttar_Pradesh.html","https://dynamic-media-cdn.tripadvisor.com/media/photo-o/11/e8/01/ab/vijay-amrit-raj-v.jpg?w=100&h=-1&s=1","5.0 of 5 bubbles","wonderful !",550,"Great view of Garden well structured and properly maintained garden, proper foot path,  clean one of the best attraction in Sarnath. This garden covered in a large area and attract thousands of visitors everyday as its a tourist place.one of the best memorable day.","Nov 2018 • Solo","","","","2024-03-22T09:02:08Z"
"Garden of Spiritual Wisdom","","g297685","d7300010","4.5","https://www.tripadvisor.com/ShowUserReviews-g297685-d7300010-r645841135-Garden_of_Spiritual_Wisdom-Varanasi_Varanasi_District_Uttar_Pradesh.html","https://dynamic-media-cdn.tripadvisor.com/media/photo-s/02/49/b8/8d/travelgurudoctor.jpg?w=100&h=-1&s=1","3.0 of 5 bubbles","Disappointing",175,"This site has much history and sanctity, but the visit was disappointing.Not a thrilling site physically.Not too much to see.","Jan 2019 • Couples","","","","2024-03-22T09:02:08Z"
"Garden of Spiritual Wisdom","","g297685","d7300010","4.5","https://www.tripadvisor.com/ShowUserReviews-g297685-d7300010-r645725689-Garden_of_Spiritual_Wisdom-Varanasi_Varanasi_District_Uttar_Pradesh.html","https://dynamic-media-cdn.tripadvisor.com/media/photo-o/04/83/7d/16/ashihara.jpg?w=100&h=-1&s=1","4.0 of 5 bubbles","Peaceful Garden",346,"Very peaceful garden behind the Chaukhandi Stupa. Extremely well maintained and becoming an attraction by itself. Not sure about the naming  - whether spiritual wisdom itself will be gained, but the visitors going there are enjoying the beauty and relaxedness of the garden with possibly a few meditating.","Dec 2018 • Friends","","","","2024-03-22T09:02:08Z"
"Garden of Spiritual Wisdom","","g297685","d7300010","4.5","https://www.tripadvisor.com/ShowUserReviews-g297685-d7300010-r643697029-Garden_of_Spiritual_Wisdom-Varanasi_Varanasi_District_Uttar_Pradesh.html","https://dynamic-media-cdn.tripadvisor.com/media/photo-o/1a/f6/e4/2d/default-avatar-2020-48.jpg?w=100&h=-1&s=1","5.0 of 5 bubbles","Good peaceful place",0,"There is very pleasant atmosphere of this garden. Here, I came i forgot all worries and sadness of my mind. It's atmosphere make me refreshed.","Nov 2018 • Family","","","","2024-03-22T09:02:08Z"
"Garden of Spiritual Wisdom","","g297685","d7300010","4.5","https://www.tripadvisor.com/ShowUserReviews-g297685-d7300010-r641386426-Garden_of_Spiritual_Wisdom-Varanasi_Varanasi_District_Uttar_Pradesh.html","https://dynamic-media-cdn.tripadvisor.com/media/photo-o/1a/f6/f2/b8/default-avatar-2020-26.jpg?w=100&h=-1&s=1","5.0 of 5 bubbles","Walking in this garden is a way of bringing peace in the world",2,"A temple of silence, a place of quiet amidst the busyness of Indian life in Sarnath.After visiting the beautiful Archeological museum and seen radiating Buddha statues, I recommend a plunge into the peace of this garden.","Dec 2018 • Friends","","","","2024-03-22T09:02:08Z"
"Garden of Spiritual Wisdom","","g297685","d7300010","4.5","https://www.tripadvisor.com/ShowUserReviews-g297685-d7300010-r639316580-Garden_of_Spiritual_Wisdom-Varanasi_Varanasi_District_Uttar_Pradesh.html","https://dynamic-media-cdn.tripadvisor.com/media/photo-o/07/70/3b/85/gogsblore.jpg?w=100&h=-1&s=1","5.0 of 5 bubbles","Serene n welcoming",228,"An ancient, 3rd most significant site for Buddhists in India, it's a well maintained n beautiful place to visit. It's the birth labs of Buddhism as this where the first discourse was given by Buddha after attaining enlightenment in Bodh Gaya. Has positive vibes in the air. Very crowded on Sundays; week day visit preferred if you want to spend some time there peacefully. Also has a Jason temple in the premises.","Dec 2018 • Couples","","","","2024-03-22T09:02:08Z"
"Garden of Spiritual Wisdom","","g297685","d7300010","4.5","https://www.tripadvisor.com/ShowUserReviews-g297685-d7300010-r635947171-Garden_of_Spiritual_Wisdom-Varanasi_Varanasi_District_Uttar_Pradesh.html","https://dynamic-media-cdn.tripadvisor.com/media/photo-o/04/03/f2/06/haragopal.jpg?w=100&h=-1&s=1","5.0 of 5 bubbles","Well maintained.",836,"While visiting the site of Archaeological excavation we can spend time in this very well maintained garden and also visit the STUPA and other historical sites.","Nov 2018 • Family","","","","2024-03-22T09:02:08Z"
"Garden of Spiritual Wisdom","","g297685","d7300010","4.5","https://www.tripadvisor.com/ShowUserReviews-g297685-d7300010-r633352042-Garden_of_Spiritual_Wisdom-Varanasi_Varanasi_District_Uttar_Pradesh.html","https://dynamic-media-cdn.tripadvisor.com/media/photo-o/1a/f6/e2/a7/default-avatar-2020-44.jpg?w=100&h=-1&s=1","5.0 of 5 bubbles","So special",98,"Very nice spiritual place. You must look if you go in Sarnath. Tidy garden, Not to be missed.Free entry","Oct 2018 • Solo","","","","2024-03-22T09:02:10Z"
"Garden of Spiritual Wisdom","","g297685","d7300010","4.5","https://www.tripadvisor.com/ShowUserReviews-g297685-d7300010-r631766920-Garden_of_Spiritual_Wisdom-Varanasi_Varanasi_District_Uttar_Pradesh.html","https://dynamic-media-cdn.tripadvisor.com/media/photo-o/1a/f6/ed/ce/default-avatar-2020-7.jpg?w=100&h=-1&s=1","5.0 of 5 bubbles","A truly serene place to visit",0,"One of the most beautiful places in Saranath. Enjoyed the beauty and absorbed some wisdom at the same time. Highly recommended!","Sep 2018 • Couples","","","","2024-03-22T09:02:10Z"
"Garden of Spiritual Wisdom","","g297685","d7300010","4.5","https://www.tripadvisor.com/ShowUserReviews-g297685-d7300010-r631430867-Garden_of_Spiritual_Wisdom-Varanasi_Varanasi_District_Uttar_Pradesh.html","https://dynamic-media-cdn.tripadvisor.com/media/photo-o/1a/f6/df/2b/default-avatar-2020-39.jpg?w=100&h=-1&s=1","5.0 of 5 bubbles","Beautiful Gardens",23,"I recently visited this Garden. It's lovely, very tranquil. A great place to 'stop & chill' while the hustle & bustle of India is just outside the gates.","Oct 2018 • Couples","","","","2024-03-22T09:02:10Z"
"Garden of Spiritual Wisdom","","g297685","d7300010","4.5","https://www.tripadvisor.com/ShowUserReviews-g297685-d7300010-r620339940-Garden_of_Spiritual_Wisdom-Varanasi_Varanasi_District_Uttar_Pradesh.html","https://dynamic-media-cdn.tripadvisor.com/media/photo-o/1a/f6/f2/b8/default-avatar-2020-26.jpg?w=100&h=-1&s=1","4.0 of 5 bubbles","Beautiful and well maintened",517,"This was beautiful garden and well maintained also. Must visit with kids and family. Many people came here for morning and evening walking.","Sep 2018 • Friends","","","","2024-03-22T09:02:10Z"
"Garden of Spiritual Wisdom","","g297685","d7300010","4.5","https://www.tripadvisor.com/ShowUserReviews-g297685-d7300010-r619917149-Garden_of_Spiritual_Wisdom-Varanasi_Varanasi_District_Uttar_Pradesh.html","https://dynamic-media-cdn.tripadvisor.com/media/photo-o/1a/f6/f1/b8/default-avatar-2020-22.jpg?w=100&h=-1&s=1","5.0 of 5 bubbles","Unforgettable place",4,"It was a place that I always remember. Place very careful. The people who take care it , the are very nice.","Sep 2018 • Friends","","","","2024-03-22T09:02:10Z"
"Garden of Spiritual Wisdom","","g297685","d7300010","4.5","https://www.tripadvisor.com/ShowUserReviews-g297685-d7300010-r612276287-Garden_of_Spiritual_Wisdom-Varanasi_Varanasi_District_Uttar_Pradesh.html","https://dynamic-media-cdn.tripadvisor.com/media/photo-o/1a/f6/ed/00/default-avatar-2020-4.jpg?w=100&h=-1&s=1","5.0 of 5 bubbles","Beautiful Garden",63,"This place is either the first place or the last place to see. The garden is behind Chaukhandi Stupa. The park is very clean and well managed. This is a must visit garden if you are with kids","Jul 2018 • Family","","","","2024-03-22T09:02:10Z"
"Garden of Spiritual Wisdom","","g297685","d7300010","4.5","https://www.tripadvisor.com/ShowUserReviews-g297685-d7300010-r610060957-Garden_of_Spiritual_Wisdom-Varanasi_Varanasi_District_Uttar_Pradesh.html","https://dynamic-media-cdn.tripadvisor.com/media/photo-o/1a/f6/e9/bb/default-avatar-2020-65.jpg?w=100&h=-1&s=1","5.0 of 5 bubbles","Garden around the stupa",479,"The surrounding area of the stupa is so vast one can spend some time here.even though maintenance was very poor and so the place is hot tourist do rome around here just to have a leasure time around .better to have a cap or an umbrella and some water while visiting saranath","Nov 2017","","","","2024-03-22T09:02:10Z"
"Garden of Spiritual Wisdom","","g297685","d7300010","4.5","https://www.tripadvisor.com/ShowUserReviews-g297685-d7300010-r606291441-Garden_of_Spiritual_Wisdom-Varanasi_Varanasi_District_Uttar_Pradesh.html","https://dynamic-media-cdn.tripadvisor.com/media/photo-o/1a/f6/ef/73/default-avatar-2020-13.jpg?w=100&h=-1&s=1","5.0 of 5 bubbles","Good place to visit",253,"It is a garded behind the Stupa. It contains various plants of flowers and well managed Grass. It is near Meusium.","Aug 2018 • Family","","","","2024-03-22T09:02:10Z"
"Garden of Spiritual Wisdom","","g297685","d7300010","4.5","https://www.tripadvisor.com/ShowUserReviews-g297685-d7300010-r600050071-Garden_of_Spiritual_Wisdom-Varanasi_Varanasi_District_Uttar_Pradesh.html","https://dynamic-media-cdn.tripadvisor.com/media/photo-o/1c/7c/bf/8e/globetrottersrilekha.jpg?w=100&h=-1&s=1","5.0 of 5 bubbles","Evolve Mind and Soul",38,"The visit to this place proves again that any atrocities cannot take away the spiritualism. Though plundered to be destroyed and forgotten, it is discovered and now source of enlightenment of mind and soul.","Jul 2018 • Business","","","","2024-03-22T09:02:10Z"
"Garden of Spiritual Wisdom","","g297685","d7300010","4.5","https://www.tripadvisor.com/ShowUserReviews-g297685-d7300010-r577978036-Garden_of_Spiritual_Wisdom-Varanasi_Varanasi_District_Uttar_Pradesh.html","https://dynamic-media-cdn.tripadvisor.com/media/photo-o/1a/f6/f1/b8/default-avatar-2020-22.jpg?w=100&h=-1&s=1","4.0 of 5 bubbles","Lovely and calm",21,"A beautifully maintained and peaceful garden and stupa. Not often included on tours but worth going to see.","Feb 2018 • Solo","","","","2024-03-22T09:02:10Z"
"Garden of Spiritual Wisdom","","g297685","d7300010","4.5","https://www.tripadvisor.com/ShowUserReviews-g297685-d7300010-r573944809-Garden_of_Spiritual_Wisdom-Varanasi_Varanasi_District_Uttar_Pradesh.html","https://dynamic-media-cdn.tripadvisor.com/media/photo-o/1a/f6/eb/43/default-avatar-2020-11.jpg?w=100&h=-1&s=1","4.0 of 5 bubbles","Varanasi and Sarnath eternal.",7,"We chose at random some of the places of interest mainly keeping in mind the time constraint. One needs to revisit these two places time and again.","Apr 2018 • Business","","","","2024-03-22T09:02:11Z"
"Garden of Spiritual Wisdom","","g297685","d7300010","4.5","https://www.tripadvisor.com/ShowUserReviews-g297685-d7300010-r569007871-Garden_of_Spiritual_Wisdom-Varanasi_Varanasi_District_Uttar_Pradesh.html","https://dynamic-media-cdn.tripadvisor.com/media/photo-o/1a/53/7b/5a/avatar.jpg?w=100&h=-1&s=1","5.0 of 5 bubbles","Dont worry u will be taken there if in sarnath",937,"the stupa can be seen in the background of the garden, since i had kids with me i spent some time at this garden which is very clean and green. Good for kids to run around.","Mar 2018 • Family","","","","2024-03-22T09:02:11Z"
"Garden of Spiritual Wisdom","","g297685","d7300010","4.5","https://www.tripadvisor.com/ShowUserReviews-g297685-d7300010-r566704830-Garden_of_Spiritual_Wisdom-Varanasi_Varanasi_District_Uttar_Pradesh.html","https://dynamic-media-cdn.tripadvisor.com/media/photo-o/07/c9/c3/f2/ronald-b.jpg?w=100&h=-1&s=1","5.0 of 5 bubbles","Beautiful Place to visit",193,"This is a charming place to visit.  It has a great deal of spiritual vibrations.  It should not be missed.","Feb 2018 • Couples","","","","2024-03-22T09:02:11Z"
"Garden of Spiritual Wisdom","","g297685","d7300010","4.5","https://www.tripadvisor.com/ShowUserReviews-g297685-d7300010-r563928243-Garden_of_Spiritual_Wisdom-Varanasi_Varanasi_District_Uttar_Pradesh.html","https://dynamic-media-cdn.tripadvisor.com/media/photo-o/1a/f6/de/e7/default-avatar-2020-37.jpg?w=100&h=-1&s=1","5.0 of 5 bubbles","Must place to visit",3,"A most tranquil, beautiful and well maintained garden. The Eight Fold Path section is an inspirational delight. We were shown the medicinal plant area by a very enthusiastic and delightful gardener who was very informative about the health benefits of each plant. A great place to visit to clear your head before going to the main Stupa nearby.","Feb 2018 • Couples","","","","2024-03-22T09:02:11Z"
"Garden of Spiritual Wisdom","","g297685","d7300010","4.5","https://www.tripadvisor.com/ShowUserReviews-g297685-d7300010-r562885886-Garden_of_Spiritual_Wisdom-Varanasi_Varanasi_District_Uttar_Pradesh.html","https://dynamic-media-cdn.tripadvisor.com/media/photo-o/1a/f6/f3/7c/default-avatar-2020-29.jpg?w=100&h=-1&s=1","5.0 of 5 bubbles","pacefull, calm, beautiful",0,"i recommend. very inspiring and pacefull, good to get away from all noise and confusuion, and just stop.","Feb 2018 • Couples","","","","2024-03-22T09:02:11Z"
"Garden of Spiritual Wisdom","","g297685","d7300010","4.5","https://www.tripadvisor.com/ShowUserReviews-g297685-d7300010-r562605478-Garden_of_Spiritual_Wisdom-Varanasi_Varanasi_District_Uttar_Pradesh.html","https://dynamic-media-cdn.tripadvisor.com/media/photo-o/1a/f6/f0/9f/default-avatar-2020-16.jpg?w=100&h=-1&s=1","5.0 of 5 bubbles","Peace and Quiet",0,"India in general seems to thrive on being continually moving. This garden is clean, pleasant, quiet and free with charmingly simple signs of Buddhist concepts. An oasis when things seem overwhelming.","Feb 2018 • Friends","","","","2024-03-22T09:02:11Z"
"Garden of Spiritual Wisdom","","g297685","d7300010","4.5","https://www.tripadvisor.com/ShowUserReviews-g297685-d7300010-r562396683-Garden_of_Spiritual_Wisdom-Varanasi_Varanasi_District_Uttar_Pradesh.html","https://dynamic-media-cdn.tripadvisor.com/media/photo-o/1a/f6/f2/11/default-avatar-2020-23.jpg?w=100&h=-1&s=1","5.0 of 5 bubbles","5 stars!",0,"Beautiful and serene! Leave your phones outside and just breath in the calmness inside..Best place to read, meditate, or just relax.","Feb 2018 • Friends","","","","2024-03-22T09:02:11Z"
"Garden of Spiritual Wisdom","","g297685","d7300010","4.5","https://www.tripadvisor.com/ShowUserReviews-g297685-d7300010-r560057960-Garden_of_Spiritual_Wisdom-Varanasi_Varanasi_District_Uttar_Pradesh.html","https://dynamic-media-cdn.tripadvisor.com/media/photo-o/1a/f6/ed/00/default-avatar-2020-4.jpg?w=100&h=-1&s=1","5.0 of 5 bubbles","Beautiful Garden",12,"Very well maintained beautiful garden. Nicest place in India that I have been to. The verses on stone are powerful words of wisdom. Thank you to the people who maintain it.","Jan 2018 • Solo","","","","2024-03-22T09:02:11Z"
"Garden of Spiritual Wisdom","","g297685","d7300010","4.5","https://www.tripadvisor.com/ShowUserReviews-g297685-d7300010-r558642093-Garden_of_Spiritual_Wisdom-Varanasi_Varanasi_District_Uttar_Pradesh.html","https://dynamic-media-cdn.tripadvisor.com/media/photo-o/1a/f6/e2/a7/default-avatar-2020-44.jpg?w=100&h=-1&s=1","5.0 of 5 bubbles","The most peaceful (almost hidden) garden",3,"We fell in love with this place! It's an extremely beautiful garden, full of wisdom and tranquility, in the middle of somewhat chaotic Sarnath. Favorite spot!","Jan 2018 • Friends","","","","2024-03-22T09:02:11Z"
"Garden of Spiritual Wisdom","","g297685","d7300010","4.5","https://www.tripadvisor.com/ShowUserReviews-g297685-d7300010-r552767832-Garden_of_Spiritual_Wisdom-Varanasi_Varanasi_District_Uttar_Pradesh.html","https://dynamic-media-cdn.tripadvisor.com/media/photo-o/06/80/56/c9/mc0777.jpg?w=100&h=-1&s=1","3.0 of 5 bubbles","Dead end",102,"Garden of Spiritual Wisdom was a clean park around the Chaukhandi Stupa in Sarnath, about 8 - 10 kilometres north-east in Varanasi near the confluence of the Ganges and the Varuna rivers in Uttar Pradesh, India. There was a walking path in the park. The road did not go around the Stupa, it was dead end and at the end of the road there were not any other chance than turn around.Chaukhandi Stupa is one of the holiest sites for Buddhist pilgrimage in India. Saranath is a famos area, because  Lord Buddha had delivered his first sermon in there.For me Chaukhandi Stupa and the garden was a bit confuse. Since I didn't have enough information, there was not anything interesting to see.","Nov 2017 • Solo","","","","2024-03-22T09:02:11Z"
"Garden of Spiritual Wisdom","","g297685","d7300010","4.5","https://www.tripadvisor.com/ShowUserReviews-g297685-d7300010-r549915237-Garden_of_Spiritual_Wisdom-Varanasi_Varanasi_District_Uttar_Pradesh.html","https://dynamic-media-cdn.tripadvisor.com/media/photo-o/1a/f6/f3/7c/default-avatar-2020-29.jpg?w=100&h=-1&s=1","5.0 of 5 bubbles","Gorgeous!",0,"Very beautiful garden. Well kept, no rubbish. Sereen place with lot's of wisdom around about the basics of buddhism.","Dec 2017 • Friends","","","","2024-03-22T09:02:13Z"
"Garden of Spiritual Wisdom","","g297685","d7300010","4.5","https://www.tripadvisor.com/ShowUserReviews-g297685-d7300010-r539073922-Garden_of_Spiritual_Wisdom-Varanasi_Varanasi_District_Uttar_Pradesh.html","https://dynamic-media-cdn.tripadvisor.com/media/photo-o/1a/f6/e4/ca/default-avatar-2020-51.jpg?w=100&h=-1&s=1","5.0 of 5 bubbles","Oasis of peace in crazy varanasi",0,"Beautiful and peacefull garden a few km from Varanasi.  Not much to do or see but if you feel overwhelmed by the crowded Varanasi take a day off and go relax there. Some nice temple in the vicinity.Best thing to do is planning a few hour for a chilling pick nik day or something like that...  Just enjoy the quiet and beautiful garden","Oct 2017 • Friends","","","","2024-03-22T09:02:13Z"
"Garden of Spiritual Wisdom","","g297685","d7300010","4.5","https://www.tripadvisor.com/ShowUserReviews-g297685-d7300010-r520332667-Garden_of_Spiritual_Wisdom-Varanasi_Varanasi_District_Uttar_Pradesh.html","https://dynamic-media-cdn.tripadvisor.com/media/photo-o/1c/43/a4/36/apocalipse.jpg?w=100&h=-1&s=1","5.0 of 5 bubbles","wisdom and peace all in one...",629,"love this place, it was quit, beautiful and well kept. lots of locals , mostly families and monks. it was a different visit surround by nature, it felt much need it.. the Ghats and Ganges are is very intense.","Nov 2016 • Solo","","","","2024-03-22T09:02:13Z"
"Garden of Spiritual Wisdom","","g297685","d7300010","4.5","https://www.tripadvisor.com/ShowUserReviews-g297685-d7300010-r495152627-Garden_of_Spiritual_Wisdom-Varanasi_Varanasi_District_Uttar_Pradesh.html","https://dynamic-media-cdn.tripadvisor.com/media/photo-o/1a/f6/eb/a3/default-avatar-2020-38.jpg?w=100&h=-1&s=1","3.0 of 5 bubbles","A breathing lung near Varanasi",502,"This garden comes as a respite after travelling within the congested and crowded city of Varanasi.It is located in Sarnath and surrounds the Chaukhandi Stupa. Though an ordinary garden but it is a breathing lung near Varanasi.","Jun 2017 • Couples","","","","2024-03-22T09:02:13Z"
"Garden of Spiritual Wisdom","","g297685","d7300010","4.5","https://www.tripadvisor.com/ShowUserReviews-g297685-d7300010-r483367405-Garden_of_Spiritual_Wisdom-Varanasi_Varanasi_District_Uttar_Pradesh.html","https://dynamic-media-cdn.tripadvisor.com/media/photo-o/0f/3f/94/07/sriramhome.jpg?w=100&h=-1&s=1","4.0 of 5 bubbles","Sarnath Visit",21,"Greatness or Lord Budha can be seen and takes one back in time over 2500 years ago. Close to Varanasi and easy to visit both.","Apr 2017 • Couples","","","","2024-03-22T09:02:13Z"
"Garden of Spiritual Wisdom","","g297685","d7300010","4.5","https://www.tripadvisor.com/ShowUserReviews-g297685-d7300010-r482929573-Garden_of_Spiritual_Wisdom-Varanasi_Varanasi_District_Uttar_Pradesh.html","https://dynamic-media-cdn.tripadvisor.com/media/photo-o/1a/f6/df/2b/default-avatar-2020-39.jpg?w=100&h=-1&s=1","3.0 of 5 bubbles","Plain - beautiful- but not so special!",141,"The gardens are well kept and some of the ruins are interesting!The nicest part of our visit to this gardens was the cleaniness.Stepping out of the spitting ""gwell"" of the people and cow dung- it was a breather to experience the clean pave ways and well kept gardens.","Dec 2016 • Couples","","","","2024-03-22T09:02:13Z"
"Garden of Spiritual Wisdom","","g297685","d7300010","4.5","https://www.tripadvisor.com/ShowUserReviews-g297685-d7300010-r481032195-Garden_of_Spiritual_Wisdom-Varanasi_Varanasi_District_Uttar_Pradesh.html","https://dynamic-media-cdn.tripadvisor.com/media/photo-o/2a/c9/d2/3f/caption.jpg?w=100&h=-1&s=1","5.0 of 5 bubbles","A place to recharge energy",557,"When my friend and I finished our visit to Sarnath on March 23, 2017, our guide J asked if we want to see the garden. Was a great decision. The garden is the newest attraction for tourists coming to Sarnath. Many tourists who visit Sarnath have a deep interest in Buddhism.The garden uses a mix of exhibits and sculptures to convey the essentials of Buddhism. The exhibits convey the essence of Indian spirituality in an easy to understand language illustrated with graphics. It is beautifully made and the tourists love the heavenly experience of this sacred site. With increasing complexity of modern life, knowledge for the purpose of earning a living alone is considered insufficient. The garden seeks to ignite an interest in the visitor to further explore the subject of spirituality.In the garden is a section for herbal plants that constitute the basis of Ayurveda. Ayurveda teaches harmony with nature, simplicity and contentment as keys to well-being.It is the five thousand year old Indian traditional natural healing system and is a part of its yogic system. Today, Ayurveda is at the forefront of mind-body medicine. It has spread far beyond its traditional base and is gaining attention throughout the world. The display of ayurvedic plants in the garden, collected from different parts of the country offers a glimpse of Ayurveda.","Mar 2017 • Family","","","","2024-03-22T09:02:13Z"
"Garden of Spiritual Wisdom","","g297685","d7300010","4.5","https://www.tripadvisor.com/ShowUserReviews-g297685-d7300010-r479156192-Garden_of_Spiritual_Wisdom-Varanasi_Varanasi_District_Uttar_Pradesh.html","https://dynamic-media-cdn.tripadvisor.com/media/photo-o/1a/f6/e3/1f/default-avatar-2020-46.jpg?w=100&h=-1&s=1","5.0 of 5 bubbles","Peaceful and tranquil",7,"Welcomed peaceful retreat from Varanasi. Beautiful garden with many areas for contemplation. Design and maintenance are outstanding. The coordinator of the garden was very pleasant and knowledgeable. Definitely worth visiting!","Apr 2017 • Friends","","","","2024-03-22T09:02:13Z"
"Garden of Spiritual Wisdom","","g297685","d7300010","4.5","https://www.tripadvisor.com/ShowUserReviews-g297685-d7300010-r475262658-Garden_of_Spiritual_Wisdom-Varanasi_Varanasi_District_Uttar_Pradesh.html","https://dynamic-media-cdn.tripadvisor.com/media/photo-o/1a/f6/ed/00/default-avatar-2020-4.jpg?w=100&h=-1&s=1","5.0 of 5 bubbles","LOVELY GARDEN IN THE MESS OF VARANASI",34,"While I stayed in Sarnath I went few times to this lovely park. It is perfect for meditate or just to read a book and enjoy the sunshine. It does not seem to be in Varanasi, it is so clean and well maintained.","Mar 2017 • Solo","","","","2024-03-22T09:02:13Z"
"Garden of Spiritual Wisdom","","g297685","d7300010","4.5","https://www.tripadvisor.com/ShowUserReviews-g297685-d7300010-r469689708-Garden_of_Spiritual_Wisdom-Varanasi_Varanasi_District_Uttar_Pradesh.html","https://dynamic-media-cdn.tripadvisor.com/media/photo-o/06/31/1d/13/travellergillian.jpg?w=100&h=-1&s=1","5.0 of 5 bubbles","Lovely peaceful garden",471,"Walking around this garden was a joy. although there were quite a lot of people there it was quiet and peaceful.","Mar 2017 • Friends","","","","2024-03-22T09:02:13Z"
"Garden of Spiritual Wisdom","","g297685","d7300010","4.5","https://www.tripadvisor.com/ShowUserReviews-g297685-d7300010-r467711052-Garden_of_Spiritual_Wisdom-Varanasi_Varanasi_District_Uttar_Pradesh.html","https://dynamic-media-cdn.tripadvisor.com/media/photo-o/1a/f6/e2/4a/default-avatar-2020-42.jpg?w=100&h=-1&s=1","5.0 of 5 bubbles","Oasis of Saranath",0,"Beautiful - A treasure not to be missed! The park is well maintained and is joy to be in. It is still and quiet and fine sculptures.","Mar 2017 • Couples","","","","2024-03-22T09:02:15Z"
"Garden of Spiritual Wisdom","","g297685","d7300010","4.5","https://www.tripadvisor.com/ShowUserReviews-g297685-d7300010-r453321418-Garden_of_Spiritual_Wisdom-Varanasi_Varanasi_District_Uttar_Pradesh.html","https://dynamic-media-cdn.tripadvisor.com/media/photo-o/09/d1/9a/a8/britinfla.jpg?w=100&h=-1&s=1","5.0 of 5 bubbles","Serenity among the intensity.",10,"This is a most serene and beautiful garden. When we visited we were the only visitors there. After experiencing the hustle and bustle of Varanasi, this garden is well worth a visit to take a break for peace and tranquility!","Dec 2016 • Friends","","","","2024-03-22T09:02:15Z"
"Garden of Spiritual Wisdom","","g297685","d7300010","4.5","https://www.tripadvisor.com/ShowUserReviews-g297685-d7300010-r450737830-Garden_of_Spiritual_Wisdom-Varanasi_Varanasi_District_Uttar_Pradesh.html","https://dynamic-media-cdn.tripadvisor.com/media/photo-o/1a/f6/e4/2d/default-avatar-2020-48.jpg?w=100&h=-1&s=1","5.0 of 5 bubbles","Awesome",0,"One of the most beautiful garden in India. Very peaceful place with no people and great for meditation. Highly recommended for people who wants to find some peace. Dont spend all the days just in Varanasi and lets come there and see the heaven on Earth.","Oct 2016 • Solo","","","","2024-03-22T09:02:15Z"
"Garden of Spiritual Wisdom","","g297685","d7300010","4.5","https://www.tripadvisor.com/ShowUserReviews-g297685-d7300010-r449209929-Garden_of_Spiritual_Wisdom-Varanasi_Varanasi_District_Uttar_Pradesh.html","https://dynamic-media-cdn.tripadvisor.com/media/photo-o/1a/f6/de/e7/default-avatar-2020-37.jpg?w=100&h=-1&s=1","4.0 of 5 bubbles","A Meditative Oasis",9,"The Garden of Spiritual Wisdom is a great escape from the noisy, dusty grim of the busy streets in Sarnath, India. The gardens and the art work are inspirational and relaxing. Don't miss this garden when visiting Sarnath.","Nov 2016 • Friends","","","","2024-03-22T09:02:15Z"
"Garden of Spiritual Wisdom","","g297685","d7300010","4.5","https://www.tripadvisor.com/ShowUserReviews-g297685-d7300010-r443002495-Garden_of_Spiritual_Wisdom-Varanasi_Varanasi_District_Uttar_Pradesh.html","https://dynamic-media-cdn.tripadvisor.com/media/photo-o/0d/e4/85/a8/neenakashyap.jpg?w=100&h=-1&s=1","5.0 of 5 bubbles","Unique garden in Varanasi",25,"I am vey glad to see such kind of unique garden in Varanasi. I give lot of thanks to gardeners team to maintain that awesome garden.","Nov 2016 • Couples","","","","2024-03-22T09:02:15Z"
"Garden of Spiritual Wisdom","","g297685","d7300010","4.5","https://www.tripadvisor.com/ShowUserReviews-g297685-d7300010-r438727780-Garden_of_Spiritual_Wisdom-Varanasi_Varanasi_District_Uttar_Pradesh.html","https://dynamic-media-cdn.tripadvisor.com/media/photo-o/1a/f6/eb/6d/default-avatar-2020-19.jpg?w=100&h=-1&s=1","5.0 of 5 bubbles","GROUP VISIT AS INTRODUCED BY A FRIEND WE MET ON OUR WAY TO BOHDIGAYA BUUDDHIST TEMP[LE",0,"Very inspiring as well as an eye openning experience of uniqueness in itself.Strongly recommended for all visitors to pay a special visit to see & gain wonderful insight of lasting impression for themselves.Many thanks to the friend who accompanied & showed us round this Beautiful Garden of One in its kind.From: Bernard Chia of  MANGALA VIHARA(BUDDHIST TEMPLE) SINGAPORE","Nov 2016 • Friends","","","","2024-03-22T09:02:15Z"
"Garden of Spiritual Wisdom","","g297685","d7300010","4.5","https://www.tripadvisor.com/ShowUserReviews-g297685-d7300010-r437804654-Garden_of_Spiritual_Wisdom-Varanasi_Varanasi_District_Uttar_Pradesh.html","https://dynamic-media-cdn.tripadvisor.com/media/photo-o/1a/f6/f2/eb/default-avatar-2020-27.jpg?w=100&h=-1&s=1","5.0 of 5 bubbles","A Spiritual Place",459,"the place shows some of the great monuments in varanasi city. it has its spiritual importance. a small entry fee is implemented.","Oct 2016 • Family","","","","2024-03-22T09:02:15Z"
"Garden of Spiritual Wisdom","","g297685","d7300010","4.5","https://www.tripadvisor.com/ShowUserReviews-g297685-d7300010-r436503883-Garden_of_Spiritual_Wisdom-Varanasi_Varanasi_District_Uttar_Pradesh.html","https://dynamic-media-cdn.tripadvisor.com/media/photo-o/1a/f6/f2/eb/default-avatar-2020-27.jpg?w=100&h=-1&s=1","5.0 of 5 bubbles","A haven of beauty and peace",0,"A wonderfult place to visit. This garden shows the rich potential of the Sarnath and Varanasi area when earth and environment is taken care of. This garden should be highlighted in the public eye as a shining example on what is possible to do in this area and this climate, an example to follow everywhere in India. Thank you!","Sep 2016 • Couples","","","","2024-03-22T09:02:15Z"
"Garden of Spiritual Wisdom","","g297685","d7300010","4.5","https://www.tripadvisor.com/ShowUserReviews-g297685-d7300010-r436503835-Garden_of_Spiritual_Wisdom-Varanasi_Varanasi_District_Uttar_Pradesh.html","https://dynamic-media-cdn.tripadvisor.com/media/photo-o/1a/f6/ee/68/default-avatar-2020-9.jpg?w=100&h=-1&s=1","5.0 of 5 bubbles","Peace & tranquility",0,"A beautifully cared for garden, where it is evident that those who care for it take great pride in what they do. Loved the Ayurvedic section.","Oct 2016 • Friends","","","","2024-03-22T09:02:15Z"
"Garden of Spiritual Wisdom","","g297685","d7300010","4.5","https://www.tripadvisor.com/ShowUserReviews-g297685-d7300010-r434421552-Garden_of_Spiritual_Wisdom-Varanasi_Varanasi_District_Uttar_Pradesh.html","https://dynamic-media-cdn.tripadvisor.com/media/photo-o/1a/f6/e6/ea/default-avatar-2020-54.jpg?w=100&h=-1&s=1","5.0 of 5 bubbles","Amazing discovery I never knew existed.",9,"Nestling at the foot of the Chaukhandi stupa, the Garden of Spiritual Wisdom was a very pleasant surprise - a serene space to absorb Buddhist teachings conveyed through art. A must visit destination if you plan to visit Banaras and Sarnath. I hadn't noticed this when I visited Sarnath many years ago.","Oct 2016","","","","2024-03-22T09:02:15Z"
"Garden of Spiritual Wisdom","","g297685","d7300010","4.5","https://www.tripadvisor.com/ShowUserReviews-g297685-d7300010-r400665705-Garden_of_Spiritual_Wisdom-Varanasi_Varanasi_District_Uttar_Pradesh.html","https://dynamic-media-cdn.tripadvisor.com/media/photo-o/1a/f6/e9/ef/default-avatar-2020-66.jpg?w=100&h=-1&s=1","5.0 of 5 bubbles","garden of peace",18,"excellent place for meditation, meeting people  and reading the guide book before going at the Museum","Jan 2016 • Couples","","","","2024-03-22T09:02:16Z"
"Garden of Spiritual Wisdom","","g297685","d7300010","4.5","https://www.tripadvisor.com/ShowUserReviews-g297685-d7300010-r356450228-Garden_of_Spiritual_Wisdom-Varanasi_Varanasi_District_Uttar_Pradesh.html","https://dynamic-media-cdn.tripadvisor.com/media/photo-o/09/d2/33/8f/singhsushant.jpg?w=100&h=-1&s=1","5.0 of 5 bubbles","Peaceful and best for photo lovers",222,"The garden is quite and peaceful, just the place you would love to visit to relax. Best for photo and selfie lovers. Good activity on rainy day.","Feb 2016 • Friends","","","","2024-03-22T09:02:16Z"
"Garden of Spiritual Wisdom","","g297685","d7300010","4.5","https://www.tripadvisor.com/ShowUserReviews-g297685-d7300010-r349567051-Garden_of_Spiritual_Wisdom-Varanasi_Varanasi_District_Uttar_Pradesh.html","https://dynamic-media-cdn.tripadvisor.com/media/photo-o/1a/f6/df/2b/default-avatar-2020-39.jpg?w=100&h=-1&s=1","4.0 of 5 bubbles","Peaceful Garden",246,"Its the place to go to think and reflect . A beautiful place for a nice walk. It feels good just to be here.","Feb 2016 • Business","","","","2024-03-22T09:02:16Z"
"Garden of Spiritual Wisdom","","g297685","d7300010","4.5","https://www.tripadvisor.com/ShowUserReviews-g297685-d7300010-r342712721-Garden_of_Spiritual_Wisdom-Varanasi_Varanasi_District_Uttar_Pradesh.html","https://dynamic-media-cdn.tripadvisor.com/media/photo-s/02/3b/3e/a8/sosunnychicago.jpg?w=100&h=-1&s=1","4.0 of 5 bubbles","Therapeutic path",230,"This was a nice location to visit. I enjoyed walking through here. There were a few garden hoses that visitors, including myself, used to cool off our feet as we walked through the gardens.The sculptures are interesting to see, and the path felt therapeutic in my otherwise busy adventures that day.","Jun 2015 • Solo","","","","2024-03-22T09:02:16Z"
"Garden of Spiritual Wisdom","","g297685","d7300010","4.5","https://www.tripadvisor.com/ShowUserReviews-g297685-d7300010-r339946260-Garden_of_Spiritual_Wisdom-Varanasi_Varanasi_District_Uttar_Pradesh.html","https://dynamic-media-cdn.tripadvisor.com/media/photo-f/01/2e/70/67/avatar045.jpg?w=100&h=-1&s=1","5.0 of 5 bubbles","Magnificent gardens for quiet reflection",72,"Very fortunately our guide in Sarnath brought us to this magnificently maintained, hidden gem. We spent a quiet hour or so walking through the gardens, and admiring the various sculptures and reflections on the Eightfold Path. So different to the hustle and bustle of Varanasi.","Jan 2016 • Couples","","","","2024-03-22T09:02:16Z"
