"names","address","geo_id","hotel_id","rating","url","profile_image","review_score","review_heading","profile_contr","review_body","date_of_stay","company_responder","company_response","company_response_date","timestamp"
"Batuk Bhairav Mandir","","g297685","d7700994","4.5","https://www.tripadvisor.com/ShowUserReviews-g297685-d7700994-r921371851-Batuk_Bhairav_Mandir-Varanasi_Varanasi_District_Uttar_Pradesh.html","https://dynamic-media-cdn.tripadvisor.com/media/photo-o/1a/f6/ee/68/default-avatar-2020-9.jpg?w=100&h=-1&s=1","5.0 of 5 bubbles","Kaal Bhairav Mandir ",260,"We visited this ancient and beautiful temple of Kaal Bhairav in Varanasi after visiting Vishwanath temple. Kaal Bhairav is regarded as Rakshak of  Kashi. Temple was crowded but managed well.","Aug 2023 • Family","","","","2024-03-22T09:03:32Z"
"Batuk Bhairav Mandir","","g297685","d7700994","4.5","https://www.tripadvisor.com/ShowUserReviews-g297685-d7700994-r912168851-Batuk_Bhairav_Mandir-Varanasi_Varanasi_District_Uttar_Pradesh.html","https://dynamic-media-cdn.tripadvisor.com/media/photo-o/23/65/4a/1b/ramangnoida.jpg?w=100&h=-1&s=1","3.0 of 5 bubbles","You do visit here when in Varanasi ",310,"In by lanes. About 200 mtrs walk from main road. Have to park car around main road only.  During sawan month, the lane well decorated during this month.  But unorganised set up. Narrow entrance and exit. Crowded this month.","Aug 2023 • Couples","","","","2024-03-22T09:03:32Z"
"Batuk Bhairav Mandir","","g297685","d7700994","4.5","https://www.tripadvisor.com/ShowUserReviews-g297685-d7700994-r882740886-Batuk_Bhairav_Mandir-Varanasi_Varanasi_District_Uttar_Pradesh.html","https://dynamic-media-cdn.tripadvisor.com/media/photo-o/1a/f6/ee/10/default-avatar-2020-8.jpg?w=100&h=-1&s=1","2.0 of 5 bubbles","I had an unpleasant experience due to fleecing by shopkeepers.",0,"I have visited Kasi Kalabhairava temple during evening on 12, March 2023. I had an unpleasant experience of the visit.There was heavy rush of pilgrims entering the temple. The security personnel posted there are quite helpful. I was travelling in a group of seven. Due to medical reasons, I was unable to walk independently and was depending on other group members for walking.  Considering my medical condition, the security personnel allowed us to enter the temple through the back gate. At the gate, a corner shop keeper threatened our other group members not to enter.  As we proceeded inside, a person at the corner shop, without our permission, started offering the blessings to the members using a danda of peacock feathers. At the end, he started demanding a large amount of money for his services. We had to bargain a lot but still paid him a significant amount. This gave a painful experience. The inner temple is surrounded by an elevated platform attached to the outer boundary. The elevated platform is occupied by a number of shop keepers offering their services. The elevated platform has considerable depth, which is not essential for the services offered by the shopkeepers. Only, a narrow path is available between the elevated platform and the temple for the pilgrims to circumvent the temple.The concerned authorities should take appropriate steps to control the high handedness of the shop keepers and their ruthless fleecing of money from devotees, possibly by using full CCTV coverage of the shop keepers.Also, the concerned authorities should look into the possibility of reducing the depth of the elevated platform while leaving limited space for the shop keepers. This will provide more walking space for the pilgrims going around the temple.","Mar 2023","","","","2024-03-22T09:03:32Z"
"Batuk Bhairav Mandir","","g297685","d7700994","4.5","https://www.tripadvisor.com/ShowUserReviews-g297685-d7700994-r829670279-Batuk_Bhairav_Mandir-Varanasi_Varanasi_District_Uttar_Pradesh.html","https://dynamic-media-cdn.tripadvisor.com/media/photo-o/1a/f6/df/2b/default-avatar-2020-39.jpg?w=100&h=-1&s=1","5.0 of 5 bubbles","very devotional feeling",91,"well maintained, super neat and clean. self disciplined public and no breaking of que for darshan by public. very very nicew","Feb 2022","","","","2024-03-22T09:03:32Z"
"Batuk Bhairav Mandir","","g297685","d7700994","4.5","https://www.tripadvisor.com/ShowUserReviews-g297685-d7700994-r823188659-Batuk_Bhairav_Mandir-Varanasi_Varanasi_District_Uttar_Pradesh.html","https://dynamic-media-cdn.tripadvisor.com/media/photo-o/13/aa/4e/dd/prashant-c.jpg?w=100&h=-1&s=1","4.0 of 5 bubbles","Kal Bhairav Baba",591,"Well as per the history of this temple, Baba Kal Bhairav is Kotwal (Chief police officer) of all creation and also the city of Kashi (Varanasi). So you got to visit this temple foremost before anything else and take due permission for not only visiting the city but for your sheer mortal existence. One of the oldest temple of Varanasi, the temple of Baba Bhairav is always crowded by hoards of devotees and the shopkeepers close to the entry also act as crowd controllers :), thanks to them!. There are also various religious men inside who one should use discretion with, they give you blessings and if you are not careful can also make you feel lighter on your wallet. ProTip: Just go, pray and more on. Don't worry too much about offerings or what someone else may say. People with very young kids, may want to be extra careful because of the rush.","Dec 2021","","","","2024-03-22T09:03:32Z"
"Batuk Bhairav Mandir","","g297685","d7700994","4.5","https://www.tripadvisor.com/ShowUserReviews-g297685-d7700994-r777591387-Batuk_Bhairav_Mandir-Varanasi_Varanasi_District_Uttar_Pradesh.html","https://dynamic-media-cdn.tripadvisor.com/media/photo-o/24/3b/1b/69/cp-0010.jpg?w=100&h=-1&s=1","5.0 of 5 bubbles","Must visit first when in Varanasi",499,"Visited Kaal Bhairav temple in the evening. Kaal Bhairav is known as nagar kotwal of Varanasi and hence must seek permission before entering Varanasi. We visited this temple first and by the grace of Bhairav baba our entire trip was well managed and obstacle free. We were able to have great darshan of Bhairav Baba and offered puja. It took us slightly more than an hour at the temple. This temple is dedicated to Lord Shiva and is one of the oldest Shiva temples in Varanasi. Situated in Bharonath, Vishweshwarganj (Varanasi), this temple has great historical and cultural importance for Hindus especially amongst the locals. The temple has a fierce form of Shiva which wears a garland of skulls and carries a club of peacock feathers. The word ""Kaal"" means both ""death"" and ""fate"". It is believed that even death is afraid of Kaal Bhairav.The main temple has a silver faced idol of Kal Bhairav who is seated on his vahana, a dog and is holding a trident. Only the face of the icon decorated with garlands is visible to the visitors through the doorway. Rest of the idol is covered with a piece of cloth. On the rear door of the temple, there is an icon of Kshetrapal Bhairav, another aspect of Bhairava.The temple opens at 5.00 am and closes at 1.30pm , then again opens at 4.30pm and closes in the night at 9.30pm.","Feb 2020","","","","2024-03-22T09:03:32Z"
"Batuk Bhairav Mandir","","g297685","d7700994","4.5","https://www.tripadvisor.com/ShowUserReviews-g297685-d7700994-r752465489-Batuk_Bhairav_Mandir-Varanasi_Varanasi_District_Uttar_Pradesh.html","https://dynamic-media-cdn.tripadvisor.com/media/photo-o/1a/f6/f1/79/default-avatar-2020-21.jpg?w=100&h=-1&s=1","5.0 of 5 bubbles","Jai bhairav baba",956,"Kaal bhairav temple is one of the oldest Shiva temples in Varanasi. Kaal bhairav is a fierce form of Lord shiva. Kaal means both time and death. Housed in the inner sanctum of the temple is a silver faced idol of Kal Bhairav who is seated on an idol of dog. It is believed that kashi trip is not complete without visiting kaal bhairav temple. The temple opens early morning around 6.00 am. The temple is in a narrow lane so one needs to walk the last 250 mts. Also there is no space for parking near the temple. Jai bhairav baba.","Feb 2020","","","","2024-03-22T09:03:32Z"
"Batuk Bhairav Mandir","","g297685","d7700994","4.5","https://www.tripadvisor.com/ShowUserReviews-g297685-d7700994-r749404288-Batuk_Bhairav_Mandir-Varanasi_Varanasi_District_Uttar_Pradesh.html","https://dynamic-media-cdn.tripadvisor.com/media/photo-o/1a/15/28/1e/stay282088.jpg?w=100&h=-1&s=1","5.0 of 5 bubbles","Ancient Temple",67,"Bhairav Nath or Lord Shiva’s child form is worshipped as Batuk Bhairav. It is said that the God was born from the third eye of Lord Shiva.The temple has been itched along with the history of Varanasi for several centuries and there are no details to when the temple was actually built. There are many miracles connected with the temple that can be heard as folklore.","Feb 2020","","","","2024-03-22T09:03:32Z"
"Batuk Bhairav Mandir","","g297685","d7700994","4.5","https://www.tripadvisor.com/ShowUserReviews-g297685-d7700994-r748072624-Batuk_Bhairav_Mandir-Varanasi_Varanasi_District_Uttar_Pradesh.html","https://dynamic-media-cdn.tripadvisor.com/media/photo-o/0c/aa/de/bd/ritica.jpg?w=100&h=-1&s=1","3.0 of 5 bubbles","Historic temple",259,"Its a historic temple, located in a narrow lane of a market. It is said that every devotee visiting Kashi Viswanatha Temple should also visit this Temple to completely get the blessings.  Outside the temple compound there are lot of shops selling pooja related stuff.","Feb 2020","","","","2024-03-22T09:03:32Z"
"Batuk Bhairav Mandir","","g297685","d7700994","4.5","https://www.tripadvisor.com/ShowUserReviews-g297685-d7700994-r738244322-Batuk_Bhairav_Mandir-Varanasi_Varanasi_District_Uttar_Pradesh.html","https://dynamic-media-cdn.tripadvisor.com/media/photo-o/09/e3/45/1f/soumya-n.jpg?w=100&h=-1&s=1","3.0 of 5 bubbles","One of the known temples",656,"We did a half day visit of Varanasi covering all the main temples & this one was recommended by the rickshawalla. The temple has been renovated with tiled flooring & marble walls. But unfortunately, it does not suit rainy days. The floor was wet & dirty during our visit due to the rains the previous night. So we did not bend on our knees to offer prayers.Several tantriks were sitting around inside the temple, so while taking the rounds, they approached us to ask if we want any consultations for our problems. We are not used to these things, so it was quite uncomfortable. We took just one round of the temple & stepped out.","Apr 2019","","","","2024-03-22T09:03:32Z"
"Batuk Bhairav Mandir","","g297685","d7700994","4.5","https://www.tripadvisor.com/ShowUserReviews-g297685-d7700994-r734064954-Batuk_Bhairav_Mandir-Varanasi_Varanasi_District_Uttar_Pradesh.html","https://dynamic-media-cdn.tripadvisor.com/media/photo-o/1a/f6/e5/66/default-avatar-2020-53.jpg?w=100&h=-1&s=1","5.0 of 5 bubbles","Sri Kaal Bhairav temple",546,"Sri Kaal Bhairav is the kotwaal ( guardian ) of Kashi , he is a highly protective force . It's customary to seek his blessings after seeking blessings from Sri Sri Vishwanath Maa Vishalakshi and Maa Annapoorani . Too good too powerful . Mr . Vineet of Mangalam travels took time to personally take me to this great hallowed shrine .","Dec 2019 • Family","","","","2024-03-22T09:03:35Z"
"Batuk Bhairav Mandir","","g297685","d7700994","4.5","https://www.tripadvisor.com/ShowUserReviews-g297685-d7700994-r732830561-Batuk_Bhairav_Mandir-Varanasi_Varanasi_District_Uttar_Pradesh.html","https://dynamic-media-cdn.tripadvisor.com/media/photo-o/07/cf/9f/32/sp-aradhya.jpg?w=100&h=-1&s=1","5.0 of 5 bubbles","Bhairaveswara Temple visit is a must",232,"It is said that every devotee visiting Kasi Viswanatha Temple should also visit this Temple to completely get the grace and blessings. Do make it a point to visit this Temple, too which is a couple KMs away in the city. We feel blessed.","Dec 2019","","","","2024-03-22T09:03:35Z"
"Batuk Bhairav Mandir","","g297685","d7700994","4.5","https://www.tripadvisor.com/ShowUserReviews-g297685-d7700994-r726732369-Batuk_Bhairav_Mandir-Varanasi_Varanasi_District_Uttar_Pradesh.html","https://dynamic-media-cdn.tripadvisor.com/media/photo-o/05/bf/8b/2e/rahul91.jpg?w=100&h=-1&s=1","4.0 of 5 bubbles","Must visit after Kashi Vishwanath",124,"This is a must visit temple after visiting the Kashi Vishwanath Temple, its a rather small temple in the bylanes and a bit difficult to access. The temple itself is very nice. Be careful not to take any over prices service. My suggestion is to just do the basics.Do negotiate the price priorKaal Bhairav is considered the gatekeeper of the city and hence has profound importance","Nov 2019","","","","2024-03-22T09:03:35Z"
"Batuk Bhairav Mandir","","g297685","d7700994","4.5","https://www.tripadvisor.com/ShowUserReviews-g297685-d7700994-r724050833-Batuk_Bhairav_Mandir-Varanasi_Varanasi_District_Uttar_Pradesh.html","https://dynamic-media-cdn.tripadvisor.com/media/photo-o/17/32/a0/1e/ananth727499.jpg?w=100&h=-1&s=1","5.0 of 5 bubbles","Kaala bhairavar temple of Kasi.. ",336,"This Temple is situated in the midst of narrow lanes and crowded place in between the house of people.. The temple is found in Kamccha of Varanasi. God KalBhairav is believed to be the “Kotwal of Sati pind”. Without his permission no one can even touch to the Sati pind.The Temple is open throughout the year.. It is always visited by aghoris of Kasi.. Mostly you could see dogs running in the temple complex and near the temple also.. The most important thing to note here in this Temple is the burning of Akhanda Deepam.. It burns continuously and the oil in the lamp is believed to cure several diseases.. Don't miss this place friends..","Sep 2019 • Solo","","","","2024-03-22T09:03:35Z"
"Batuk Bhairav Mandir","","g297685","d7700994","4.5","https://www.tripadvisor.com/ShowUserReviews-g297685-d7700994-r720917027-Batuk_Bhairav_Mandir-Varanasi_Varanasi_District_Uttar_Pradesh.html","https://dynamic-media-cdn.tripadvisor.com/media/photo-o/15/3c/63/ff/tourist824217.jpg?w=100&h=-1&s=1","4.0 of 5 bubbles","VARANASI DARSHAN",96,"Kaal Bhairav Temple, one of the oldest shiv temples at varanasi. This temple is having great cultural and traditional significance in Hinduism as well as local people.","Oct 2019","","","","2024-03-22T09:03:35Z"
"Batuk Bhairav Mandir","","g297685","d7700994","4.5","https://www.tripadvisor.com/ShowUserReviews-g297685-d7700994-r719103680-Batuk_Bhairav_Mandir-Varanasi_Varanasi_District_Uttar_Pradesh.html","https://dynamic-media-cdn.tripadvisor.com/media/photo-o/1a/f6/f2/eb/default-avatar-2020-27.jpg?w=100&h=-1&s=1","5.0 of 5 bubbles","great temple very powerful experience, I will visit again",108,"It was a great experience, I went with some locals/friends from Varanasi and New Delhi, must go very early I visited at 5 am.","Oct 2019","","","","2024-03-22T09:03:35Z"
"Batuk Bhairav Mandir","","g297685","d7700994","4.5","https://www.tripadvisor.com/ShowUserReviews-g297685-d7700994-r717904265-Batuk_Bhairav_Mandir-Varanasi_Varanasi_District_Uttar_Pradesh.html","https://dynamic-media-cdn.tripadvisor.com/media/photo-o/10/d7/8a/b0/sureshlr.jpg?w=100&h=-1&s=1","3.0 of 5 bubbles","Famous temple",189,"Very narrow and slippery lanes which leads to this temple.  The entire path is quite dirty with all kinds of water flowing from the buildings / houses on to this narrow by-lanes.  This is very uncomfortable and unhygienic.  After we enter the temple complex there are so many shopkeepers and middlemen try to extract money from the visitors in the name of god.  Wish the authorities give attention to improve the approach to this important temple and also get rid of the brokers / shopkeepers inside the complex so that devotees visiting the temple can have a peaceful darshan and pray to the god.","Sep 2019","","","","2024-03-22T09:03:35Z"
"Batuk Bhairav Mandir","","g297685","d7700994","4.5","https://www.tripadvisor.com/ShowUserReviews-g297685-d7700994-r714730568-Batuk_Bhairav_Mandir-Varanasi_Varanasi_District_Uttar_Pradesh.html","https://dynamic-media-cdn.tripadvisor.com/media/photo-o/0d/ec/64/f8/674santha.jpg?w=100&h=-1&s=1","2.0 of 5 bubbles","INCARNATION OF SIVA",195,"The passage is a very narrow auto person took us there on the walls paintings were good but inside poor maintenance of the temple the only bharav(a dog) is sitting quietly over there We could not find Akhand deep to collect the oil from it which supposed to have healing power !!","Sep 2019","","","","2024-03-22T09:03:35Z"
"Batuk Bhairav Mandir","","g297685","d7700994","4.5","https://www.tripadvisor.com/ShowUserReviews-g297685-d7700994-r712316381-Batuk_Bhairav_Mandir-Varanasi_Varanasi_District_Uttar_Pradesh.html","https://dynamic-media-cdn.tripadvisor.com/media/photo-o/1a/f6/f2/eb/default-avatar-2020-27.jpg?w=100&h=-1&s=1","5.0 of 5 bubbles","Jai Ho Bhairav Nath ji ki",38,"Also called dwarpal of the place or city.. one must visit this place to take the blessing of dwarpal..","Sep 2019","","","","2024-03-22T09:03:35Z"
"Batuk Bhairav Mandir","","g297685","d7700994","4.5","https://www.tripadvisor.com/ShowUserReviews-g297685-d7700994-r703426710-Batuk_Bhairav_Mandir-Varanasi_Varanasi_District_Uttar_Pradesh.html","https://dynamic-media-cdn.tripadvisor.com/media/photo-o/0a/1f/2f/46/skdel2016.jpg?w=100&h=-1&s=1","5.0 of 5 bubbles","A spiritual place",280,"Even having narrow lanes,very less and not effective rush management, the place attracts thousands of devotee . It is faith of the people and believe who visit here after Darshan of Shri Kashi viswanth and other temples adjacent to it. The place need  improvement in terms of facilities. Other than All is well.","Aug 2019","","","","2024-03-22T09:03:35Z"
"Batuk Bhairav Mandir","","g297685","d7700994","4.5","https://www.tripadvisor.com/ShowUserReviews-g297685-d7700994-r694831170-Batuk_Bhairav_Mandir-Varanasi_Varanasi_District_Uttar_Pradesh.html","https://dynamic-media-cdn.tripadvisor.com/media/photo-o/1a/f6/e4/a9/default-avatar-2020-50.jpg?w=100&h=-1&s=1","5.0 of 5 bubbles","Must Visit",32,"Also known as Kaal Bhairav, he is the kotwal of Varanasi. It's told you do either one of the following1. Visit this temple first and visit others after take permission from Kaal Bhairav2. Don't leave Varanasi before visiting this temple. I was told that your visit to Varanasi is not complete without visiting this temple. It is situated in the bylanes, about a 1km from Kashi Vishwanath Temple.","Jul 2019 • Couples","","","","2024-03-22T09:03:37Z"
"Batuk Bhairav Mandir","","g297685","d7700994","4.5","https://www.tripadvisor.com/ShowUserReviews-g297685-d7700994-r677315395-Batuk_Bhairav_Mandir-Varanasi_Varanasi_District_Uttar_Pradesh.html","https://dynamic-media-cdn.tripadvisor.com/media/photo-o/0f/fd/d2/4b/rajums.jpg?w=100&h=-1&s=1","4.0 of 5 bubbles","The Kothwal of Varanasi",226,"Kaal Bhairav temple represents the fierce form of Lord Shiva. Kaal means both fate and death.Kaal Bhairav is considered the kothwal or policeman of the city of Varanasi.It believed that a devotee visiting the city must take permission from Kaal Bhairav and then visit other temples.It is also believed that Kaal Bhairav cleans all the sins of the devotees.","May 2019 • Friends","","","","2024-03-22T09:03:37Z"
"Batuk Bhairav Mandir","","g297685","d7700994","4.5","https://www.tripadvisor.com/ShowUserReviews-g297685-d7700994-r673376669-Batuk_Bhairav_Mandir-Varanasi_Varanasi_District_Uttar_Pradesh.html","https://dynamic-media-cdn.tripadvisor.com/media/photo-o/02/9b/9e/7f/akshayanshu.jpg?w=100&h=-1&s=1","5.0 of 5 bubbles","Also Called Kal Bhairav temple",630,"It is told that this is a must visit the place and without a visit to this place visit to Kashi will not be fruitful. This is supposed to be a custodian of Kashi city.  The place is small and located in alleys. Devotees offer oil and sacred leaves to the diety.","May 2019 • Couples","","","","2024-03-22T09:03:37Z"
"Batuk Bhairav Mandir","","g297685","d7700994","4.5","https://www.tripadvisor.com/ShowUserReviews-g297685-d7700994-r647891763-Batuk_Bhairav_Mandir-Varanasi_Varanasi_District_Uttar_Pradesh.html","https://dynamic-media-cdn.tripadvisor.com/media/photo-o/11/e8/01/ab/vijay-amrit-raj-v.jpg?w=100&h=-1&s=1","5.0 of 5 bubbles","Blessed!",550,"This is Batuk bhairav temple a religious temple of hindu. usually crowded during daytime and Evening. Small temple and Lord Bhairav, Lord Hunuman and other god idol there too.Blessed !","Dec 2018 • Solo","","","","2024-03-22T09:03:37Z"
"Batuk Bhairav Mandir","","g297685","d7700994","4.5","https://www.tripadvisor.com/ShowUserReviews-g297685-d7700994-r644251593-Batuk_Bhairav_Mandir-Varanasi_Varanasi_District_Uttar_Pradesh.html","https://dynamic-media-cdn.tripadvisor.com/media/photo-o/29/76/3c/67/caption.jpg?w=100&h=-1&s=1","5.0 of 5 bubbles","Bhairav Temple",84,"We some friends visited Varanasi and also visited Batuk Bhairav Temple, very famous Temple dedicated to Bharon Baba very big quiue and arraingment of Police is very well.Temple very famous for pligrem and locals too. Must watch.","Nov 2018 • Friends","","","","2024-03-22T09:03:37Z"
"Batuk Bhairav Mandir","","g297685","d7700994","4.5","https://www.tripadvisor.com/ShowUserReviews-g297685-d7700994-r641985335-Batuk_Bhairav_Mandir-Varanasi_Varanasi_District_Uttar_Pradesh.html","https://dynamic-media-cdn.tripadvisor.com/media/photo-o/1a/f6/f1/79/default-avatar-2020-21.jpg?w=100&h=-1&s=1","5.0 of 5 bubbles","bhairav mandir",221,"Batuk bhairav mandir is where people buy black sacred thread to wear.It is a small but nice temple.must visit","Nov 2018 • Couples","","","","2024-03-22T09:03:37Z"
"Batuk Bhairav Mandir","","g297685","d7700994","4.5","https://www.tripadvisor.com/ShowUserReviews-g297685-d7700994-r641894958-Batuk_Bhairav_Mandir-Varanasi_Varanasi_District_Uttar_Pradesh.html","https://dynamic-media-cdn.tripadvisor.com/media/photo-s/03/26/f6/0e/phanindrahere.jpg?w=100&h=-1&s=1","5.0 of 5 bubbles","The Protector of the holy city",64,"Kaalbhairav, the other and ferocious form of Lord shiva is considered as the protector of this holy city.As per hindu mythology, every holy city will have the main god/goddess of that place and will have protector of that place.Small temple yet powerful vibes.","Dec 2018 • Solo","","","","2024-03-22T09:03:37Z"
"Batuk Bhairav Mandir","","g297685","d7700994","4.5","https://www.tripadvisor.com/ShowUserReviews-g297685-d7700994-r641557483-Batuk_Bhairav_Mandir-Varanasi_Varanasi_District_Uttar_Pradesh.html","https://dynamic-media-cdn.tripadvisor.com/media/photo-o/1a/f6/e5/66/default-avatar-2020-53.jpg?w=100&h=-1&s=1","5.0 of 5 bubbles","A must visit place",5,"Kaal Bhairav is rein carnation of Shiva. A must visit temple for visitors in Kashi. He is the Kotwal ( Keeper) of Kashi .Small temple but good energy. Go between 12 am- 2 pm to avoid rush.","Dec 2018","","","","2024-03-22T09:03:37Z"
"Batuk Bhairav Mandir","","g297685","d7700994","4.5","https://www.tripadvisor.com/ShowUserReviews-g297685-d7700994-r638833193-Batuk_Bhairav_Mandir-Varanasi_Varanasi_District_Uttar_Pradesh.html","https://dynamic-media-cdn.tripadvisor.com/media/photo-o/05/ec/cc/a9/chetansurat.jpg?w=100&h=-1&s=1","5.0 of 5 bubbles","JAY BHAIRAV BABA",118,"when u in kashi varanasi must visit this bhairav baba temple.If you visit Kishi Vishawnath Temple. your journey will not be complete unless you visit this kal bhairav temple.JAY KAL BHAIRAV","Dec 2018 • Friends","","","","2024-03-22T09:03:37Z"
"Batuk Bhairav Mandir","","g297685","d7700994","4.5","https://www.tripadvisor.com/ShowUserReviews-g297685-d7700994-r632410925-Batuk_Bhairav_Mandir-Varanasi_Varanasi_District_Uttar_Pradesh.html","https://dynamic-media-cdn.tripadvisor.com/media/photo-o/1b/e8/a4/d1/viralarya.jpg?w=100&h=-1&s=1","5.0 of 5 bubbles","Must Visit Ancient Temple of Varanasi",634,"The ancient temple of Varanasi and must visit after darshan of Kashi Vishwanath Temple.    As per belief God KalBhairav is believed to be the “Kotwal of Sati pind”.","May 2018 • Family","","","","2024-03-22T09:03:37Z"
"Batuk Bhairav Mandir","","g297685","d7700994","4.5","https://www.tripadvisor.com/ShowUserReviews-g297685-d7700994-r622524222-Batuk_Bhairav_Mandir-Varanasi_Varanasi_District_Uttar_Pradesh.html","https://dynamic-media-cdn.tripadvisor.com/media/photo-o/06/c5/5b/cb/sangeeta-b.jpg?w=100&h=-1&s=1","5.0 of 5 bubbles","Kotwal of all Dieties",52,"Kal Bhairav is said to be the kotwal of all dieties. A visit to Kashi VishwaNath Temple is said to be incomplete without a visit to this temple","Sep 2018 • Couples","","","","2024-03-22T09:03:38Z"
"Batuk Bhairav Mandir","","g297685","d7700994","4.5","https://www.tripadvisor.com/ShowUserReviews-g297685-d7700994-r620363325-Batuk_Bhairav_Mandir-Varanasi_Varanasi_District_Uttar_Pradesh.html","https://dynamic-media-cdn.tripadvisor.com/media/photo-o/09/d3/83/91/ganu-r.jpg?w=100&h=-1&s=1","5.0 of 5 bubbles","Please visit this temple,this God is Lord Shiva's Avatar",151,"Must Visit and get a thread around your wrist tied so you get all protection during your Holidays till you reach Home.","Apr 2018 • Couples","","","","2024-03-22T09:03:38Z"
"Batuk Bhairav Mandir","","g297685","d7700994","4.5","https://www.tripadvisor.com/ShowUserReviews-g297685-d7700994-r612618969-Batuk_Bhairav_Mandir-Varanasi_Varanasi_District_Uttar_Pradesh.html","https://dynamic-media-cdn.tripadvisor.com/media/photo-o/07/c3/03/23/aravind-t.jpg?w=100&h=-1&s=1","4.0 of 5 bubbles","Kaal Bhairav Mandir",52,"Don't rely on Google Maps to find this temple. There are 8 Bhairav temples in Kashi and is one of the most important deities.","Aug 2018 • Family","","","","2024-03-22T09:03:38Z"
"Batuk Bhairav Mandir","","g297685","d7700994","4.5","https://www.tripadvisor.com/ShowUserReviews-g297685-d7700994-r610060302-Batuk_Bhairav_Mandir-Varanasi_Varanasi_District_Uttar_Pradesh.html","https://dynamic-media-cdn.tripadvisor.com/media/photo-o/1a/f6/e9/bb/default-avatar-2020-65.jpg?w=100&h=-1&s=1","5.0 of 5 bubbles","One of the eight bhairavar temples",479,"This is dedicated to lord bhairavar another form of lord shiva. There are eight bhairavar temples in old city of kasi and this is one of those 8,while kala bhairavar is the most important must see temple of kasi","Nov 2017","","","","2024-03-22T09:03:38Z"
"Batuk Bhairav Mandir","","g297685","d7700994","4.5","https://www.tripadvisor.com/ShowUserReviews-g297685-d7700994-r607523673-Batuk_Bhairav_Mandir-Varanasi_Varanasi_District_Uttar_Pradesh.html","https://dynamic-media-cdn.tripadvisor.com/media/photo-o/09/b7/61/48/advocatesarin.jpg?w=100&h=-1&s=1","5.0 of 5 bubbles","A MUST VISIT TEMPLE",300,"If you visit Kishi Vishawnath Temple. your journey will not be complete unless you visit this temple. Kal Bhairav was a protector and every Hindu is expected to pay visit to him.","Jul 2018 • Couples","","","","2024-03-22T09:03:38Z"
"Batuk Bhairav Mandir","","g297685","d7700994","4.5","https://www.tripadvisor.com/ShowUserReviews-g297685-d7700994-r595862689-Batuk_Bhairav_Mandir-Varanasi_Varanasi_District_Uttar_Pradesh.html","https://dynamic-media-cdn.tripadvisor.com/media/photo-o/16/59/bc/01/karthik-r.jpg?w=100&h=-1&s=1","4.0 of 5 bubbles","Important temple in Kasi",698,"Kal Bhairav temple, which is around 1.5 kms from Dashashwamedh Ghat. This is one of the most ancient temple of Varanasi. The open timings for this temple is 5:00 am to 1:30 pm and 4:30 pm to 9:30 pm. Devotees offer flowers and liquor at this temple as offerings. Lord Shiva said that Kaal Bhairav will forever be in Kashi in order to remove sins of the disciples. In the fight of power to show, Lord Shiva created Kaal Bhairav as a light pillar, Kaal Bhairav plucked one the heads of Lord Brahma with anger and reached Kasi to get away from the sin. This place is famed as the Kapal Mochan Teerth.","Jun 2018 • Friends","","","","2024-03-22T09:03:38Z"
"Batuk Bhairav Mandir","","g297685","d7700994","4.5","https://www.tripadvisor.com/ShowUserReviews-g297685-d7700994-r569003393-Batuk_Bhairav_Mandir-Varanasi_Varanasi_District_Uttar_Pradesh.html","https://dynamic-media-cdn.tripadvisor.com/media/photo-o/1a/53/7b/5a/avatar.jpg?w=100&h=-1&s=1","5.0 of 5 bubbles","interesting history",937,"was there at 2.40 pm and so had to wait till 3 pm for the temple to open. It is actually a very old temple and has lots of history associated with it which you will learn when u r there. the pandit ji of the temple will tell u all if u r interested.. u can also visit the kamakhya devi temple some 50 metres away from this place , it opens at 4.00 pm after the noon close.","Mar 2018 • Family","","","","2024-03-22T09:03:38Z"
"Batuk Bhairav Mandir","","g297685","d7700994","4.5","https://www.tripadvisor.com/ShowUserReviews-g297685-d7700994-r563998488-Batuk_Bhairav_Mandir-Varanasi_Varanasi_District_Uttar_Pradesh.html","https://dynamic-media-cdn.tripadvisor.com/media/photo-o/1a/f6/ee/10/default-avatar-2020-8.jpg?w=100&h=-1&s=1","5.0 of 5 bubbles","Well worth the time - very interesting",61,"Slightly difficult to access  A good auto rickshaw driver can guide you  Twisty, winding VERY crowded streets  The temple itself is compact with considerable crowds  Definitely worth it  Non Hindus seem to be very welcome","Dec 2017 • Friends","","","","2024-03-22T09:03:38Z"
"Batuk Bhairav Mandir","","g297685","d7700994","4.5","https://www.tripadvisor.com/ShowUserReviews-g297685-d7700994-r563179773-Batuk_Bhairav_Mandir-Varanasi_Varanasi_District_Uttar_Pradesh.html","https://dynamic-media-cdn.tripadvisor.com/media/photo-o/1a/f6/f1/42/default-avatar-2020-20.jpg?w=100&h=-1&s=1","5.0 of 5 bubbles","one of the two oldest Kaal temples in India",23,"The temple is dedicated to one form of Lord Shiva. he is with the skull girland. The word ""KAAL"" means both ""death"" and ""destiny"". It is believed that even death is afraid of ""Kaal Bhairava"" He is a big problem solver and a city patron. If you want to stay in the city for a long time. Be sure to take his blessing. Black stone bracelets of Kaal available at the streets near the temple.","Feb 2018","","","","2024-03-22T09:03:38Z"
"Batuk Bhairav Mandir","","g297685","d7700994","4.5","https://www.tripadvisor.com/ShowUserReviews-g297685-d7700994-r561678189-Batuk_Bhairav_Mandir-Varanasi_Varanasi_District_Uttar_Pradesh.html","https://dynamic-media-cdn.tripadvisor.com/media/photo-o/09/03/9c/80/privish83.jpg?w=100&h=-1&s=1","5.0 of 5 bubbles","Kashi ke Kotwal",198,"People in Varanasi pronounce this temple as Kashi ke Kotwal ka temple. They believed that Lord Kaal Bhairav will protect Kashi city till the end. The temple is good and you will get huge crowd over here as well. But overall very good feeling you would get over here. Must visit place in Kashi.","Nov 2017 • Family","","","","2024-03-22T09:03:38Z"
"Batuk Bhairav Mandir","","g297685","d7700994","4.5","https://www.tripadvisor.com/ShowUserReviews-g297685-d7700994-r549760906-Batuk_Bhairav_Mandir-Varanasi_Varanasi_District_Uttar_Pradesh.html","https://dynamic-media-cdn.tripadvisor.com/media/photo-o/1a/f6/eb/43/default-avatar-2020-11.jpg?w=100&h=-1&s=1","5.0 of 5 bubbles","Kotwal of Banaras",486,"This temple is known for its great vision with the blessings of Lord Shiva.Batuk Bhairav temple is in narrow lanes of Banaras. We visited to have Darshan on 25 Dec .on this day this temple was decorated with 56 Bhogs. It was great pleasure to see such wonderful decoration on this day.We were blessed to have such Darshan","Dec 2017 • Family","","","","2024-03-22T09:03:39Z"
"Batuk Bhairav Mandir","","g297685","d7700994","4.5","https://www.tripadvisor.com/ShowUserReviews-g297685-d7700994-r546962809-Batuk_Bhairav_Mandir-Varanasi_Varanasi_District_Uttar_Pradesh.html","https://dynamic-media-cdn.tripadvisor.com/media/photo-o/11/49/df/ae/lakshmikandappan.jpg?w=100&h=-1&s=1","5.0 of 5 bubbles","Guard of varanasi",291,"In varanasi bharat is the considered to be the guard, and so we are supposed to pray here. This temple is famous for the kase thread, that people use to buy and wear in their hand for ones wellbeing.","Oct 2017","","","","2024-03-22T09:03:39Z"
"Batuk Bhairav Mandir","","g297685","d7700994","4.5","https://www.tripadvisor.com/ShowUserReviews-g297685-d7700994-r542723027-Batuk_Bhairav_Mandir-Varanasi_Varanasi_District_Uttar_Pradesh.html","https://dynamic-media-cdn.tripadvisor.com/media/photo-o/12/4b/97/91/krama200.jpg?w=100&h=-1&s=1","5.0 of 5 bubbles","Ancient Temple",180,"Also known as Kaala Bhirava Temple this is a must viait temple for Hindus. Located near Kasi Viswanath Temple you have to be guided to visit this temple as you may loose your way. Kala Bairava is said to protect Varanasi. and people worship here to ward off their evils. There is not much of an architecture. But all the way an important stop. Must visit","Nov 2017 • Couples","","","","2024-03-22T09:03:39Z"
"Batuk Bhairav Mandir","","g297685","d7700994","4.5","https://www.tripadvisor.com/ShowUserReviews-g297685-d7700994-r535557559-Batuk_Bhairav_Mandir-Varanasi_Varanasi_District_Uttar_Pradesh.html","https://dynamic-media-cdn.tripadvisor.com/media/photo-o/05/b0/10/7f/renukamalaysia.jpg?w=100&h=-1&s=1","4.0 of 5 bubbles","Hidden Temple",284,"A very popular temple but difficult to get to without a guide or local to help. Lots of winding lanes, and the temple is hidden in a neighbourhood nook. Lots of stalls selling prayers strings in different colours inside the temple itself. You can buy these strings and get them blessed and immediately wear them. It is meant for protection and to ward off evil spirits.","Oct 2017 • Friends","","","","2024-03-22T09:03:39Z"
"Batuk Bhairav Mandir","","g297685","d7700994","4.5","https://www.tripadvisor.com/ShowUserReviews-g297685-d7700994-r529751799-Batuk_Bhairav_Mandir-Varanasi_Varanasi_District_Uttar_Pradesh.html","https://dynamic-media-cdn.tripadvisor.com/media/photo-o/1a/f6/e9/60/default-avatar-2020-64.jpg?w=100&h=-1&s=1","4.0 of 5 bubbles","One of the ancient temples of Varanasi",163,"We went to this temple because it was trending on TripAdvisor. Temple of Lord Bhairav - that you don't normally find around you. So pretty unique from that perspective. We were able to do Darshan within 5-7 minutes. No rush at all, just a couple of localities and some tourists. I would have liked the premises to be a bit clean + there were too many stray dogs roaming inside the complex. Worth going to this temple if your schedule allows.","Oct 2017 • Family","","","","2024-03-22T09:03:39Z"
"Batuk Bhairav Mandir","","g297685","d7700994","4.5","https://www.tripadvisor.com/ShowUserReviews-g297685-d7700994-r529372083-Batuk_Bhairav_Mandir-Varanasi_Varanasi_District_Uttar_Pradesh.html","https://dynamic-media-cdn.tripadvisor.com/media/photo-o/1d/7f/08/82/simhavij.jpg?w=100&h=-1&s=1","5.0 of 5 bubbles","Must place to see Kaal Bhairav",357,"This is a must place for anyone visiting varanasi. Located within 2 kms of Kasi temple and you need to walk some distance as vehicles cannot access the area.","Sep 2017 • Family","","","","2024-03-22T09:03:39Z"
"Batuk Bhairav Mandir","","g297685","d7700994","4.5","https://www.tripadvisor.com/ShowUserReviews-g297685-d7700994-r528279846-Batuk_Bhairav_Mandir-Varanasi_Varanasi_District_Uttar_Pradesh.html","https://dynamic-media-cdn.tripadvisor.com/media/photo-o/08/ad/96/c6/kanchan58.jpg?w=100&h=-1&s=1","4.0 of 5 bubbles","Most religious site of Varanasi ",610,"This temple is popularly known as Kal Bhairavi Temple in Varanasi. After the Darshan of Kasi Vishwanath Temple, Kal Bhairav Darshan is a must for all Hindu Devitees as it is believed by common Hindu devotees that without the Darshan of Kal Bhairavi temple people won't get all their sins removed.","Sep 2017 • Couples","","","","2024-03-22T09:03:39Z"
"Batuk Bhairav Mandir","","g297685","d7700994","4.5","https://www.tripadvisor.com/ShowUserReviews-g297685-d7700994-r520156917-Batuk_Bhairav_Mandir-Varanasi_Varanasi_District_Uttar_Pradesh.html","https://dynamic-media-cdn.tripadvisor.com/media/photo-o/1a/f6/77/ae/default-avatar-2020-2.jpg?w=100&h=-1&s=1","4.0 of 5 bubbles","This must be tha Kala Bharav temple.",149,"The very important temple is well located and the parking is nearby. Long lines of devotees stand in winding queues through the byelanes. The priest does n excellent job. The main vigraha (idol) is hidden behind a screen and the Bhairav's face is attached as a silver kavach to the main idol. An impressive temple, it has a high following among the Hindus and is popular.","Aug 2017 • Couples","","","","2024-03-22T09:03:39Z"
"Batuk Bhairav Mandir","","g297685","d7700994","4.5","https://www.tripadvisor.com/ShowUserReviews-g297685-d7700994-r510014962-Batuk_Bhairav_Mandir-Varanasi_Varanasi_District_Uttar_Pradesh.html","https://dynamic-media-cdn.tripadvisor.com/media/photo-o/1a/f6/7c/01/default-avatar-2020-5.jpg?w=100&h=-1&s=1","5.0 of 5 bubbles","Must visit when visiting Kashi",188,"Kaal Bhairav ji is the kotwal of Kashi, no one is allowed to enter Kashi without his permission. Also Kashi visit and as many darshans you do is not complete or fruitful if you do not visit Kaal Bhairav ji.The temple is located in narrow lane, so one has to walk quite a bit after parking the vehicle. Beware of the cow dung on the roads.","Aug 2017 • Couples","","","","2024-03-22T09:03:39Z"
"Batuk Bhairav Mandir","","g297685","d7700994","4.5","https://www.tripadvisor.com/ShowUserReviews-g297685-d7700994-r508953149-Batuk_Bhairav_Mandir-Varanasi_Varanasi_District_Uttar_Pradesh.html","https://dynamic-media-cdn.tripadvisor.com/media/photo-o/1a/f6/ec/a2/default-avatar-2020-3.jpg?w=100&h=-1&s=1","5.0 of 5 bubbles","Bum Batuk Bhairwaye Namah",13,"this is baby bhairav temple amazing energy. And here you can offering candy coockies all children stuffJai Bhairawo","Jul 2017 • Family","","","","2024-03-22T09:03:39Z"
"Batuk Bhairav Mandir","","g297685","d7700994","4.5","https://www.tripadvisor.com/ShowUserReviews-g297685-d7700994-r501146232-Batuk_Bhairav_Mandir-Varanasi_Varanasi_District_Uttar_Pradesh.html","https://dynamic-media-cdn.tripadvisor.com/media/photo-o/09/db/5e/c3/kanayo2781.jpg?w=100&h=-1&s=1","5.0 of 5 bubbles","Kaal Bhairav temple",43,"One of the most important Temple, it is little away from the Ghats, auto rickshaws are easily available. Temple shuts in the afternoon approx from 1:30pm to 3pm.","Jul 2017 • Family","","","","2024-03-22T09:03:40Z"
"Batuk Bhairav Mandir","","g297685","d7700994","4.5","https://www.tripadvisor.com/ShowUserReviews-g297685-d7700994-r487595807-Batuk_Bhairav_Mandir-Varanasi_Varanasi_District_Uttar_Pradesh.html","https://dynamic-media-cdn.tripadvisor.com/media/photo-o/0f/3f/94/07/sriramhome.jpg?w=100&h=-1&s=1","4.0 of 5 bubbles","Kasi Visit",21,"Kal Bhairav is said to allow visitors to Kasi so all religious minded visitors  will enjoy visiting this temple with plenty of ancient folklore","Apr 2017","","","","2024-03-22T09:03:40Z"
"Batuk Bhairav Mandir","","g297685","d7700994","4.5","https://www.tripadvisor.com/ShowUserReviews-g297685-d7700994-r480569655-Batuk_Bhairav_Mandir-Varanasi_Varanasi_District_Uttar_Pradesh.html","https://dynamic-media-cdn.tripadvisor.com/media/photo-o/1a/f6/e6/ea/default-avatar-2020-54.jpg?w=100&h=-1&s=1","3.0 of 5 bubbles","Kaal Bhairav temple",584,"Located near the Kashi Viswanath temple, this temple is dedicated to Kaal Bhairav. He is said to be the protector of Varanasi and every visitor to the city must visit him.","Apr 2017 • Family","","","","2024-03-22T09:03:40Z"
"Batuk Bhairav Mandir","","g297685","d7700994","4.5","https://www.tripadvisor.com/ShowUserReviews-g297685-d7700994-r477923277-Batuk_Bhairav_Mandir-Varanasi_Varanasi_District_Uttar_Pradesh.html","https://dynamic-media-cdn.tripadvisor.com/media/photo-o/0e/6c/90/ef/santosh-n-thorat.jpg?w=100&h=-1&s=1","3.0 of 5 bubbles","Kaal Bhairav Temple",627,"This temple is just 2 KM from Godolia crossing.Our boat rower(Moti Manjhi) suggested us to visit this temple.According to people each and every person who visits Kashi Vishwanath Temple should also visit this temple.This temple is very famous and also one of the oldest temples of Varanasi.To reach this temple you should hire auto-rickshaw or battery operated vehicle. Since you have to pass through narrow lanes.Temple has two doors. Beware of touts and thief's.","Apr 2017 • Family","","","","2024-03-22T09:03:40Z"
"Batuk Bhairav Mandir","","g297685","d7700994","4.5","https://www.tripadvisor.com/ShowUserReviews-g297685-d7700994-r476456683-Batuk_Bhairav_Mandir-Varanasi_Varanasi_District_Uttar_Pradesh.html","https://dynamic-media-cdn.tripadvisor.com/media/photo-o/1a/f6/ea/2e/default-avatar-2020-67.jpg?w=100&h=-1&s=1","4.0 of 5 bubbles","Kotwal of Kashi ",329,"A temple of Bhairav in the narrow lanes of city a little away from Kashi vishav Nath temple is also known Kotwal of Kashi. He is believed to guard the city from every evils.","Apr 2017 • Couples","","","","2024-03-22T09:03:40Z"
"Batuk Bhairav Mandir","","g297685","d7700994","4.5","https://www.tripadvisor.com/ShowUserReviews-g297685-d7700994-r469989224-Batuk_Bhairav_Mandir-Varanasi_Varanasi_District_Uttar_Pradesh.html","https://dynamic-media-cdn.tripadvisor.com/media/photo-o/10/bd/46/7c/kimsanil.jpg?w=100&h=-1&s=1","4.0 of 5 bubbles","Kaal Bhairav Mandir - The Kotwal of Banaras",275,"This mandir is also known as Kaal Bhairav Mandir and most of the pilgrims visit this temple along with Kashi vishwanath temple in Varanasi. Its in the old city and bit away from the main temple of kashi vishwanth and also the ghats. The temple is located in a narrow by lanes and once u enter the temple the chants and the bell sounds vibrate. The bilief is that, this Shiva is supposed to safe guard the residents of the city and hence lots of locals and tourists visit to seek blessings. Better to visit early in the morning say around 5-6 am so that u can have a better darshan of Kaal Bhairav.","Mar 2017","","","","2024-03-22T09:03:40Z"
"Batuk Bhairav Mandir","","g297685","d7700994","4.5","https://www.tripadvisor.com/ShowUserReviews-g297685-d7700994-r468255942-Batuk_Bhairav_Mandir-Varanasi_Varanasi_District_Uttar_Pradesh.html","https://dynamic-media-cdn.tripadvisor.com/media/photo-o/1a/f6/ee/68/default-avatar-2020-9.jpg?w=100&h=-1&s=1","5.0 of 5 bubbles","Gem.",15,"Interesting temple to visit. Very historical and off the usual temple visits path but definitely worth seeing. You can see Hindu ceremonies in action and a very peaceful ambience pervades. Highly recommended","Feb 2017 • Solo","","","","2024-03-22T09:03:40Z"
"Batuk Bhairav Mandir","","g297685","d7700994","4.5","https://www.tripadvisor.com/ShowUserReviews-g297685-d7700994-r467473358-Batuk_Bhairav_Mandir-Varanasi_Varanasi_District_Uttar_Pradesh.html","https://dynamic-media-cdn.tripadvisor.com/media/photo-o/1a/f6/f0/d5/default-avatar-2020-17.jpg?w=100&h=-1&s=1","5.0 of 5 bubbles","Temples of Varanasi",185,"They say this is the first temple to visit before you visit any other especially  the Kashi temple no cameras allowed inside known as the kotwal(gaurd/protector) of varanasi the entry is through narrow lanes lots of beggars and snake charmers asking for alms there are priests with peacock feathers wanting to bless you and thereafter ask for money","Mar 2017 • Couples","","","","2024-03-22T09:03:40Z"
"Batuk Bhairav Mandir","","g297685","d7700994","4.5","https://www.tripadvisor.com/ShowUserReviews-g297685-d7700994-r464414157-Batuk_Bhairav_Mandir-Varanasi_Varanasi_District_Uttar_Pradesh.html","https://dynamic-media-cdn.tripadvisor.com/media/photo-o/1a/f6/ec/a2/default-avatar-2020-3.jpg?w=100&h=-1&s=1","3.0 of 5 bubbles","Batuk bhairav",8,"located in narrow lanes... congested inside, crowded by sellers.. darshans are easy from outside the garbha griha..","Feb 2017 • Family","","","","2024-03-22T09:03:40Z"
"Batuk Bhairav Mandir","","g297685","d7700994","4.5","https://www.tripadvisor.com/ShowUserReviews-g297685-d7700994-r458813632-Batuk_Bhairav_Mandir-Varanasi_Varanasi_District_Uttar_Pradesh.html","https://dynamic-media-cdn.tripadvisor.com/media/photo-o/09/82/51/0e/murty-m.jpg?w=100&h=-1&s=1","5.0 of 5 bubbles","An intense, other-worldly experience",142,"Tucked away in a corner away from most other temples and ghats, this temple is one very intense experience. Happened to visit during the time of the evening aarti, when it's dark, and there's an increasing amount of faith-filled chanting, clapping and bell-sounding that builds into an absolute frenzy near the end. Quite the experience. Similar advice as with the other temples, though - beware of touts, especially within the temple complex itself.","Jan 2017 • Family","","","","2024-03-22T09:03:40Z"
"Batuk Bhairav Mandir","","g297685","d7700994","4.5","https://www.tripadvisor.com/ShowUserReviews-g297685-d7700994-r456854374-Batuk_Bhairav_Mandir-Varanasi_Varanasi_District_Uttar_Pradesh.html","https://dynamic-media-cdn.tripadvisor.com/media/photo-o/1a/f6/f4/5d/default-avatar-2020-32.jpg?w=100&h=-1&s=1","5.0 of 5 bubbles","KALABHAIRAVA TEMPLE, VARANASI",183,"Kotwal of Varanasi. He is also the God who gets rid of all problems. One of the oldest temples of Varanasi. The  temple is in Vishweshwarganj area. The place has to be reached by going through narrow lanes. One can buy sesame oil & flowers for ₹10/- and we can leave footwear at the shop. People also offer alcohol.The entry to the temple is narrow there is outer mantapam where one can see the Lord. The entry to inner sanctum is at the back where one can have clear darshan and the priests expect money. The offerings can be handed over to the priest who will put flowers to the lord and oil is thrown to a container which may be recycled as it is not put to God. The Lord is on His vahana Dog and has silver face.All around the temple there is  narrow path to circumvent the temple to the side of the path there is elevated platform where are seated Brahmins with inventory like red thread and other items for sale. They also have ‘Danda of Peacock feathers’ to bless the pilgrims.","Jul 2016 • Couples","","","","2024-03-22T09:03:42Z"
"Batuk Bhairav Mandir","","g297685","d7700994","4.5","https://www.tripadvisor.com/ShowUserReviews-g297685-d7700994-r448774270-Batuk_Bhairav_Mandir-Varanasi_Varanasi_District_Uttar_Pradesh.html","https://dynamic-media-cdn.tripadvisor.com/media/photo-o/0a/bc/be/02/venkatveg.jpg?w=100&h=-1&s=1","5.0 of 5 bubbles","kotwal of Varanasi",115,"Known as kotwal of Varanasi. As per tradition you are require to take permission from god to stay in Varanasi. The temple is very old and very popular among local people also. The visit is must if you visit Varanasi.","Dec 2016 • Family","","","","2024-03-22T09:03:42Z"
"Batuk Bhairav Mandir","","g297685","d7700994","4.5","https://www.tripadvisor.com/ShowUserReviews-g297685-d7700994-r446670581-Batuk_Bhairav_Mandir-Varanasi_Varanasi_District_Uttar_Pradesh.html","https://dynamic-media-cdn.tripadvisor.com/media/photo-o/07/9b/63/3b/twinkle906.jpg?w=100&h=-1&s=1","5.0 of 5 bubbles","A visit to this Kala Bhairav Temple is a must",299,"Kaal Bhairav Mandir is one of the oldest Shiva temples in Varanasi. It is Located in  Vishweshwar Ganj, 10 minutes drive from Viswanath Mandir.  The word ""Kaal"" means both ""death"" and ""fate"". It is believed that even death is afraid of ""Kaal Bhairava"". It is said that one must first visit this Mandir on entering Varanasi, as He is the protector. He is called as Kotwal of Varanasi. In case you are unable to visit this mandir first, please visit during your stay.","Oct 2016 • Couples","","","","2024-03-22T09:03:42Z"
"Batuk Bhairav Mandir","","g297685","d7700994","4.5","https://www.tripadvisor.com/ShowUserReviews-g297685-d7700994-r445991586-Batuk_Bhairav_Mandir-Varanasi_Varanasi_District_Uttar_Pradesh.html","https://dynamic-media-cdn.tripadvisor.com/media/photo-o/0d/ef/45/56/priyankprudhvi.jpg?w=100&h=-1&s=1","5.0 of 5 bubbles","Famously called as Kalabhaira temple",161,"Bhairav temple to be visited first before Kashi viswanatha temple. Here you will find the pandits will beat you and demand for money. they beat hard with some sticks. Dont worry they will be blessing with that. its tradition there","Nov 2016 • Family","","","","2024-03-22T09:03:42Z"
"Batuk Bhairav Mandir","","g297685","d7700994","4.5","https://www.tripadvisor.com/ShowUserReviews-g297685-d7700994-r433269100-Batuk_Bhairav_Mandir-Varanasi_Varanasi_District_Uttar_Pradesh.html","https://dynamic-media-cdn.tripadvisor.com/media/photo-s/02/87/14/0f/loki-knows.jpg?w=100&h=-1&s=1","5.0 of 5 bubbles","Most Visited",921,"Kalabhairav temple is one of the most visited temples in Varanasi. Lots of people visit this temple to get the blessings o Kalabhairava who is a very powerful god in town. Legend says that there should be a Kalabhairava temple in all the shakthi sthals and the kalabhairava protects maa parvati. The temple has the statue of kalabhairava and lots of religious ceremonies are performed by devotees.  Do visit this powerful temple and get the blessings of kalabhairava.","Nov 2015 • Couples","","","","2024-03-22T09:03:42Z"
"Batuk Bhairav Mandir","","g297685","d7700994","4.5","https://www.tripadvisor.com/ShowUserReviews-g297685-d7700994-r422510696-Batuk_Bhairav_Mandir-Varanasi_Varanasi_District_Uttar_Pradesh.html","https://dynamic-media-cdn.tripadvisor.com/media/photo-o/1a/f6/e2/4a/default-avatar-2020-42.jpg?w=100&h=-1&s=1","5.0 of 5 bubbles","Powerful deity",77,"powerful deity to ward of all evil spirits bothering you. Considered a must for completing visit to Kashi.","Sep 2016 • Family","","","","2024-03-22T09:03:42Z"
"Batuk Bhairav Mandir","","g297685","d7700994","4.5","https://www.tripadvisor.com/ShowUserReviews-g297685-d7700994-r411711621-Batuk_Bhairav_Mandir-Varanasi_Varanasi_District_Uttar_Pradesh.html","https://dynamic-media-cdn.tripadvisor.com/media/photo-o/1a/f6/ee/10/default-avatar-2020-8.jpg?w=100&h=-1&s=1","5.0 of 5 bubbles","Lord Bhairav Blessings",43,"Visited Varanasi for the 1st time n made a point to visit all the sacred and devotional places. Bhairav temple was one of its kind where u could feel peace and also in form of blessing flower mala and black dhaga which keeps u away from all evil kinds. Should definately visit whenever in Varanasi.","Jul 2016 • Business","","","","2024-03-22T09:03:42Z"
"Batuk Bhairav Mandir","","g297685","d7700994","4.5","https://www.tripadvisor.com/ShowUserReviews-g297685-d7700994-r411491564-Batuk_Bhairav_Mandir-Varanasi_Varanasi_District_Uttar_Pradesh.html","https://dynamic-media-cdn.tripadvisor.com/media/photo-o/05/3d/b0/b5/ratnesh045.jpg?w=100&h=-1&s=1","4.0 of 5 bubbles","Kaal Bhairav - The Kotwal of Varnasi",547,"So many times I happen to visit Varanasi and paid obeisance to Lord Vishwanath, but had never visited Kaal Bhairav mandir situated just around 2 km north of Lord Voshwanath temple.  I got this opportunity on 26.08.2016. After paying my obeisance to Lord Vishwanath, I came out on the main road thru' narrow lanes and took a cycle rikshaw and reached the ancient Kaal Bhairav Mandir. It is situated inside bylanes, the passage is too congested, but a devotee never minds it. Had Darshan and came out. Not much crowd there, only a few devotees at the time I visited.  In the peripheral area, a number of shopkeepers may call you for blessings with peacock sticks. It is said that Kaal Bhairav is the ""Kotwal"" of Varanasi who guards the city and one can stay in this holy city only with His permission.","Aug 2016 • Family","","","","2024-03-22T09:03:42Z"
"Batuk Bhairav Mandir","","g297685","d7700994","4.5","https://www.tripadvisor.com/ShowUserReviews-g297685-d7700994-r410931029-Batuk_Bhairav_Mandir-Varanasi_Varanasi_District_Uttar_Pradesh.html","https://dynamic-media-cdn.tripadvisor.com/media/photo-o/1a/f6/df/2b/default-avatar-2020-39.jpg?w=100&h=-1&s=1","3.0 of 5 bubbles","very congested could be kept neater",105,"the mandir is small but could be kept neater and crowd management better than treating people like cattle","Aug 2016 • Couples","","","","2024-03-22T09:03:42Z"
"Batuk Bhairav Mandir","","g297685","d7700994","4.5","https://www.tripadvisor.com/ShowUserReviews-g297685-d7700994-r408105181-Batuk_Bhairav_Mandir-Varanasi_Varanasi_District_Uttar_Pradesh.html","https://dynamic-media-cdn.tripadvisor.com/media/photo-o/1a/f6/e9/bb/default-avatar-2020-65.jpg?w=100&h=-1&s=1","4.0 of 5 bubbles","VISIT TO BATUK BHAIRAV TEMPLE",36,"This is the temple of Lord Bhairava. In fact, Lord Bhairav is known as Kotwal of Varanasi. Prople believe that if someone has to reside at Varansi, he should visit this temple as a token of permission from Lord Bhairava.","Oct 2015 • Family","","","","2024-03-22T09:03:42Z"
"Batuk Bhairav Mandir","","g297685","d7700994","4.5","https://www.tripadvisor.com/ShowUserReviews-g297685-d7700994-r391933427-Batuk_Bhairav_Mandir-Varanasi_Varanasi_District_Uttar_Pradesh.html","https://dynamic-media-cdn.tripadvisor.com/media/photo-o/1a/f6/e6/ea/default-avatar-2020-54.jpg?w=100&h=-1&s=1","5.0 of 5 bubbles","Peaceful Darshan",180,"Visited the temple late in the morning on a Monday. Not many devotees around and the Darshan could be completed peacefully and at liesure","Jul 2016 • Family","","","","2024-03-22T09:03:43Z"
"Batuk Bhairav Mandir","","g297685","d7700994","4.5","https://www.tripadvisor.com/ShowUserReviews-g297685-d7700994-r390274470-Batuk_Bhairav_Mandir-Varanasi_Varanasi_District_Uttar_Pradesh.html","https://dynamic-media-cdn.tripadvisor.com/media/photo-o/09/66/b9/5f/shishir-g.jpg?w=100&h=-1&s=1","3.0 of 5 bubbles","One of the Eight Bhairavas in Varanasi",335,"Located 200 mtrs inside from the main road at Kamachha about 4 kms from railway station, this temple is said to prevent its visitors from any sort of black magic. It is believed that regular visit to this temple will make your life hassle free and arranged. Batuk Bhairav is said to be child form of Baba Kal Bhairav. Dogs are fed here as they are believed to be official vehicle of Batuk Bhairav. Peaceful temple with more crowd on tuesday and sunday.","Sep 2015 • Couples","","","","2024-03-22T09:03:43Z"
"Batuk Bhairav Mandir","","g297685","d7700994","4.5","https://www.tripadvisor.com/ShowUserReviews-g297685-d7700994-r386286527-Batuk_Bhairav_Mandir-Varanasi_Varanasi_District_Uttar_Pradesh.html","https://dynamic-media-cdn.tripadvisor.com/media/photo-o/23/e4/ec/19/stutidas23.jpg?w=100&h=-1&s=1","5.0 of 5 bubbles","Must visit before visiting Kashi Vishwanath Temple",79,"Ensure you do darshan at this temple before visiting Kashi Vishwanath temple. It is said that without doing this your Kashi visit is incomplete","May 2016 • Family","","","","2024-03-22T09:03:43Z"
"Batuk Bhairav Mandir","","g297685","d7700994","4.5","https://www.tripadvisor.com/ShowUserReviews-g297685-d7700994-r385315099-Batuk_Bhairav_Mandir-Varanasi_Varanasi_District_Uttar_Pradesh.html","https://dynamic-media-cdn.tripadvisor.com/media/photo-o/1a/f6/7c/01/default-avatar-2020-5.jpg?w=100&h=-1&s=1","5.0 of 5 bubbles","Kal bhairav, the police commissioner of Varanasi",47,"I would have loved to share a photo but photography was strictly prohibited inside.Kal bhairav ji is called the Kotwal or Chief Commissioner of Police, Kashi .He is the swallower of sins.You have to offer oil and incense to him.This place is 1.3 km from Godowlia 4 point crossing.His holy thread keeps evil spirits at bay .Even it is said that till he permits no one can even enter Kashi","Jun 2016 • Couples","","","","2024-03-22T09:03:43Z"
"Batuk Bhairav Mandir","","g297685","d7700994","4.5","https://www.tripadvisor.com/ShowUserReviews-g297685-d7700994-r371475068-Batuk_Bhairav_Mandir-Varanasi_Varanasi_District_Uttar_Pradesh.html","https://dynamic-media-cdn.tripadvisor.com/media/photo-o/1a/f6/e2/11/default-avatar-2020-41.jpg?w=100&h=-1&s=1","4.0 of 5 bubbles","Also Known as Kala Bhairava Mandir",478,"The Kala Bhairav Mandir is dedicated to Lord Shiva (known as Kala Bhairav in one of his forms). The temple is about 5-10 mins walk from the famous Kashi Vishwanath Mandir. The temple is quiet neat and clean. One has to be a bit watchful for various pujaris who will try and convince you to perform a small puja and demand guru dakshana (money) for the same. However if you don't show any interest they don't pursue you.","Feb 2016 • Couples","","","","2024-03-22T09:03:43Z"
"Batuk Bhairav Mandir","","g297685","d7700994","4.5","https://www.tripadvisor.com/ShowUserReviews-g297685-d7700994-r366494283-Batuk_Bhairav_Mandir-Varanasi_Varanasi_District_Uttar_Pradesh.html","https://dynamic-media-cdn.tripadvisor.com/media/photo-o/1c/b1/7e/74/avatar.jpg?w=100&h=-1&s=1","4.0 of 5 bubbles","Visit this temple is must to complete your pilgrimage",167,"I heard your pilgrimage is not complete unless and until you visit Bhairav temple at the end of your visit to Varanasi.  You offer liquor and prasad to the Lord Bhairava.  Beware of the Pandits who will demand for money (unsatisfied)","Apr 2016","","","","2024-03-22T09:03:43Z"
"Batuk Bhairav Mandir","","g297685","d7700994","4.5","https://www.tripadvisor.com/ShowUserReviews-g297685-d7700994-r362253603-Batuk_Bhairav_Mandir-Varanasi_Varanasi_District_Uttar_Pradesh.html","https://dynamic-media-cdn.tripadvisor.com/media/photo-o/0a/d1/21/13/srnayak.jpg?w=100&h=-1&s=1","5.0 of 5 bubbles","Kaal Bhairav Mandir",91,"This temple is at Vishweshwarganj , near Kashi Vishwanath Temple. The timings are 5.00 am to 1.30 pm and again 4.30 pm to 9.30 pm.As per 4 vedas Lord Shiva was considered supreme. But Lord Brahma and Lord Vishnu did not agree with the decision of Vedas. Then Shiva came with powerful divine shine in their centre. Brahma became angry with this. So Shiva created a new being known as the king of Kaal, means the Kaala Bhairava. It is said that Kaal Bhairava will forever be in Kashi to remove the sins of the devotees. Kaal Bhairav is also known as Paap Bhakshak.A visit to this temple is a must during the trip to Kashi to remove all the sins.","Mar 2016 • Couples","","","","2024-03-22T09:03:43Z"
"Batuk Bhairav Mandir","","g297685","d7700994","4.5","https://www.tripadvisor.com/ShowUserReviews-g297685-d7700994-r355000247-Batuk_Bhairav_Mandir-Varanasi_Varanasi_District_Uttar_Pradesh.html","https://dynamic-media-cdn.tripadvisor.com/media/photo-o/1a/f6/e3/6a/default-avatar-2020-47.jpg?w=100&h=-1&s=1","4.0 of 5 bubbles","Kala bhirava mandir",717,"This temple is situated near by lanes of kashi vishwanatha temple, fully energetic & peaceful, people visit this temple first before visiting main diety kashi vishwanath,","Feb 2016 • Business","","","","2024-03-22T09:03:43Z"
"Batuk Bhairav Mandir","","g297685","d7700994","4.5","https://www.tripadvisor.com/ShowUserReviews-g297685-d7700994-r348780487-Batuk_Bhairav_Mandir-Varanasi_Varanasi_District_Uttar_Pradesh.html","https://dynamic-media-cdn.tripadvisor.com/media/photo-o/02/59/dd/c7/karswarna.jpg?w=100&h=-1&s=1","3.0 of 5 bubbles","We have to rush in the lanes of Vanarash to get the glimpse of Batuka Bhairav",23,"Not so big or prominent but there was a good crowd even in the  morning.We have to rush in the lanes of Vanarash to get the glimpse of Batuka Bhairav, so that we could go to other places of interest  before catching the flight which was scheduled to leave by 12.30AM.Actually I wanted to visit Bhairav temple which I generally do in every possible Saibakhytra.","Feb 2016 • Couples","","","","2024-03-22T09:03:43Z"
"Batuk Bhairav Mandir","","g297685","d7700994","4.5","https://www.tripadvisor.com/ShowUserReviews-g297685-d7700994-r344678596-Batuk_Bhairav_Mandir-Varanasi_Varanasi_District_Uttar_Pradesh.html","https://dynamic-media-cdn.tripadvisor.com/media/photo-o/0a/37/19/c1/kum-p.jpg?w=100&h=-1&s=1","4.0 of 5 bubbles","A short visit but a good visit",28,"We went very early in the morning hence it was quite and peaceful to do a prayer.  Really peaceful and able to time to sit quietly for a while.","Jan 2016 • Family","","","","2024-03-22T09:03:43Z"
"Batuk Bhairav Mandir","","g297685","d7700994","4.5","https://www.tripadvisor.com/ShowUserReviews-g297685-d7700994-r339544195-Batuk_Bhairav_Mandir-Varanasi_Varanasi_District_Uttar_Pradesh.html","https://dynamic-media-cdn.tripadvisor.com/media/photo-o/0a/61/c6/63/gundeep.jpg?w=100&h=-1&s=1","4.0 of 5 bubbles","Black Magic Temple",381,"Was told this is on of the must temples to visit, hence early morning visit happened post the boat ride. Kala Bhairav is considered quite esteem-ly by the Aghori’s and tantric (black magic). Kal Bhairav is considered to be protecting us. Do have Malliyo along in one of the sweet shops.","Nov 2015 • Friends","","","","2024-03-22T09:03:44Z"
"Batuk Bhairav Mandir","","g297685","d7700994","4.5","https://www.tripadvisor.com/ShowUserReviews-g297685-d7700994-r336178597-Batuk_Bhairav_Mandir-Varanasi_Varanasi_District_Uttar_Pradesh.html","https://dynamic-media-cdn.tripadvisor.com/media/photo-o/07/6f/34/64/themadhyam.jpg?w=100&h=-1&s=1","5.0 of 5 bubbles","Form of Child Lord Shiva...Bam Batukay Namh:",163,"Though not prominently known in the tourism sector but Lord Batuk (Child) Bharavnathji is a very pious and Holy Temple known for fulfilling wishes of every devotee who genuinely prays and worships the child form of Lord Shiva.The mantra, 'Bam Batukay Namh' when chanted regularly and with devotion is known and believed to cater to the prayers of the devotee.It is located in the city and accessible to all trasportation mediums. Varanasi is a city of Holy deities and if a traveler who is truly spiritual must shortlist the visit to this temple with prior chanting of above Mantra and you will be surprised to see your prayers being answered.","Dec 2015 • Couples","","","","2024-03-22T09:03:44Z"
"Batuk Bhairav Mandir","","g297685","d7700994","4.5","https://www.tripadvisor.com/ShowUserReviews-g297685-d7700994-r333462638-Batuk_Bhairav_Mandir-Varanasi_Varanasi_District_Uttar_Pradesh.html","https://dynamic-media-cdn.tripadvisor.com/media/photo-o/07/ab/ac/76/zindgi123in.jpg?w=100&h=-1&s=1","4.0 of 5 bubbles","good place to visit local in varanasi",136,"one of good place to see when u r in varanasi & visit local places.must visit this place.offer wine to lord bhairva.","Jan 2015 • Friends","","","","2024-03-22T09:03:44Z"
"Batuk Bhairav Mandir","","g297685","d7700994","4.5","https://www.tripadvisor.com/ShowUserReviews-g297685-d7700994-r319100587-Batuk_Bhairav_Mandir-Varanasi_Varanasi_District_Uttar_Pradesh.html","https://dynamic-media-cdn.tripadvisor.com/media/photo-o/1a/f6/f4/5d/default-avatar-2020-32.jpg?w=100&h=-1&s=1","5.0 of 5 bubbles","Puja at Kala Bairav mandir",2,"We arrived there after the Ganga Aarthi and was just in time to participate in the puja at the kala Bairav mandir.  In Hindu Spirituality Kala Bairav offers protection to us from evil.  Great Experience","Oct 2015 • Couples","","","","2024-03-22T09:03:44Z"
"Batuk Bhairav Mandir","","g297685","d7700994","4.5","https://www.tripadvisor.com/ShowUserReviews-g297685-d7700994-r310132145-Batuk_Bhairav_Mandir-Varanasi_Varanasi_District_Uttar_Pradesh.html","https://dynamic-media-cdn.tripadvisor.com/media/photo-o/1a/f6/ec/a2/default-avatar-2020-3.jpg?w=100&h=-1&s=1","5.0 of 5 bubbles","good energy",7,"very very good energy esp. for me who worships bhairava. the priest was very friendly and personal with each individual.a must go place for those who wants to enjoy some sort of worship.","Aug 2015 • Couples","","","","2024-03-22T09:03:44Z"
"Batuk Bhairav Mandir","","g297685","d7700994","4.5","https://www.tripadvisor.com/ShowUserReviews-g297685-d7700994-r308820169-Batuk_Bhairav_Mandir-Varanasi_Varanasi_District_Uttar_Pradesh.html","https://dynamic-media-cdn.tripadvisor.com/media/photo-o/10/f8/cf/06/jagdishjagdish.jpg?w=100&h=-1&s=1","4.0 of 5 bubbles","A Nice Temple",20,"Batuk Bhairav Temple is a main attraction for Tantrik community and also for Aghori’s . But though common men also very much devoted and has so much of faith in Shree Batuk Bhairav. In this temple there is Akhand Deep (lamp which burns for ever) and its believed to have magical powers of Lord Bhairav .Recommended to visit this place once.","Sep 2015 • Couples","","","","2024-03-22T09:03:44Z"
"Batuk Bhairav Mandir","","g297685","d7700994","4.5","https://www.tripadvisor.com/ShowUserReviews-g297685-d7700994-r308060196-Batuk_Bhairav_Mandir-Varanasi_Varanasi_District_Uttar_Pradesh.html","https://dynamic-media-cdn.tripadvisor.com/media/photo-l/01/2a/fd/9c/avatar.jpg?w=100&h=-1&s=1","5.0 of 5 bubbles","Jai Bhairav Baba",64,"Jai Bairav Baba ki . This is also a must visit after Shree Vishwanath Mandir. Bhairav baba will protect you from all eveil forces.","Aug 2015 • Business","","","","2024-03-22T09:03:44Z"
"Batuk Bhairav Mandir","","g297685","d7700994","4.5","https://www.tripadvisor.com/ShowUserReviews-g297685-d7700994-r307464791-Batuk_Bhairav_Mandir-Varanasi_Varanasi_District_Uttar_Pradesh.html","https://dynamic-media-cdn.tripadvisor.com/media/photo-o/1a/f6/f1/79/default-avatar-2020-21.jpg?w=100&h=-1&s=1","5.0 of 5 bubbles","For Devotees only",183,"5 stars if you are a Tantric devotee of Lord Bhairava, otherwise don't treat religious spots as tourist attractions.","Feb 2015 • Solo","","","","2024-03-22T09:03:44Z"
"Batuk Bhairav Mandir","","g297685","d7700994","4.5","https://www.tripadvisor.com/ShowUserReviews-g297685-d7700994-r289408165-Batuk_Bhairav_Mandir-Varanasi_Varanasi_District_Uttar_Pradesh.html","https://dynamic-media-cdn.tripadvisor.com/media/photo-o/0f/3d/8a/55/sachin0408.jpg?w=100&h=-1&s=1","4.0 of 5 bubbles","Must Visit for Lord Shiva's Followers",938,"Batuk Bhairav Temple is believed to be a huge attraction and a place of the utmost importance among the Aghori and the Tantrik communities. The Akhand Deep - which is believed to be a lamp which shall burn forever, is also said to contain magical powers of Lord Bhairav himself. The temple premises is full of dogs, who are believed to be the vaahan (vehicle) of Lord Bhairav and it is also believed that during the time of the aarti, the dogs here produce a sound which is quite similar to the music emanating from the shankha (conch shells) This temple is of prime importance in every Pilgrim’s radar and in this temple town of Varanasi it’s a must visit.","Sep 2014 • Friends","","","","2024-03-22T09:03:44Z"
"Batuk Bhairav Mandir","","g297685","d7700994","4.5","https://www.tripadvisor.com/ShowUserReviews-g297685-d7700994-r253775083-Batuk_Bhairav_Mandir-Varanasi_Varanasi_District_Uttar_Pradesh.html","https://dynamic-media-cdn.tripadvisor.com/media/photo-o/1a/f6/e2/4a/default-avatar-2020-42.jpg?w=100&h=-1&s=1","5.0 of 5 bubbles","Lord Shiva",28,"Some says Lord Batuk Bhairav guards the southern approach to Lord Shiva. Lord Shiva heards prayers only if pilgrimmer takes permission from one of his Bhairavs. some also says Lord Batuk Bhairav is actually the child form of Lord Shiva himself. I am not sure about these says. But this temple ofcource gives peace. Lord Batuk Bhairav is very kind by heart and my most of the wishes were fulfilled whenever I asked it from Lord. I will recommend every one to visit Lord batuk Bhairav.","Oct 2014 • Solo","","","","2024-03-22T09:03:44Z"
