"names","address","geo_id","hotel_id","rating","url","profile_image","review_score","review_heading","profile_contr","review_body","date_of_stay","company_responder","company_response","company_response_date","timestamp"
"Bharat Kala Bhavan","Varanasi Uttar Pradesh","g297685","d478217","4.0","https://www.tripadvisor.com/ShowUserReviews-g297685-d478217-r837051420-Bharat_Kala_Bhavan-Varanasi_Varanasi_District_Uttar_Pradesh.html","https://dynamic-media-cdn.tripadvisor.com/media/photo-o/10/5a/fb/5c/sunilagrawa111.jpg?w=100&h=-1&s=1","4.0 of 5 bubbles","Small  but very good museum",55,"I have been a student of Deptt of Business Managent at BHU.This museum is located just opposite to Mgr deptRecently I got an opportunity to visit again after 48 years.It's still wonderful place","Apr 2022 • Couples","","","","2024-03-22T09:22:49Z"
"Bharat Kala Bhavan","Varanasi Uttar Pradesh","g297685","d478217","4.0","https://www.tripadvisor.com/ShowUserReviews-g297685-d478217-r749619104-Bharat_Kala_Bhavan-Varanasi_Varanasi_District_Uttar_Pradesh.html","https://dynamic-media-cdn.tripadvisor.com/media/photo-o/14/f8/49/fb/t2011pqcarol.jpg?w=100&h=-1&s=1","5.0 of 5 bubbles","Outstanding Sculpture, Paintings, Jewelry, Texiles",146,"This museum was an unexpected highlight of our visit to Varanasi. It’s collections are outstanding, and beautifully displayed with excellent lighting for sculpture and a spacious arrangement of materials on view. Overall, an exceptional experience and highly recommended to get an overview of Indian art, especially sculpture, painting (miniatures/album paintings and book illustrations), textiles, and don’t miss the treasury (strong room)!","Feb 2020 • Friends","","","","2024-03-22T09:22:49Z"
"Bharat Kala Bhavan","Varanasi Uttar Pradesh","g297685","d478217","4.0","https://www.tripadvisor.com/ShowUserReviews-g297685-d478217-r737538960-Bharat_Kala_Bhavan-Varanasi_Varanasi_District_Uttar_Pradesh.html","https://dynamic-media-cdn.tripadvisor.com/media/photo-o/1a/f6/e5/66/default-avatar-2020-53.jpg?w=100&h=-1&s=1","4.0 of 5 bubbles","A  museum with hundreds of ancient cultural objects belonging to a University.",53,"Take 1 to 4 hours to see the two floors. Great and quick glance at ancient Indian culture for both Indians and foreigners. Some massive sculptures and enigmatic rare forms of images of Gods. A decree of Aurangzeb, Mogul Emperor of India in Nastaliq persian. Coins, jewellery, arms, pottery etc Works of Swiss artist Alice Boner and Roerich. Interesting overall glance.","Dec 2019","","","","2024-03-22T09:22:49Z"
"Bharat Kala Bhavan","Varanasi Uttar Pradesh","g297685","d478217","4.0","https://www.tripadvisor.com/ShowUserReviews-g297685-d478217-r732780572-Bharat_Kala_Bhavan-Varanasi_Varanasi_District_Uttar_Pradesh.html","https://dynamic-media-cdn.tripadvisor.com/media/photo-o/1a/f6/df/99/default-avatar-2020-40.jpg?w=100&h=-1&s=1","5.0 of 5 bubbles","A hidden gem",33,"Sadly most tourists do not visit the Bharat Kala Bhavan at Banaras Hindu University. They are definitely missing a great museum. I spent two hours there. The museum is quite big. There was a temporary exhibition on Indian purses, which was very unique, showcasing traditional handcrafted purses from all over India. The pieces are well displayed and most of them have tags in Hindi and English. Besides sculptures, paintings, coins, terracotta, and textiles, there are unique galleries. There is an amazing gallery on the life and work of Alice Boner, a painter and sculptor who lived in India. There is another gallery with some of the works of Nicholas Roerich, a Russian painter who traveled to India. You can also learn a lot about Madan Mohan Malaviya, the founder of BHU. Cameras and cellphones are not allowed inside the museum. You will have to put these items in a locker near the entrance of the museum.","Dec 2019","","","","2024-03-22T09:22:49Z"
"Bharat Kala Bhavan","Varanasi Uttar Pradesh","g297685","d478217","4.0","https://www.tripadvisor.com/ShowUserReviews-g297685-d478217-r729157453-Bharat_Kala_Bhavan-Varanasi_Varanasi_District_Uttar_Pradesh.html","https://dynamic-media-cdn.tripadvisor.com/media/photo-o/1a/f6/eb/e3/default-avatar-2020-59.jpg?w=100&h=-1&s=1","4.0 of 5 bubbles","Art lovers don’t miss this place",76,"It has beautiful collection of rare paintings . I loved it . Even the entry fee not high . My husband was very happy after visiting here .","Oct 2019 • Friends","","","","2024-03-22T09:22:49Z"
"Bharat Kala Bhavan","Varanasi Uttar Pradesh","g297685","d478217","4.0","https://www.tripadvisor.com/ShowUserReviews-g297685-d478217-r720395996-Bharat_Kala_Bhavan-Varanasi_Varanasi_District_Uttar_Pradesh.html","https://dynamic-media-cdn.tripadvisor.com/media/photo-o/1a/f6/e2/e6/default-avatar-2020-45.jpg?w=100&h=-1&s=1","4.0 of 5 bubbles","Surprising museum",43,"Hidden away within the University complex, this museum should form part of every visitor interested in Indian art forms. The collection of miniature paintings is brilliant. Don't understand why it forms part of so few tourist itineraries. The museum itself is somewhat run down and in need of the 250INRs charged for entry.","Oct 2019 • Couples","","","","2024-03-22T09:22:49Z"
"Bharat Kala Bhavan","Varanasi Uttar Pradesh","g297685","d478217","4.0","https://www.tripadvisor.com/ShowUserReviews-g297685-d478217-r710091188-Bharat_Kala_Bhavan-Varanasi_Varanasi_District_Uttar_Pradesh.html","https://dynamic-media-cdn.tripadvisor.com/media/photo-o/1a/f6/7c/01/default-avatar-2020-5.jpg?w=100&h=-1&s=1","5.0 of 5 bubbles","Art is the best option  ",175,"it is a place where Many people visit to see art of artist and they paint many of very useful and learning  art soo visit  and enjoy  it","Sep 2019 • Friends","","","","2024-03-22T09:22:49Z"
"Bharat Kala Bhavan","Varanasi Uttar Pradesh","g297685","d478217","4.0","https://www.tripadvisor.com/ShowUserReviews-g297685-d478217-r706460659-Bharat_Kala_Bhavan-Varanasi_Varanasi_District_Uttar_Pradesh.html","https://dynamic-media-cdn.tripadvisor.com/media/photo-o/1a/f6/f1/06/default-avatar-2020-18.jpg?w=100&h=-1&s=1","5.0 of 5 bubbles","An excellent and sometimes eccentric collection",273,"I highly recommend spending time here.  Some truly fine and rare examples of stone sculpture, a huge room  of miniature Mughal paintings, rooms devoted to modern artists and patrons of the arts in Varanasi.","Sep 2019","","","","2024-03-22T09:22:49Z"
"Bharat Kala Bhavan","Varanasi Uttar Pradesh","g297685","d478217","4.0","https://www.tripadvisor.com/ShowUserReviews-g297685-d478217-r664472365-Bharat_Kala_Bhavan-Varanasi_Varanasi_District_Uttar_Pradesh.html","https://dynamic-media-cdn.tripadvisor.com/media/photo-o/18/0c/07/dd/liavmadrid.jpg?w=100&h=-1&s=1","3.0 of 5 bubbles","Nice collection but terrible display and staff.",96,"The only reason I give it 3 stars and not 1 is because of the fine collection of artifacts and pictures they have. The museum itself and its staff are doing the best they can to discourage one from enjoying it.It starts at the ticket counter, when they didn't have change nor could Iuse my cards (not even Indian).Later on one of the guards in the hall was sitting almost covering the (very rare) explanation they had. He also complained that I was trying to read it (because he had to move!).Most of the displayed are either poorly explained or lack any explanation. Some of them have only Hindi ones (and to think that as a foreigner you pay 25 times more!!!!).Many parts of the exhibition is displayed with no much loginc. It is a shame because they do have a nice collection.","Apr 2019 • Solo","","","","2024-03-22T09:22:49Z"
"Bharat Kala Bhavan","Varanasi Uttar Pradesh","g297685","d478217","4.0","https://www.tripadvisor.com/ShowUserReviews-g297685-d478217-r639090839-Bharat_Kala_Bhavan-Varanasi_Varanasi_District_Uttar_Pradesh.html","https://dynamic-media-cdn.tripadvisor.com/media/photo-o/1a/f6/eb/a3/default-avatar-2020-38.jpg?w=100&h=-1&s=1","2.0 of 5 bubbles","Disappointing",9,"Some interesting objects but a lot of spaces are empty and need to be filled. Entire atmosphere is dull and drab, despite the rather nice surroundings. Appears unkempt and uninteresting for the visitors.","Nov 2018","","","","2024-03-22T09:22:49Z"
"Bharat Kala Bhavan","Varanasi Uttar Pradesh","g297685","d478217","4.0","https://www.tripadvisor.com/ShowUserReviews-g297685-d478217-r633302562-Bharat_Kala_Bhavan-Varanasi_Varanasi_District_Uttar_Pradesh.html","https://dynamic-media-cdn.tripadvisor.com/media/photo-o/1a/f6/7c/01/default-avatar-2020-5.jpg?w=100&h=-1&s=1","4.0 of 5 bubbles","Nice collection!",48,"I was captivated by the miniatures and stone sculptures. I wish they displays were better-captioned, but that is a weakness at many Indian museums.","Oct 2018 • Solo","","","","2024-03-22T09:22:53Z"
"Bharat Kala Bhavan","Varanasi Uttar Pradesh","g297685","d478217","4.0","https://www.tripadvisor.com/ShowUserReviews-g297685-d478217-r630205241-Bharat_Kala_Bhavan-Varanasi_Varanasi_District_Uttar_Pradesh.html","https://dynamic-media-cdn.tripadvisor.com/media/photo-o/15/61/06/c7/atul-theincredible.jpg?w=100&h=-1&s=1","4.0 of 5 bubbles","Bharat Kala Bhawan",52,"Located in the BHU Campus, Bharat Kala Bhawan is a very nice museum. The museum has a wide ranging collections belonging to different time periods. The most interesting among them is the vault section where many items made of gold, jade and platinum are on display.These materials are basically Mughal era coins, designer smoking pipes etc.The museum could be made more interesting with technological interventions. A very huge collection ranging from sculptures, miniature paintings, textiles collections, Banaras gallery add to its grandeur.A must visit place in Banaras.","Oct 2018 • Solo","","","","2024-03-22T09:22:53Z"
"Bharat Kala Bhavan","Varanasi Uttar Pradesh","g297685","d478217","4.0","https://www.tripadvisor.com/ShowUserReviews-g297685-d478217-r619726183-Bharat_Kala_Bhavan-Varanasi_Varanasi_District_Uttar_Pradesh.html","https://dynamic-media-cdn.tripadvisor.com/media/photo-o/1a/f6/ef/32/default-avatar-2020-12.jpg?w=100&h=-1&s=1","2.0 of 5 bubbles","Could be improved",0,"We are foreign students and tourists and visited this museum. The ticket rates online are incorrect. We did not receive a student discount as this has been changed to Indian Institutions only. The ticket price was 250 rupees, for Indians it is 20 and for students it is 10 rupees. The presentation could use improvement. There was very little explanation and when there was, it was not well connected to the exhibitions. There were some exceptions, but the overall impression of the museum was mediocre at best.","Sep 2018 • Couples","","","","2024-03-22T09:22:53Z"
"Bharat Kala Bhavan","Varanasi Uttar Pradesh","g297685","d478217","4.0","https://www.tripadvisor.com/ShowUserReviews-g297685-d478217-r601414746-Bharat_Kala_Bhavan-Varanasi_Varanasi_District_Uttar_Pradesh.html","https://dynamic-media-cdn.tripadvisor.com/media/photo-o/1a/f6/f2/7a/default-avatar-2020-25.jpg?w=100&h=-1&s=1","5.0 of 5 bubbles","art and archeology",353,"This is a  art and archaeology place which is taken care by BHU where we can see statues,coins,maps,paintings,art works","Aug 2017 • Friends","","","","2024-03-22T09:22:53Z"
"Bharat Kala Bhavan","Varanasi Uttar Pradesh","g297685","d478217","4.0","https://www.tripadvisor.com/ShowUserReviews-g297685-d478217-r594723174-Bharat_Kala_Bhavan-Varanasi_Varanasi_District_Uttar_Pradesh.html","https://dynamic-media-cdn.tripadvisor.com/media/photo-o/08/d3/65/b3/aasthad.jpg?w=100&h=-1&s=1","5.0 of 5 bubbles","for the love of paintings",33,"thats the place! if you love paintings and sculptures...from ancient to contemporary..rich collection of artworks","Mar 2018 • Family","","","","2024-03-22T09:22:53Z"
"Bharat Kala Bhavan","Varanasi Uttar Pradesh","g297685","d478217","4.0","https://www.tripadvisor.com/ShowUserReviews-g297685-d478217-r582416544-Bharat_Kala_Bhavan-Varanasi_Varanasi_District_Uttar_Pradesh.html","https://dynamic-media-cdn.tripadvisor.com/media/photo-o/10/59/44/50/yelena-v.jpg?w=100&h=-1&s=1","5.0 of 5 bubbles","Russian contribution to the Indian culture in Varanasi!!!",65,"The amazing place to visit in the Holy City and explore the different site of city cultural life.Well established collection of art.  If you love art of the   Russian painter  Nicholas Roerich it is a place to find his and his son's  astonishing  pictures. We opened the door and were frozen for a few seconds . Why? Pictures of Roerich's family tell you the story and you feel  that you a part of their  Indian life. You are inside"""" of these pictures.","Mar 2018 • Couples","","","","2024-03-22T09:22:53Z"
"Bharat Kala Bhavan","Varanasi Uttar Pradesh","g297685","d478217","4.0","https://www.tripadvisor.com/ShowUserReviews-g297685-d478217-r563700499-Bharat_Kala_Bhavan-Varanasi_Varanasi_District_Uttar_Pradesh.html","https://dynamic-media-cdn.tripadvisor.com/media/photo-o/09/d7/18/e3/rituparna-b.jpg?w=100&h=-1&s=1","5.0 of 5 bubbles","Impressive collection of art and artefacts mostly related to Varanasi",114,"This museum is located inside Banaras Hindu University (BHU), and open to the public. The collection of art and sculptures is impressive. It has a Rs. 20 entry fee.","Feb 2018 • Solo","","","","2024-03-22T09:22:53Z"
"Bharat Kala Bhavan","Varanasi Uttar Pradesh","g297685","d478217","4.0","https://www.tripadvisor.com/ShowUserReviews-g297685-d478217-r556865365-Bharat_Kala_Bhavan-Varanasi_Varanasi_District_Uttar_Pradesh.html","https://dynamic-media-cdn.tripadvisor.com/media/photo-o/1a/f6/e4/a9/default-avatar-2020-50.jpg?w=100&h=-1&s=1","5.0 of 5 bubbles","Very good collection to get broad understanding of Indian art history in one go",0,"The museum has sculptures, paintings, decorative objects and coins. Unfortunately, there is not much information besides these objects except for the coins section. One can get a very quick review of Indian history just in this section. It is too bad that you may miss this section, if you don't look for it.","Jan 2018 • Couples","","","","2024-03-22T09:22:53Z"
"Bharat Kala Bhavan","Varanasi Uttar Pradesh","g297685","d478217","4.0","https://www.tripadvisor.com/ShowUserReviews-g297685-d478217-r556788523-Bharat_Kala_Bhavan-Varanasi_Varanasi_District_Uttar_Pradesh.html","https://dynamic-media-cdn.tripadvisor.com/media/photo-o/1a/f6/e8/91/default-avatar-2020-62.jpg?w=100&h=-1&s=1","4.0 of 5 bubbles","Bharat kala bhawan",24,"Bharat kala bhawan is situated in bhu which is present in Varanasi.. Here I visit with my family..it is a historical place ..here many statue, old coin,weapon,etc are present.. Here dress and many books of Madam mohan malviy are present from which we getting more knowledge about our history.. Thanks","Dec 2017 • Friends","","","","2024-03-22T09:22:53Z"
"Bharat Kala Bhavan","Varanasi Uttar Pradesh","g297685","d478217","4.0","https://www.tripadvisor.com/ShowUserReviews-g297685-d478217-r498610842-Bharat_Kala_Bhavan-Varanasi_Varanasi_District_Uttar_Pradesh.html","https://dynamic-media-cdn.tripadvisor.com/media/photo-o/1a/f6/e7/99/default-avatar-2020-57.jpg?w=100&h=-1&s=1","5.0 of 5 bubbles","don't miss",10,"A walk through the Kala Bhavan reminds you of how education institutions should contribute to the community.  If a University can have this collection, it is not difficult to understand the respect it enjoys.  i","Jun 2017 • Family","","","","2024-03-22T09:22:53Z"
"Bharat Kala Bhavan","Varanasi Uttar Pradesh","g297685","d478217","4.0","https://www.tripadvisor.com/ShowUserReviews-g297685-d478217-r487738225-Bharat_Kala_Bhavan-Varanasi_Varanasi_District_Uttar_Pradesh.html","https://dynamic-media-cdn.tripadvisor.com/media/photo-o/0f/62/c8/e3/ashokgupta2407.jpg?w=100&h=-1&s=1","5.0 of 5 bubbles","Excellent Collection",14,"It's not known to many persons when they visit Varanasi but you must visit this place since it has a great collection. It's situated just opposite Faculty of Management Studies inside Banaras Hindu University Campus.","Jan 2017 • Friends","","","","2024-03-22T09:22:56Z"
"Bharat Kala Bhavan","Varanasi Uttar Pradesh","g297685","d478217","4.0","https://www.tripadvisor.com/ShowUserReviews-g297685-d478217-r480531695-Bharat_Kala_Bhavan-Varanasi_Varanasi_District_Uttar_Pradesh.html","https://dynamic-media-cdn.tripadvisor.com/media/photo-o/1a/f6/e6/ea/default-avatar-2020-54.jpg?w=100&h=-1&s=1","4.0 of 5 bubbles","History revisited",584,"The building is inside the Benaras Hindu University and houses a museum. The collection here is very good and includes medieval weaponry, Mughal era arms, miniature paintings, sculptures, coins and so on.","Apr 2017 • Family","","","","2024-03-22T09:22:56Z"
"Bharat Kala Bhavan","Varanasi Uttar Pradesh","g297685","d478217","4.0","https://www.tripadvisor.com/ShowUserReviews-g297685-d478217-r465759477-Bharat_Kala_Bhavan-Varanasi_Varanasi_District_Uttar_Pradesh.html","https://dynamic-media-cdn.tripadvisor.com/media/photo-o/13/e2/c6/40/amit-archaeo.jpg?w=100&h=-1&s=1","5.0 of 5 bubbles","Archaeological Museum ",94,"The Bharat Kala Bhawan is in Banaras Hindu University campus which can be visited in office hours. This Museum is basically an Archaeological Museum where you can get a complete picture of the History, Culture and Archaeology of the Gangetic region and particularly the mystic city of Varanasi. The gallery are thematically arranged. The Nidhi gallery is open only at 12.00 pm to 04.00 pm. This gallery is having display of some precious and rare objects of medieval times with some mughal object. Rest gallery is open till 05.00 pm from 10.00 am. This is a ticketed museum but of minimal charges. If you are visiting to Varanasi, visit to the museum will be worthwhile. Minimum 2 hrs will be sufficient to a layman. New Vishwanath Mandir is just less than a kilometer on same road.","Mar 2017 • Friends","","","","2024-03-22T09:22:56Z"
"Bharat Kala Bhavan","Varanasi Uttar Pradesh","g297685","d478217","4.0","https://www.tripadvisor.com/ShowUserReviews-g297685-d478217-r456375692-Bharat_Kala_Bhavan-Varanasi_Varanasi_District_Uttar_Pradesh.html","https://dynamic-media-cdn.tripadvisor.com/media/photo-o/04/17/e9/44/milind-chitnis.jpg?w=100&h=-1&s=1","4.0 of 5 bubbles","A very good museum",15,"It's a very good museum within BHU. Spread over 2 floors, would tale at least couple of hours to see, even for a casual visitor,","Jan 2017 • Family","","","","2024-03-22T09:22:56Z"
"Bharat Kala Bhavan","Varanasi Uttar Pradesh","g297685","d478217","4.0","https://www.tripadvisor.com/ShowUserReviews-g297685-d478217-r455385232-Bharat_Kala_Bhavan-Varanasi_Varanasi_District_Uttar_Pradesh.html","https://dynamic-media-cdn.tripadvisor.com/media/photo-o/1a/f6/eb/a3/default-avatar-2020-38.jpg?w=100&h=-1&s=1","5.0 of 5 bubbles","Art Lovers Delight",20,"This was an unexpected pleasure to visit.  There is an excellent collection of sculpture and a truly exceptional display representing many schools of Indian miniature painting.  Had we had more time, we would have liked to see more of the beautiful university campus and I would have returned to study the paintings further - so many!  so beautiful! so tiny!","Jan 2017 • Friends","","","","2024-03-22T09:22:56Z"
"Bharat Kala Bhavan","Varanasi Uttar Pradesh","g297685","d478217","4.0","https://www.tripadvisor.com/ShowUserReviews-g297685-d478217-r445838330-Bharat_Kala_Bhavan-Varanasi_Varanasi_District_Uttar_Pradesh.html","https://dynamic-media-cdn.tripadvisor.com/media/photo-f/01/2e/70/92/avatar018.jpg?w=100&h=-1&s=1","5.0 of 5 bubbles","Historic and great",406,"Visited bhart kala bhavan during recent visit to national cultural festival at BHU. Great platform for artists to perform. Thanx to BHU who has given a big platform for such events and artists. It was great to visit historic Bharat kala Bhavan and see events happening there well maintained. Best of luck BHU for the future.","Dec 2016 • Friends","","","","2024-03-22T09:22:56Z"
"Bharat Kala Bhavan","Varanasi Uttar Pradesh","g297685","d478217","4.0","https://www.tripadvisor.com/ShowUserReviews-g297685-d478217-r436071987-Bharat_Kala_Bhavan-Varanasi_Varanasi_District_Uttar_Pradesh.html","https://dynamic-media-cdn.tripadvisor.com/media/photo-o/0d/35/3d/3b/mrinmayee-r.jpg?w=100&h=-1&s=1","5.0 of 5 bubbles","well maintained.",89,"well maintained museum. must visit. be prepared to walk a lot. depending on your field of interest, you may take one to two hours seeing it.","Nov 2016 • Friends","","","","2024-03-22T09:22:56Z"
"Bharat Kala Bhavan","Varanasi Uttar Pradesh","g297685","d478217","4.0","https://www.tripadvisor.com/ShowUserReviews-g297685-d478217-r425152104-Bharat_Kala_Bhavan-Varanasi_Varanasi_District_Uttar_Pradesh.html","https://dynamic-media-cdn.tripadvisor.com/media/photo-s/01/46/e7/7c/dealmayhem.jpg?w=100&h=-1&s=1","5.0 of 5 bubbles","A great museum to complement Varanasi visit",101,"It is not as big and bold as the museum at Sarnath, but it is quite and simple located on Banaras Hindu University Campus. From here you can walk to the new Viswanath Temple in 15 minutes. OK it is a history and cultural museum, not for kids.","Jan 2016 • Couples","","","","2024-03-22T09:22:56Z"
"Bharat Kala Bhavan","Varanasi Uttar Pradesh","g297685","d478217","4.0","https://www.tripadvisor.com/ShowUserReviews-g297685-d478217-r373517647-Bharat_Kala_Bhavan-Varanasi_Varanasi_District_Uttar_Pradesh.html","https://dynamic-media-cdn.tripadvisor.com/media/photo-o/1a/f6/de/e7/default-avatar-2020-37.jpg?w=100&h=-1&s=1","4.0 of 5 bubbles","A gem of a museum on a university campus",19,"Well worth the trip with old and modern art and artifacts as well as a good overview of the founding of Banaras Hindu University.","May 2016 • Solo","","","","2024-03-22T09:22:56Z"
"Bharat Kala Bhavan","Varanasi Uttar Pradesh","g297685","d478217","4.0","https://www.tripadvisor.com/ShowUserReviews-g297685-d478217-r368713647-Bharat_Kala_Bhavan-Varanasi_Varanasi_District_Uttar_Pradesh.html","https://dynamic-media-cdn.tripadvisor.com/media/photo-o/1a/f6/e3/6a/default-avatar-2020-47.jpg?w=100&h=-1&s=1","5.0 of 5 bubbles","beautiful well kept grounds",191,"visit to the university is a different pace and vision from the tumult of the river and town.quiet, well manicured and peaceful, we regained our composure here","Mar 2016 • Couples","","","","2024-03-22T09:22:56Z"
"Bharat Kala Bhavan","Varanasi Uttar Pradesh","g297685","d478217","4.0","https://www.tripadvisor.com/ShowUserReviews-g297685-d478217-r359138953-Bharat_Kala_Bhavan-Varanasi_Varanasi_District_Uttar_Pradesh.html","https://dynamic-media-cdn.tripadvisor.com/media/photo-o/1a/f6/ee/10/default-avatar-2020-8.jpg?w=100&h=-1&s=1","3.0 of 5 bubbles","Two floors of exhibits, but no photo taking allowed",741,"This two story building has many exhibits including:  coins, textile, paintings, carvings, photos, and statues.  Some of the articles are so valuable that they are a walk-in safe.  However, one has to check their camera before entering as no photo taking is allowed.","Feb 2016","","","","2024-03-22T09:22:57Z"
"Bharat Kala Bhavan","Varanasi Uttar Pradesh","g297685","d478217","4.0","https://www.tripadvisor.com/ShowUserReviews-g297685-d478217-r347051531-Bharat_Kala_Bhavan-Varanasi_Varanasi_District_Uttar_Pradesh.html","https://dynamic-media-cdn.tripadvisor.com/media/photo-o/1a/f6/eb/43/default-avatar-2020-11.jpg?w=100&h=-1&s=1","4.0 of 5 bubbles","Art Museum of the BHU",14,"Not very famous.Rickshaw may not know here.So go to the university, there is a need to switch to Cycle Reckshaw.Good to break because there is a photograph or a picture.","Jan 2016 • Family","","","","2024-03-22T09:22:57Z"
"Bharat Kala Bhavan","Varanasi Uttar Pradesh","g297685","d478217","4.0","https://www.tripadvisor.com/ShowUserReviews-g297685-d478217-r344914120-Bharat_Kala_Bhavan-Varanasi_Varanasi_District_Uttar_Pradesh.html","https://dynamic-media-cdn.tripadvisor.com/media/photo-o/07/03/97/7e/saurabh-a.jpg?w=100&h=-1&s=1","4.0 of 5 bubbles","Heaven for art lovers",9,"Lots of paintings, idols, antique coins, jewellery etc.  can be seen. But i advise only for those who like to see antique things and art lover.","Feb 2016 • Couples","","","","2024-03-22T09:22:57Z"
"Bharat Kala Bhavan","Varanasi Uttar Pradesh","g297685","d478217","4.0","https://www.tripadvisor.com/ShowUserReviews-g297685-d478217-r338077492-Bharat_Kala_Bhavan-Varanasi_Varanasi_District_Uttar_Pradesh.html","https://dynamic-media-cdn.tripadvisor.com/media/photo-o/1a/f6/eb/e3/default-avatar-2020-59.jpg?w=100&h=-1&s=1","4.0 of 5 bubbles","There's a lot to see",123,"As usual, foreigners have to pay a lot more than Indians to get in, but there's a lot to see here, so I'd still recommend it. Located inside the BHU campus in a beautiful old building (not that far from Assi ghat, so you could take a rickshaw fro there), there are various galleries dedicated to different artists, crafts and periods. If you want to see it all, you need at least an hour, maybe two. You have to leave your bags in a locker and no pictures are allowed.","Dec 2015 • Solo","","","","2024-03-22T09:22:57Z"
"Bharat Kala Bhavan","Varanasi Uttar Pradesh","g297685","d478217","4.0","https://www.tripadvisor.com/ShowUserReviews-g297685-d478217-r336380744-Bharat_Kala_Bhavan-Varanasi_Varanasi_District_Uttar_Pradesh.html","https://dynamic-media-cdn.tripadvisor.com/media/photo-o/06/af/db/9c/harikrishnan-u.jpg?w=100&h=-1&s=1","3.0 of 5 bubbles","Wonderful collection of miniature paintings",321,"On your Varanasi trip, you must visit the Benares Hindu University campus. It’s a very beautiful campus.On the BHU campus is Bharat Kala Bhavan , a roomy museum with a wonderful collection of miniature paintings, as well as 12th-century palm-leaf manuscripts, sculptures and local history displays. No cameras allowed.","Dec 2015 • Friends","","","","2024-03-22T09:22:57Z"
"Bharat Kala Bhavan","Varanasi Uttar Pradesh","g297685","d478217","4.0","https://www.tripadvisor.com/ShowUserReviews-g297685-d478217-r334564123-Bharat_Kala_Bhavan-Varanasi_Varanasi_District_Uttar_Pradesh.html","https://dynamic-media-cdn.tripadvisor.com/media/photo-o/1a/f6/df/2b/default-avatar-2020-39.jpg?w=100&h=-1&s=1","3.0 of 5 bubbles","Fascinating miniature collection",31,"Of all schools of art in India - the Deccani, Pahari, Rajasthan, Mughal, Jammu, and many others. All well displayed. I also liked the exposition on the life and works of Alice Boner on the first floor. Sculptures are plenty but documenting them and display can be improved. This is something that art students and historians and general museum lovers would enjoy. Its quiet and not many tourists.","Dec 2015 • Couples","","","","2024-03-22T09:22:57Z"
"Bharat Kala Bhavan","Varanasi Uttar Pradesh","g297685","d478217","4.0","https://www.tripadvisor.com/ShowUserReviews-g297685-d478217-r332756409-Bharat_Kala_Bhavan-Varanasi_Varanasi_District_Uttar_Pradesh.html","https://dynamic-media-cdn.tripadvisor.com/media/photo-o/29/88/3e/d7/caption.jpg?w=100&h=-1&s=1","4.0 of 5 bubbles","Worth the visit",312,"Situated inside the huge campus space of BHU (Banaras HinduUniversity) Bharat Kala Bhavan museum is a must see. I feel the existence of this place is a little less known than it ought to. Sure the entrance is not grand and the staff is not super welcoming. But, with artefacts dating back to the 2nd century, this museum has a huge collection of different things. The museum sections are categorically divided into sculptures, textiles, paintings etc. In a way the museum traces the history of Banaras in another section. If you manage to find a good guide like I did, you can spend over 3 hours in here easily. For Indians the entry is some 10-20 rupees.","Dec 2015 • Friends","","","","2024-03-22T09:22:57Z"
"Bharat Kala Bhavan","Varanasi Uttar Pradesh","g297685","d478217","4.0","https://www.tripadvisor.com/ShowUserReviews-g297685-d478217-r327520607-Bharat_Kala_Bhavan-Varanasi_Varanasi_District_Uttar_Pradesh.html","https://dynamic-media-cdn.tripadvisor.com/media/photo-o/06/f2/6d/0a/amrutak-10.jpg?w=100&h=-1&s=1","4.0 of 5 bubbles","Archeological museum",14,"History of Varanasi is documented and archaeological findings during excavation are kept here. Can gauge the trajector of the development of civilisation along the banks of Ganga","Oct 2015 • Solo","","","","2024-03-22T09:22:57Z"
"Bharat Kala Bhavan","Varanasi Uttar Pradesh","g297685","d478217","4.0","https://www.tripadvisor.com/ShowUserReviews-g297685-d478217-r325699048-Bharat_Kala_Bhavan-Varanasi_Varanasi_District_Uttar_Pradesh.html","https://dynamic-media-cdn.tripadvisor.com/media/photo-o/02/85/9e/5d/belgianguy1.jpg?w=100&h=-1&s=1","3.0 of 5 bubbles","Ok collection",318,"By itself the museum and its collection is not bad, but problem is we visited the amazing national museum in New Delhi just a few days ago, so this one simply pales in comparison... There is a nice display of miniature paintings and some stone carvings, about one hour needed to have a good look around... Entrance fee for foreigners is 150 rupees, and no bags, cameras and cell phones allowed inside (a locker is provided)... The museum cafeteria/canteen in a small adjoining building seems permanently locked up","Nov 2015 • Friends","","","","2024-03-22T09:22:57Z"
"Bharat Kala Bhavan","Varanasi Uttar Pradesh","g297685","d478217","4.0","https://www.tripadvisor.com/ShowUserReviews-g297685-d478217-r288382671-Bharat_Kala_Bhavan-Varanasi_Varanasi_District_Uttar_Pradesh.html","https://dynamic-media-cdn.tripadvisor.com/media/photo-o/1a/f6/f1/42/default-avatar-2020-20.jpg?w=100&h=-1&s=1","5.0 of 5 bubbles","A rare location for artists and connoisseurs to enjoy the artifacts",93,"one of the best maintained , well kept , orderly and tastefully laid out museum. I spent many leisurely hours in its hallowed precinct during my decade long years of studies in the University. My recent visit reemphasized  my appreciation of this place and its charm","Oct 2014","","","","2024-03-22T09:22:57Z"
"Bharat Kala Bhavan","Varanasi Uttar Pradesh","g297685","d478217","4.0","https://www.tripadvisor.com/ShowUserReviews-g297685-d478217-r275670488-Bharat_Kala_Bhavan-Varanasi_Varanasi_District_Uttar_Pradesh.html","https://dynamic-media-cdn.tripadvisor.com/media/photo-o/07/b6/8b/e0/arup-a.jpg?w=100&h=-1&s=1","5.0 of 5 bubbles","Excellent !",14,"A must visit ! Bharat  Kala  Bhavan,  located  inside  the  BHU  campus,  is  an  art  and architecture museum and houses a vast  collection of paintings, Hindu and Buddhist  sculptures and other  materials of  archeological  importance.   Bharat Kala Bhavan also has a great collection of miniature paintings fromthe courts of Mughals and other  Kingdoms and principalities. Some of the important  sections  in  the  Bharat  Kala  Bhavan  are  Mahamana  Malaviya gallery,  Nicholas  Roerich  gallery,  Chhavi  (Painting  Gallery),  sculpture gallery,  Nidhi (Treasures) gallery, sculpture gallery,  archaeological gallery,decorative art gallery and Banaras through ages gallery.","Dec 2014 • Couples","","","","2024-03-22T09:22:59Z"
"Bharat Kala Bhavan","Varanasi Uttar Pradesh","g297685","d478217","4.0","https://www.tripadvisor.com/ShowUserReviews-g297685-d478217-r270495383-Bharat_Kala_Bhavan-Varanasi_Varanasi_District_Uttar_Pradesh.html","https://dynamic-media-cdn.tripadvisor.com/media/photo-o/1a/f6/e3/1f/default-avatar-2020-46.jpg?w=100&h=-1&s=1","4.0 of 5 bubbles","Place for history and art lovers.",5,"It is situated in Asia's largest university campus i.e. Banaras Hindu University, If you are one of those who like to unfold history secrets and sculptures, then this is one of the museum for you, but better have atleast 1-2 hours to roam into the museum fully and read everything. There were computer placed in every room of the museum to let you read all the information you need about sculptures, arts and history placed here.","Jun 2014 • Family","","","","2024-03-22T09:22:59Z"
"Bharat Kala Bhavan","Varanasi Uttar Pradesh","g297685","d478217","4.0","https://www.tripadvisor.com/ShowUserReviews-g297685-d478217-r255967794-Bharat_Kala_Bhavan-Varanasi_Varanasi_District_Uttar_Pradesh.html","https://dynamic-media-cdn.tripadvisor.com/media/photo-o/03/e2/2c/a9/jflr187198.jpg?w=100&h=-1&s=1","2.0 of 5 bubbles","Badly maintained. Not worth the trouble",604,"One of the worst museum I visited in India. Very badly maintained and run. Quite a disgrace. As it is supposed to represent BHU, the university should do some serious cleaning up and revamping. As it is, it is not worth the trouble going there.","Jan 2015 • Solo","","","","2024-03-22T09:22:59Z"
"Bharat Kala Bhavan","Varanasi Uttar Pradesh","g297685","d478217","4.0","https://www.tripadvisor.com/ShowUserReviews-g297685-d478217-r253778556-Bharat_Kala_Bhavan-Varanasi_Varanasi_District_Uttar_Pradesh.html","https://dynamic-media-cdn.tripadvisor.com/media/photo-o/1a/f6/e2/4a/default-avatar-2020-42.jpg?w=100&h=-1&s=1","4.0 of 5 bubbles","City of Lord Shiva",28,"Bharat Kala Bhavan is a museum situated in campus of Banaras Hindu University. one can get detailed view of ancient Indian History and Culture. Must visit for every tourist.","Oct 2014 • Solo","","","","2024-03-22T09:22:59Z"
"Bharat Kala Bhavan","Varanasi Uttar Pradesh","g297685","d478217","4.0","https://www.tripadvisor.com/ShowUserReviews-g297685-d478217-r245568320-Bharat_Kala_Bhavan-Varanasi_Varanasi_District_Uttar_Pradesh.html","https://dynamic-media-cdn.tripadvisor.com/media/photo-o/07/a2/18/8a/kkaviraj.jpg?w=100&h=-1&s=1","4.0 of 5 bubbles","Very good collection",64,"This is inside the BHU campus. The painting gallery was under renovation. But the overall  collection is awesome. It has a strong room with several precious items also. Nicely maintained.","","","","","2024-03-22T09:22:59Z"
"Bharat Kala Bhavan","Varanasi Uttar Pradesh","g297685","d478217","4.0","https://www.tripadvisor.com/ShowUserReviews-g297685-d478217-r238237614-Bharat_Kala_Bhavan-Varanasi_Varanasi_District_Uttar_Pradesh.html","https://dynamic-media-cdn.tripadvisor.com/media/photo-o/1a/f6/f4/d0/default-avatar-2020-33.jpg?w=100&h=-1&s=1","4.0 of 5 bubbles","Worth a visit",40,"The collection is really fantastic. However, the items are not that well displayed, information is lacking and the conservation is not done that well. Although there is quite a lot to see, you just need 1 hour the whole museum.","Oct 2014 • Solo","","","","2024-03-22T09:22:59Z"
"Bharat Kala Bhavan","Varanasi Uttar Pradesh","g297685","d478217","4.0","https://www.tripadvisor.com/ShowUserReviews-g297685-d478217-r237546006-Bharat_Kala_Bhavan-Varanasi_Varanasi_District_Uttar_Pradesh.html","https://dynamic-media-cdn.tripadvisor.com/media/photo-o/1a/f6/de/5a/default-avatar-2020-36.jpg?w=100&h=-1&s=1","5.0 of 5 bubbles","Huge and priceless collection",344,"Situated in the precincts of the Banaras Hindu University, this place is a must for art and history.  It has a huge collection of sculptures, paintings, textiles and decorative art.  The entry fee is Rupees ten only. It is probably the best University Museum in Asia. One could spend several days in this museum.  But we were short of time and had to finish surveying the collection in 45 minutes.  Some of the sculptures date back to third century BCE.  Take some time off to see this museum.","Nov 2014 • Family","","","","2024-03-22T09:22:59Z"
"Bharat Kala Bhavan","Varanasi Uttar Pradesh","g297685","d478217","4.0","https://www.tripadvisor.com/ShowUserReviews-g297685-d478217-r217024056-Bharat_Kala_Bhavan-Varanasi_Varanasi_District_Uttar_Pradesh.html","https://dynamic-media-cdn.tripadvisor.com/media/photo-o/13/4a/f1/cc/sarahcook1.jpg?w=100&h=-1&s=1","4.0 of 5 bubbles","Exceptional artifacts",63,"This is an amazing collection of paintings, carvings, sculptures, and other artifacts. The only down side is that they don't have air conditioning so we were overheated when we visited in July.","Jul 2014 • Business","","","","2024-03-22T09:22:59Z"
"Bharat Kala Bhavan","Varanasi Uttar Pradesh","g297685","d478217","4.0","https://www.tripadvisor.com/ShowUserReviews-g297685-d478217-r157902950-Bharat_Kala_Bhavan-Varanasi_Varanasi_District_Uttar_Pradesh.html","https://dynamic-media-cdn.tripadvisor.com/media/photo-f/01/2e/70/63/avatar041.jpg?w=100&h=-1&s=1","5.0 of 5 bubbles","bharat mata temple",123,"This is the only bharat mata temple in India, It is near sigra and vissiting temple give you patriotic feeling and proud to be indian.","Dec 2012 • Couples","","","","2024-03-22T09:22:59Z"
"Bharat Kala Bhavan","Varanasi Uttar Pradesh","g297685","d478217","4.0","https://www.tripadvisor.com/ShowUserReviews-g297685-d478217-r157427745-Bharat_Kala_Bhavan-Varanasi_Varanasi_District_Uttar_Pradesh.html","https://dynamic-media-cdn.tripadvisor.com/media/photo-o/22/02/eb/f3/jitender-d.jpg?w=100&h=-1&s=1","5.0 of 5 bubbles","Potpourri of ancient India",197,"Let me start by saying that you need a full day to appreciate and understand the treasure displayed here.You can take your own time in seeing all the artifacts and this place is quiet.Visit it to know more about diverse Indian culture.","Apr 2013","","","","2024-03-22T09:22:59Z"
"Bharat Kala Bhavan","Varanasi Uttar Pradesh","g297685","d478217","4.0","https://www.tripadvisor.com/ShowUserReviews-g297685-d478217-r150462028-Bharat_Kala_Bhavan-Varanasi_Varanasi_District_Uttar_Pradesh.html","https://dynamic-media-cdn.tripadvisor.com/media/photo-o/1a/f6/e5/66/default-avatar-2020-53.jpg?w=100&h=-1&s=1","3.0 of 5 bubbles","Get the museum act going",209,"India is challenged when it comes to museums. A plus is that you can bring your camera in for a modest extra charge. So my I-Pad I can bring in but my I-Phone has to be placed in a locker at no charge. But I saw others talking on their cell phone in the galleries. The guards are either asleep in chairs or actually speaking so loudly that it is hard to enjoy the experience. We need a college of art security established at Banaras University. Some galleries had the floodlights turned of making it hard to see the exhibits but others were on. It would be nice if there was more information about the individual exhibits. The art is interesting especially the palm leaf paintings and the ancient stone sculptures. I think that the experience is worth it and Banaras University, the location of the Bharat Kala Bhavan, is a green refuge from the city. It is a bustling campus, one of the largest in Asia, and should be seen. Restrooms are located just outside. Food vendors are located half a kilometer away at the Shri Vishwanath Mandir.","Jan 2013 • Solo","","","","2024-03-22T09:23:02Z"
"Bharat Kala Bhavan","Varanasi Uttar Pradesh","g297685","d478217","4.0","https://www.tripadvisor.com/ShowUserReviews-g297685-d478217-r148074022-Bharat_Kala_Bhavan-Varanasi_Varanasi_District_Uttar_Pradesh.html","https://dynamic-media-cdn.tripadvisor.com/media/photo-s/02/f9/b4/a3/anuradhagoyal.jpg?w=100&h=-1&s=1","3.0 of 5 bubbles","Little disappointed",496,"This was one of the main reasons for me to visit Banaras, but I was little disappointed to see not so great collection. The gallery that showcases handwritten notes of major Indian literary and national figures is the best. Sculptures are good but not documented. Banaras gallery showcasing the masks could be better. Staff was very rude and un-cooperative.","Dec 2012 • Friends","","","","2024-03-22T09:23:02Z"
"Bharat Kala Bhavan","Varanasi Uttar Pradesh","g297685","d478217","4.0","https://www.tripadvisor.com/ShowUserReviews-g297685-d478217-r144117360-Bharat_Kala_Bhavan-Varanasi_Varanasi_District_Uttar_Pradesh.html","https://dynamic-media-cdn.tripadvisor.com/media/photo-o/03/a4/d7/d0/neelendu.jpg?w=100&h=-1&s=1","4.0 of 5 bubbles","Unique",78,"Situated inside the BHU(Banaras Hindu University Campus), it an museum with lots of arts and artifacts. Most of the college students and travellers who enbraces the knowledge of Arts, History should visit this place once. One of the gems of varanasi !!!","Nov 2011 • Family","","","","2024-03-22T09:23:02Z"
"Bharat Kala Bhavan","Varanasi Uttar Pradesh","g297685","d478217","4.0","https://www.tripadvisor.com/ShowUserReviews-g297685-d478217-r141239275-Bharat_Kala_Bhavan-Varanasi_Varanasi_District_Uttar_Pradesh.html","https://dynamic-media-cdn.tripadvisor.com/media/photo-o/1a/f6/e2/4a/default-avatar-2020-42.jpg?w=100&h=-1&s=1","5.0 of 5 bubbles","respect to country",0,"nice place to visite , you can see which rock is highest and whatis the geografical structur of india.you can also make your trip to see this temple.Realy people of india love the country every day they offer flower and open the shoose in respect of teple bfor entry in temple.","Sep 2012","","","","2024-03-22T09:23:02Z"
"Bharat Kala Bhavan","Varanasi Uttar Pradesh","g297685","d478217","4.0","https://www.tripadvisor.com/ShowUserReviews-g297685-d478217-r139156573-Bharat_Kala_Bhavan-Varanasi_Varanasi_District_Uttar_Pradesh.html","https://dynamic-media-cdn.tripadvisor.com/media/photo-s/01/db/aa/eb/fracuna.jpg?w=100&h=-1&s=1","4.0 of 5 bubbles","Campus cute",68,"It's a huge campus with temples inside it where students pray before attending classes.We went early and a large group practiced yoga, our guide also taught us a lot about the Buddhist and Hindu religion. I think that was our best dive away in the Buddhist and Hindu religion.","Oct 2011 • Couples","","","","2024-03-22T09:23:02Z"
"Bharat Kala Bhavan","Varanasi Uttar Pradesh","g297685","d478217","4.0","https://www.tripadvisor.com/ShowUserReviews-g297685-d478217-r128918747-Bharat_Kala_Bhavan-Varanasi_Varanasi_District_Uttar_Pradesh.html","https://dynamic-media-cdn.tripadvisor.com/media/photo-s/02/72/48/b9/pawelwoj.jpg?w=100&h=-1&s=1","5.0 of 5 bubbles","One of the Best Museums in India - A Hidden Gem",2,"An incredible collection of miniature paintings, a real education in the history of that art form. Outstanding sculpture collection as well. You will be alone or almost alone with the treasures. The museum closes early, so plan accordingly.","Apr 2012 • Solo","","","","2024-03-22T09:23:02Z"
"Bharat Kala Bhavan","Varanasi Uttar Pradesh","g297685","d478217","4.0","https://www.tripadvisor.com/ShowUserReviews-g297685-d478217-r127817672-Bharat_Kala_Bhavan-Varanasi_Varanasi_District_Uttar_Pradesh.html","https://dynamic-media-cdn.tripadvisor.com/media/photo-o/1a/f6/e9/bb/default-avatar-2020-65.jpg?w=100&h=-1&s=1","5.0 of 5 bubbles","Great change in managment under New Director Sharma",2,"I visited this place twice ,one of the exotic collection of art.I was more than surprised to see change there in terms of cleanliness,lighting and display...kudos to Mr. Sharma...","Mar 2012 • Family","","","","2024-03-22T09:23:02Z"
"Bharat Kala Bhavan","Varanasi Uttar Pradesh","g297685","d478217","4.0","https://www.tripadvisor.com/ShowUserReviews-g297685-d478217-r122763371-Bharat_Kala_Bhavan-Varanasi_Varanasi_District_Uttar_Pradesh.html","https://dynamic-media-cdn.tripadvisor.com/media/photo-o/1a/f6/f1/42/default-avatar-2020-20.jpg?w=100&h=-1&s=1","4.0 of 5 bubbles","Must see",780,"Dirty, but they have unbelievable stuff. You need at least 2 hours to go through it all. First go to the rooms that are locked up early.","Oct 2011","","","","2024-03-22T09:23:02Z"
"Bharat Kala Bhavan","Varanasi Uttar Pradesh","g297685","d478217","4.0","https://www.tripadvisor.com/ShowUserReviews-g297685-d478217-r121611385-Bharat_Kala_Bhavan-Varanasi_Varanasi_District_Uttar_Pradesh.html","https://dynamic-media-cdn.tripadvisor.com/media/photo-s/01/84/2b/9d/v-simpson.jpg?w=100&h=-1&s=1","4.0 of 5 bubbles","Very Worthwhile",62,"Great miniature paintings, although very poorly displayed with dim lighting.  Fabulous stone and bronze sculptures.  Benares Hindu University, where it is located, is also interested to pass through.","Dec 2011 • Friends","","","","2024-03-22T09:23:02Z"
"Bharat Kala Bhavan","Varanasi Uttar Pradesh","g297685","d478217","4.0","https://www.tripadvisor.com/ShowUserReviews-g297685-d478217-r120996882-Bharat_Kala_Bhavan-Varanasi_Varanasi_District_Uttar_Pradesh.html","https://dynamic-media-cdn.tripadvisor.com/media/photo-f/01/2e/70/95/avatar021.jpg?w=100&h=-1&s=1","5.0 of 5 bubbles","full of vibration ...",28,"disliked .. hmmm .. u pay n pay before u can actually come out of the temple ..  but yea ..  i am happy to help people to survive .. :)","Jul 2011","","","","2024-03-22T09:23:02Z"
"Bharat Kala Bhavan","Varanasi Uttar Pradesh","g297685","d478217","4.0","https://www.tripadvisor.com/ShowUserReviews-g297685-d478217-r120190927-Bharat_Kala_Bhavan-Varanasi_Varanasi_District_Uttar_Pradesh.html","https://dynamic-media-cdn.tripadvisor.com/media/photo-o/04/18/64/cf/nytim.jpg?w=100&h=-1&s=1","5.0 of 5 bubbles","Oasis among the chaos",350,"Quiet, clean very few beggars and no touts.  Green and tranquil","Oct 2011","","","","2024-03-22T09:23:04Z"
