"names","address","geo_id","hotel_id","rating","url","profile_image","review_score","review_heading","profile_contr","review_body","date_of_stay","company_responder","company_response","company_response_date","timestamp"
"Annapurna Devi Mandir","Varanasi Uttar Pradesh","g297685","d10171114","4.5","https://www.tripadvisor.com/ShowUserReviews-g297685-d10171114-r876881113-Annapurna_Devi_Mandir-Varanasi_Varanasi_District_Uttar_Pradesh.html","https://dynamic-media-cdn.tripadvisor.com/media/photo-o/1a/f6/f1/79/default-avatar-2020-21.jpg?w=100&h=-1&s=1","4.0 of 5 bubbles","Humanity is being served for all",0,"Free food for everyone is the great thing served here. Only issue is no one to take care of your shoes while you enter to have prasad.","Jan 2023","","","","2024-03-22T09:24:23Z"
"Annapurna Devi Mandir","Varanasi Uttar Pradesh","g297685","d10171114","4.5","https://www.tripadvisor.com/ShowUserReviews-g297685-d10171114-r875396208-Annapurna_Devi_Mandir-Varanasi_Varanasi_District_Uttar_Pradesh.html","https://dynamic-media-cdn.tripadvisor.com/media/photo-o/27/e2/10/fa/greatparyatak.jpg?w=100&h=-1&s=1","4.0 of 5 bubbles","Pleasant visit",292,"This shrine is inside Kashi Vishwanath Temple complex. This ancient idol of Goddess Annapurna was brought back by our Prime minister Shri Narendra Modi from Canada.","Nov 2022","","","","2024-03-22T09:24:23Z"
"Annapurna Devi Mandir","Varanasi Uttar Pradesh","g297685","d10171114","4.5","https://www.tripadvisor.com/ShowUserReviews-g297685-d10171114-r833698408-Annapurna_Devi_Mandir-Varanasi_Varanasi_District_Uttar_Pradesh.html","https://dynamic-media-cdn.tripadvisor.com/media/photo-o/04/08/01/61/bpb2012.jpg?w=100&h=-1&s=1","3.0 of 5 bubbles","A popular Hindu temple",102,"After visiting Vishwanath Temple, my wife and I visited this temple also which is just besides the Vishwanth Temple. It attracts large number of visitors every day.","Apr 2022","","","","2024-03-22T09:24:23Z"
"Annapurna Devi Mandir","Varanasi Uttar Pradesh","g297685","d10171114","4.5","https://www.tripadvisor.com/ShowUserReviews-g297685-d10171114-r833463414-Annapurna_Devi_Mandir-Varanasi_Varanasi_District_Uttar_Pradesh.html","https://dynamic-media-cdn.tripadvisor.com/media/photo-o/1a/f6/ee/db/default-avatar-2020-10.jpg?w=100&h=-1&s=1","5.0 of 5 bubbles","Annapurna Devi Mandir",128,"Annapurna Devi Mandir is located next to Baba Kashi Vishwanath temple and the entrance of Gate 1.Sri Annapurna Devi is the wife of Kashi Vishwanath Inside Annapurna devi Mandir you find lot of temples like Ram Mandir,Kalika devi,Lakshmi devi,Surya bhagwan,Narsimha etc..Temple offers a handful of rice grains to all devotees. you need to mix them with your rice storage at home.Annapurna Devi trust is offering annaprasadam next to the temple and the timings are morning 9 to evening 5.This place is very peaceful but be careful with Pandits.","Mar 2022","","","","2024-03-22T09:24:23Z"
"Annapurna Devi Mandir","Varanasi Uttar Pradesh","g297685","d10171114","4.5","https://www.tripadvisor.com/ShowUserReviews-g297685-d10171114-r785858473-Annapurna_Devi_Mandir-Varanasi_Varanasi_District_Uttar_Pradesh.html","https://dynamic-media-cdn.tripadvisor.com/media/photo-o/23/04/9d/10/debrayam.jpg?w=100&h=-1&s=1","2.0 of 5 bubbles","Shocking",77,"The new reconstruction going all around the temple is a devastating experience. The government is destroying the oldest living city, they are butchering history.","Mar 2021","","","","2024-03-22T09:24:23Z"
"Annapurna Devi Mandir","Varanasi Uttar Pradesh","g297685","d10171114","4.5","https://www.tripadvisor.com/ShowUserReviews-g297685-d10171114-r784457722-Annapurna_Devi_Mandir-Varanasi_Varanasi_District_Uttar_Pradesh.html","https://dynamic-media-cdn.tripadvisor.com/media/photo-o/15/5f/06/bf/akshaya-patil.jpg?w=100&h=-1&s=1","5.0 of 5 bubbles","Blissful",170,"this temple is very close to Kashi Vishwanath main temple. The idol of devi Annapurna is very beautiful and you feel blissful being here. temple offers handful of rice grains to all devotees. Please carry a small plastic bag to keep them. later you can mix them with your rice storage at home. temple also offers simple meal for all the devotees through day and its offered for free.","Mar 2021","","","","2024-03-22T09:24:23Z"
"Annapurna Devi Mandir","Varanasi Uttar Pradesh","g297685","d10171114","4.5","https://www.tripadvisor.com/ShowUserReviews-g297685-d10171114-r748879573-Annapurna_Devi_Mandir-Varanasi_Varanasi_District_Uttar_Pradesh.html","https://dynamic-media-cdn.tripadvisor.com/media/photo-o/1a/f6/77/ae/default-avatar-2020-2.jpg?w=100&h=-1&s=1","5.0 of 5 bubbles","Darshan of Ma Annapoorna",47,"We were very lucky and blessed to visit Ma Annapoorneswari. It was not crowded at all and we were blessed with prasad of Ma Annapoorna.","Feb 2020","","","","2024-03-22T09:24:23Z"
"Annapurna Devi Mandir","Varanasi Uttar Pradesh","g297685","d10171114","4.5","https://www.tripadvisor.com/ShowUserReviews-g297685-d10171114-r744949091-Annapurna_Devi_Mandir-Varanasi_Varanasi_District_Uttar_Pradesh.html","https://dynamic-media-cdn.tripadvisor.com/media/photo-o/24/3b/1b/69/cp-0010.jpg?w=100&h=-1&s=1","4.0 of 5 bubbles","Another important temple in Varanasi ",499,"Annapurna temple is dedicated to Mata Annapurna a form of Goddess Parvati as a giver of food and nourishment to the people. It is well maintained and clean. The temple offers prasad to the devotees. The temple is open till 11.00 pm. Mobiles and other things are not allowed to be carried in the temple except valuables so be prepared.","Feb 2020 • Couples","","","","2024-03-22T09:24:23Z"
"Annapurna Devi Mandir","Varanasi Uttar Pradesh","g297685","d10171114","4.5","https://www.tripadvisor.com/ShowUserReviews-g297685-d10171114-r734065361-Annapurna_Devi_Mandir-Varanasi_Varanasi_District_Uttar_Pradesh.html","https://dynamic-media-cdn.tripadvisor.com/media/photo-o/1a/f6/e5/66/default-avatar-2020-53.jpg?w=100&h=-1&s=1","5.0 of 5 bubbles","Maa Annapoorani .",546,"Maa Annapoorani is situated very close to Sri Sri Vishwanath temple , well maintained clean temple . Maa is so divine . She ensures that each n every soul is fed well in Kashi . Sri Sti Visalakshi maa temple is also near by .","Dec 2019 • Family","","","","2024-03-22T09:24:23Z"
"Annapurna Devi Mandir","Varanasi Uttar Pradesh","g297685","d10171114","4.5","https://www.tripadvisor.com/ShowUserReviews-g297685-d10171114-r717978569-Annapurna_Devi_Mandir-Varanasi_Varanasi_District_Uttar_Pradesh.html","https://dynamic-media-cdn.tripadvisor.com/media/photo-o/16/16/8e/af/arko-shine.jpg?w=100&h=-1&s=1","4.0 of 5 bubbles","Another temple in the temple-town",92,"This temple is housed inside the Kashi Viswanath Temple compound - a temple dedicated to the Goddess of food and nourishment.People generally bring back rice from the temple.The temple committee also arranges for free lunch for pilgrims within the compound; pilgrims may reach anytime after noon to get food (rice dal and sabzi) which is infact prasad of the Devi. Pilgrims may decide to donate as per their own wish after having finished the meals.","Nov 2018","","","","2024-03-22T09:24:23Z"
"Annapurna Devi Mandir","Varanasi Uttar Pradesh","g297685","d10171114","4.5","https://www.tripadvisor.com/ShowUserReviews-g297685-d10171114-r711506468-Annapurna_Devi_Mandir-Varanasi_Varanasi_District_Uttar_Pradesh.html","https://dynamic-media-cdn.tripadvisor.com/media/photo-o/17/28/3b/99/krishna856.jpg?w=100&h=-1&s=1","5.0 of 5 bubbles","Desperate Housewives!",42,"This temple is as powerful as it gets! Shakthi in her brilliance, once manifested herself as the Goddess of Food & starved the earth, as her consort Shiva, had foolishly claimed that everything in this world is maya or illusion, including food, & is therefore easily expendable. This is the temple to visit, if you're ""just"" a housewife, doing ""nothing"", while you're actually slaving away in the kitchen, creating all sorts of goodness for your family's well-being! May the Force be with you, little women! This tiny, charming goddess can energise & build up your confidence supremely, as she delivers killer punches to those who belittle the oldest unpaid profession in the world...housewifery!","Sep 2019 • Family","","","","2024-03-22T09:24:25Z"
"Annapurna Devi Mandir","Varanasi Uttar Pradesh","g297685","d10171114","4.5","https://www.tripadvisor.com/ShowUserReviews-g297685-d10171114-r681225490-Annapurna_Devi_Mandir-Varanasi_Varanasi_District_Uttar_Pradesh.html","https://dynamic-media-cdn.tripadvisor.com/media/photo-o/1a/f6/ed/00/default-avatar-2020-4.jpg?w=100&h=-1&s=1","5.0 of 5 bubbles","Annapurna temple in Kasi",73,"great temple , worth of seeing. Its a mandatory list of to do list in Kasi. This temple is dedicated to goddess  Annapurna who is giver of food","Jun 2019 • Family","","","","2024-03-22T09:24:25Z"
"Annapurna Devi Mandir","Varanasi Uttar Pradesh","g297685","d10171114","4.5","https://www.tripadvisor.com/ShowUserReviews-g297685-d10171114-r657751963-Annapurna_Devi_Mandir-Varanasi_Varanasi_District_Uttar_Pradesh.html","https://dynamic-media-cdn.tripadvisor.com/media/photo-o/1a/f6/ef/32/default-avatar-2020-12.jpg?w=100&h=-1&s=1","5.0 of 5 bubbles","Kashi Annapurna Darshan:",2,"Kashi Annapurna Temple  is situated in Kashi Vishwanath Premises People visit Maa Annaurna once they visit Kashi Vishwanth temple. They Offer free food as prashdam and also free accommodation to pilgrmiage/Tourist. You can visit anytome during year. Mostly rush is here in Diwali time where it is estimated near about 5 Lacs pilgrimage taking blessing from this temple.","Mar 2019 • Family","","","","2024-03-22T09:24:25Z"
"Annapurna Devi Mandir","Varanasi Uttar Pradesh","g297685","d10171114","4.5","https://www.tripadvisor.com/ShowUserReviews-g297685-d10171114-r647087534-Annapurna_Devi_Mandir-Varanasi_Varanasi_District_Uttar_Pradesh.html","https://dynamic-media-cdn.tripadvisor.com/media/photo-o/0b/64/91/b5/gurudevr.jpg?w=100&h=-1&s=1","4.0 of 5 bubbles",".Famous Kashi Annapurna Mandir",217,"Small but clean and well maintained Devi temple in close vicinity to the Shri Kashi Viswanadh temple. Darshan at close proximity allowed with a 100 Rs ticket. Pious and Peaceful place of worship and a must visit.","Jan 2019","","","","2024-03-22T09:24:25Z"
"Annapurna Devi Mandir","Varanasi Uttar Pradesh","g297685","d10171114","4.5","https://www.tripadvisor.com/ShowUserReviews-g297685-d10171114-r641986340-Annapurna_Devi_Mandir-Varanasi_Varanasi_District_Uttar_Pradesh.html","https://dynamic-media-cdn.tripadvisor.com/media/photo-o/1a/f6/f1/79/default-avatar-2020-21.jpg?w=100&h=-1&s=1","5.0 of 5 bubbles","nice temple",221,"Annapoorna devi mandir come sfirst from gate number one.very powerful idol of Goddess Annapoorni.Opposite is Ganpati","Nov 2018 • Couples","","","","2024-03-22T09:24:25Z"
"Annapurna Devi Mandir","Varanasi Uttar Pradesh","g297685","d10171114","4.5","https://www.tripadvisor.com/ShowUserReviews-g297685-d10171114-r635948405-Annapurna_Devi_Mandir-Varanasi_Varanasi_District_Uttar_Pradesh.html","https://dynamic-media-cdn.tripadvisor.com/media/photo-o/04/03/f2/06/haragopal.jpg?w=100&h=-1&s=1","5.0 of 5 bubbles","Holy shrine.",836,"ANNAPOORNA  devi  teple is in the VISHWANATH Temple complex and KUNKUM POOJA by Women is performed here. Annapoorna Devi is the deity providing  ample FOOD to all humans.","Nov 2018 • Family","","","","2024-03-22T09:24:25Z"
"Annapurna Devi Mandir","Varanasi Uttar Pradesh","g297685","d10171114","4.5","https://www.tripadvisor.com/ShowUserReviews-g297685-d10171114-r612621095-Annapurna_Devi_Mandir-Varanasi_Varanasi_District_Uttar_Pradesh.html","https://dynamic-media-cdn.tripadvisor.com/media/photo-o/07/c3/03/23/aravind-t.jpg?w=100&h=-1&s=1","4.0 of 5 bubbles","Must visit",52,"Near Gate 2 of Vishwanath temple, this is a very important temple in Varanasi. There is tasty, hygenic and of course 'blessed' free food available at this temple.","Aug 2018 • Family","","","","2024-03-22T09:24:25Z"
"Annapurna Devi Mandir","Varanasi Uttar Pradesh","g297685","d10171114","4.5","https://www.tripadvisor.com/ShowUserReviews-g297685-d10171114-r610057547-Annapurna_Devi_Mandir-Varanasi_Varanasi_District_Uttar_Pradesh.html","https://dynamic-media-cdn.tripadvisor.com/media/photo-o/1a/f6/e9/bb/default-avatar-2020-65.jpg?w=100&h=-1&s=1","5.0 of 5 bubbles","Devi parvati temple",479,"This temple in kasi is dedicated to sree parvati, the wife of lord vishwanathar of kasi. The temple is famous for the laddu chariot festival celebrated every diwali. During this time golden Anna purni is so beautiful ly decorated in a laddu chariot and people from all over the world strike the temple","Nov 2017","","","","2024-03-22T09:24:25Z"
"Annapurna Devi Mandir","Varanasi Uttar Pradesh","g297685","d10171114","4.5","https://www.tripadvisor.com/ShowUserReviews-g297685-d10171114-r607252335-Annapurna_Devi_Mandir-Varanasi_Varanasi_District_Uttar_Pradesh.html","https://dynamic-media-cdn.tripadvisor.com/media/photo-o/13/f6/79/44/vishalkhari.jpg?w=100&h=-1&s=1","5.0 of 5 bubbles","Must visit",34,"This is temple of Goddess Annapurna (Goddess of food). It is a must visit if you are visiting Varanasi for spiritual purpose.","Mar 2018 • Family","","","","2024-03-22T09:24:25Z"
"Annapurna Devi Mandir","Varanasi Uttar Pradesh","g297685","d10171114","4.5","https://www.tripadvisor.com/ShowUserReviews-g297685-d10171114-r595860168-Annapurna_Devi_Mandir-Varanasi_Varanasi_District_Uttar_Pradesh.html","https://dynamic-media-cdn.tripadvisor.com/media/photo-o/16/59/bc/01/karthik-r.jpg?w=100&h=-1&s=1","4.0 of 5 bubbles","Important temple in Kasi",698,"Annapurna Devi Mandir is one of the most famous temples in the holy city of Varanasi. Belief is that  Mata Parvati offered food by her own hands to Lord Shiva and then made a kitchen in Varanasi for her devotees. This is depicted as Annapurna Devi temple. This is close the premises of Kashi Vishwanath temple - less than 50m. One cannot miss this temple while entering via Gate-2.","Jun 2018 • Friends","","","","2024-03-22T09:24:25Z"
"Annapurna Devi Mandir","Varanasi Uttar Pradesh","g297685","d10171114","4.5","https://www.tripadvisor.com/ShowUserReviews-g297685-d10171114-r595104047-Annapurna_Devi_Mandir-Varanasi_Varanasi_District_Uttar_Pradesh.html","https://dynamic-media-cdn.tripadvisor.com/media/photo-o/2a/4d/65/82/ganesh-k.jpg?w=100&h=-1&s=1","5.0 of 5 bubbles","Free Food in Varanasi",560,"Even though this was my 3rd visit to Banaras, I never visited Annapurna Devi Mandir especially to have food. This time I visited and I was shocked. Such a well-organized clean hall and they serve unlimited meal starting from 9 am till 3 pm or so. Food served on the table, and it was a south Indian meal and you will see many south people having food there. You can even donate there for meals to Kashi Annapurna Annakshetra trust and get a receipt for the same.  Location is very near to Kashi Vishwanath temple. Just ask to any police for Annapurna Devi dining hall nearby Vishwanath temple in Varanasi. It's almost hidden in Vishwanath galli.","May 2018 • Family","","","","2024-03-22T09:24:26Z"
"Annapurna Devi Mandir","Varanasi Uttar Pradesh","g297685","d10171114","4.5","https://www.tripadvisor.com/ShowUserReviews-g297685-d10171114-r576689811-Annapurna_Devi_Mandir-Varanasi_Varanasi_District_Uttar_Pradesh.html","https://dynamic-media-cdn.tripadvisor.com/media/photo-o/1a/f6/f1/79/default-avatar-2020-21.jpg?w=100&h=-1&s=1","5.0 of 5 bubbles","Dharshan @ Annapurna temple",287,"Highly religious place of worship for Hindus. Goddess Annapurna is considered as 8th form of Goddess Durga, wife of Lord Shiva. Constructed in 17th Century by Maratha Peshwa.","Apr 2018 • Couples","","","","2024-03-22T09:24:26Z"
"Annapurna Devi Mandir","Varanasi Uttar Pradesh","g297685","d10171114","4.5","https://www.tripadvisor.com/ShowUserReviews-g297685-d10171114-r572330519-Annapurna_Devi_Mandir-Varanasi_Varanasi_District_Uttar_Pradesh.html","https://dynamic-media-cdn.tripadvisor.com/media/photo-o/1a/f6/f0/d5/default-avatar-2020-17.jpg?w=100&h=-1&s=1","5.0 of 5 bubbles","Beautiful temple",14,"If you are around this area, do visit this temple. Just walking distance from Kasi Viswanath temple. Becareful not to get lost though and always ask the locals for directions.","Mar 2018 • Family","","","","2024-03-22T09:24:26Z"
"Annapurna Devi Mandir","Varanasi Uttar Pradesh","g297685","d10171114","4.5","https://www.tripadvisor.com/ShowUserReviews-g297685-d10171114-r569005913-Annapurna_Devi_Mandir-Varanasi_Varanasi_District_Uttar_Pradesh.html","https://dynamic-media-cdn.tripadvisor.com/media/photo-o/1a/53/7b/5a/avatar.jpg?w=100&h=-1&s=1","5.0 of 5 bubbles","in the vishwanath temple bylanes",937,"please do go there if visiting vishwanath temple as it is 2 minutes away on the exit no 2 if i remember correctly.","Mar 2018 • Family","","","","2024-03-22T09:24:26Z"
"Annapurna Devi Mandir","Varanasi Uttar Pradesh","g297685","d10171114","4.5","https://www.tripadvisor.com/ShowUserReviews-g297685-d10171114-r563291549-Annapurna_Devi_Mandir-Varanasi_Varanasi_District_Uttar_Pradesh.html","https://dynamic-media-cdn.tripadvisor.com/media/photo-o/1a/f6/e3/1f/default-avatar-2020-46.jpg?w=100&h=-1&s=1","4.0 of 5 bubbles","annapurna mandir",99,"dedicated to annapurna devi i.e goddesses of food this is a small temple not much crowded but worth paying visit","Jan 2018 • Family","","","","2024-03-22T09:24:26Z"
"Annapurna Devi Mandir","Varanasi Uttar Pradesh","g297685","d10171114","4.5","https://www.tripadvisor.com/ShowUserReviews-g297685-d10171114-r561677343-Annapurna_Devi_Mandir-Varanasi_Varanasi_District_Uttar_Pradesh.html","https://dynamic-media-cdn.tripadvisor.com/media/photo-o/09/03/9c/80/privish83.jpg?w=100&h=-1&s=1","5.0 of 5 bubbles","Good temple near Kashi Vishwanath",198,"This temple is very close to Kashi Vishwanath temple. Once you will complete the darshan of Kashi Vishawanath temple then you can visit this temple which will fall in your return journey. Very good temple and very clean temple. You will feel relaxed over here and can enjoy the worship over here.","Nov 2017 • Family","","","","2024-03-22T09:24:26Z"
"Annapurna Devi Mandir","Varanasi Uttar Pradesh","g297685","d10171114","4.5","https://www.tripadvisor.com/ShowUserReviews-g297685-d10171114-r546972597-Annapurna_Devi_Mandir-Varanasi_Varanasi_District_Uttar_Pradesh.html","https://dynamic-media-cdn.tripadvisor.com/media/photo-o/11/49/df/ae/lakshmikandappan.jpg?w=100&h=-1&s=1","5.0 of 5 bubbles","Shaktipeet near manikarnika ghat",291,"This is a very small temple but one of the main temples of kasi.this is near the manikarnika ghats,here goddess parvati is worshipped in the former of annapur a, the bestower of prosperity and food.the laddu chariot festival on diwali is famous in varanasi.","Nov 2017","","","","2024-03-22T09:24:26Z"
"Annapurna Devi Mandir","Varanasi Uttar Pradesh","g297685","d10171114","4.5","https://www.tripadvisor.com/ShowUserReviews-g297685-d10171114-r543317472-Annapurna_Devi_Mandir-Varanasi_Varanasi_District_Uttar_Pradesh.html","https://dynamic-media-cdn.tripadvisor.com/media/photo-o/12/4b/97/91/krama200.jpg?w=100&h=-1&s=1","5.0 of 5 bubbles","Adjunct To Kasi Viswanath Temple",180,"Annapurna Devi mandir is adjacent to Kasi Viswanath Mandir in the same bye Lane. You have the same approach and security issues as Kasi Viswanath Mandir. Quite a BIg Temple and the Idol is made of Gold. It is a very auspicious and powerful temple and one must visit this temple after Kasi Viswanath.","Nov 2017 • Couples","","","","2024-03-22T09:24:26Z"
"Annapurna Devi Mandir","Varanasi Uttar Pradesh","g297685","d10171114","4.5","https://www.tripadvisor.com/ShowUserReviews-g297685-d10171114-r538228297-Annapurna_Devi_Mandir-Varanasi_Varanasi_District_Uttar_Pradesh.html","https://dynamic-media-cdn.tripadvisor.com/media/photo-o/04/67/ee/1b/raja-p.jpg?w=100&h=-1&s=1","4.0 of 5 bubbles","goddess of varanasi",83,"this temple was crowded while my visit.the goddess annapurna in golden idol.no phones cameras allowed.this is in the kasi viswanath temple street.","Mar 2017 • Solo","","","","2024-03-22T09:24:26Z"
"Annapurna Devi Mandir","Varanasi Uttar Pradesh","g297685","d10171114","4.5","https://www.tripadvisor.com/ShowUserReviews-g297685-d10171114-r535558558-Annapurna_Devi_Mandir-Varanasi_Varanasi_District_Uttar_Pradesh.html","https://dynamic-media-cdn.tripadvisor.com/media/photo-o/05/b0/10/7f/renukamalaysia.jpg?w=100&h=-1&s=1","3.0 of 5 bubbles","Goddess of Nourishment",284,"We visited this temple right after visiting Kashi Vishwanath. Quite a big temple and it has stairs leading up to Annapurna's sanctum. It was Diwali day and we got to see the Golden Statue of the goddess. The priest was also giving out coins from the goddess' coffers as a token of blessings for Diwali. This only happens during Diwali season.","Oct 2017 • Friends","","","","2024-03-22T09:24:26Z"
"Annapurna Devi Mandir","Varanasi Uttar Pradesh","g297685","d10171114","4.5","https://www.tripadvisor.com/ShowUserReviews-g297685-d10171114-r529370486-Annapurna_Devi_Mandir-Varanasi_Varanasi_District_Uttar_Pradesh.html","https://dynamic-media-cdn.tripadvisor.com/media/photo-o/1d/7f/08/82/simhavij.jpg?w=100&h=-1&s=1","4.0 of 5 bubbles","Inside Kasi vishwanath temple",357,"The temple is what you see after seeing mahadev. It is a very auspicous temple and a must for all to take blessings of the goddess","Sep 2017 • Family","","","","2024-03-22T09:24:28Z"
"Annapurna Devi Mandir","Varanasi Uttar Pradesh","g297685","d10171114","4.5","https://www.tripadvisor.com/ShowUserReviews-g297685-d10171114-r520165467-Annapurna_Devi_Mandir-Varanasi_Varanasi_District_Uttar_Pradesh.html","https://dynamic-media-cdn.tripadvisor.com/media/photo-o/1a/f6/77/ae/default-avatar-2020-2.jpg?w=100&h=-1&s=1","4.0 of 5 bubbles","Annapurna Devi temple",149,"The Annapurna Devi Temple of Kashi is of as great an importance as the Kashi Vishwanath temple itself. Located nearby, it also suffers from the same approach issues and parking issues. But the Devi is powerful and the poojas are done well.","Aug 2017 • Couples","","","","2024-03-22T09:24:28Z"
"Annapurna Devi Mandir","Varanasi Uttar Pradesh","g297685","d10171114","4.5","https://www.tripadvisor.com/ShowUserReviews-g297685-d10171114-r517865850-Annapurna_Devi_Mandir-Varanasi_Varanasi_District_Uttar_Pradesh.html","https://dynamic-media-cdn.tripadvisor.com/media/photo-o/0b/40/da/86/kiran-a.jpg?w=100&h=-1&s=1","5.0 of 5 bubbles","Must for each couple visiting Sri Kashi Vishwanath Temple",233,"This temple is situated within the premise of the Kashi Vishwanath Temple. Very auspicious for couples to take blessings after visiting Kashi Vishwanath ji.","Aug 2017 • Family","","","","2024-03-22T09:24:28Z"
"Annapurna Devi Mandir","Varanasi Uttar Pradesh","g297685","d10171114","4.5","https://www.tripadvisor.com/ShowUserReviews-g297685-d10171114-r489275904-Annapurna_Devi_Mandir-Varanasi_Varanasi_District_Uttar_Pradesh.html","https://dynamic-media-cdn.tripadvisor.com/media/photo-o/18/d9/ff/51/caption.jpg?w=100&h=-1&s=1","4.0 of 5 bubbles","Jai Ma Annapurna",257,"The Annapurna Devi temple is very close to the Kashi Vishwanath temple, and once our darshan of the Kashi Vishwanath were over, we visited Ma Annapurna 's temple. Devi Annapurna is the goddess of food and it gave us great satisfaction visiting the temple","Feb 2017 • Couples","","","","2024-03-22T09:24:28Z"
"Annapurna Devi Mandir","Varanasi Uttar Pradesh","g297685","d10171114","4.5","https://www.tripadvisor.com/ShowUserReviews-g297685-d10171114-r488414289-Annapurna_Devi_Mandir-Varanasi_Varanasi_District_Uttar_Pradesh.html","https://dynamic-media-cdn.tripadvisor.com/media/photo-o/1a/f6/f3/23/default-avatar-2020-28.jpg?w=100&h=-1&s=1","5.0 of 5 bubbles","Jai Mata di",88,"अन्नपूर्णा as the name suggests means the one who nourishes everyone. This is the place where goddess annapurna fed Lord shiva when he was hungry","May 2017 • Solo","","","","2024-03-22T09:24:28Z"
"Annapurna Devi Mandir","Varanasi Uttar Pradesh","g297685","d10171114","4.5","https://www.tripadvisor.com/ShowUserReviews-g297685-d10171114-r485306655-Annapurna_Devi_Mandir-Varanasi_Varanasi_District_Uttar_Pradesh.html","https://dynamic-media-cdn.tripadvisor.com/media/photo-o/0f/cf/e4/f2/wvr7933.jpg?w=100&h=-1&s=1","5.0 of 5 bubbles","Annapurna Devi.... Goddess of Food",601,"This Annapurna Devi Mandir at Varanasi is located  at Dashashwamedh Road,  Vishwanath gali and is very near to Kasi Vishwanath Temple. Annapurna Matha is the Goddess of Food (Anna  means Food and that Purna means complete). This Annapurna Mandir is very much famous during Diwali time. On Diwali Festival day a rath (car) is decorated with huge number of Laddus with Goddess Annapurna Devi  for the darshan of devotees. You may have to stand in queue for hours to get a glimpse of Goddess.  Annapoorani in the sanctum appears with a Kalasa (pot) in the left hand and a spoon in the right hand, sitting on a diamond throne. You can also have darshan of Vinayaka, Lord Yoga Narasimha, Adi Sankara...... It is believed that Annapurna Devi is  the incarnation of Goddess  Parvathi protecting people from evil spirits  Annadanam scheme was introduced in kashi Annapurna Devi temple to provide  prasadam as lunch to the devotees. They have a separate Trust for this purpose. More than 1000 devotees get benefitted on a daily basis.A visit to Annapurna Devi at Kashi is a must for Hindus.","Oct 2016 • Couples","","","","2024-03-22T09:24:28Z"
"Annapurna Devi Mandir","Varanasi Uttar Pradesh","g297685","d10171114","4.5","https://www.tripadvisor.com/ShowUserReviews-g297685-d10171114-r483573284-Annapurna_Devi_Mandir-Varanasi_Varanasi_District_Uttar_Pradesh.html","https://dynamic-media-cdn.tripadvisor.com/media/photo-o/0f/3f/94/07/sriramhome.jpg?w=100&h=-1&s=1","5.0 of 5 bubbles","Kasi Viswanath visit",21,"After visit to Kasi Viswanath mandir visiting Mata Annapoorna mandir is a wonderful experience. Free sumptuous food is served to all and should not be missed","Apr 2017 • Couples","","","","2024-03-22T09:24:28Z"
"Annapurna Devi Mandir","Varanasi Uttar Pradesh","g297685","d10171114","4.5","https://www.tripadvisor.com/ShowUserReviews-g297685-d10171114-r480566008-Annapurna_Devi_Mandir-Varanasi_Varanasi_District_Uttar_Pradesh.html","https://dynamic-media-cdn.tripadvisor.com/media/photo-o/1a/f6/e6/ea/default-avatar-2020-54.jpg?w=100&h=-1&s=1","5.0 of 5 bubbles","Goddess of Nourishment",584,"'Anna' means food and 'Poorna' means full or wholesome. The goddess Annapoorna is thought to be a reincarnation of Goddess Parvati. There is daily distribution of food during lunch time and in the evening. Donations are used for the same. You can also get prasad here.","Apr 2017 • Family","","","","2024-03-22T09:24:28Z"
"Annapurna Devi Mandir","Varanasi Uttar Pradesh","g297685","d10171114","4.5","https://www.tripadvisor.com/ShowUserReviews-g297685-d10171114-r476459912-Annapurna_Devi_Mandir-Varanasi_Varanasi_District_Uttar_Pradesh.html","https://dynamic-media-cdn.tripadvisor.com/media/photo-o/1a/f6/ea/2e/default-avatar-2020-67.jpg?w=100&h=-1&s=1","4.0 of 5 bubbles","Maa Annapurana",329,"A Temple of goddess Annapurana in the vicinity of Kashi Vishavnath temple on the narrow lanes is the goddess of food. She is said to be a part of Mata Parvati.","Apr 2017 • Couples","","","","2024-03-22T09:24:28Z"
"Annapurna Devi Mandir","Varanasi Uttar Pradesh","g297685","d10171114","4.5","https://www.tripadvisor.com/ShowUserReviews-g297685-d10171114-r456853860-Annapurna_Devi_Mandir-Varanasi_Varanasi_District_Uttar_Pradesh.html","https://dynamic-media-cdn.tripadvisor.com/media/photo-o/1a/f6/f4/5d/default-avatar-2020-32.jpg?w=100&h=-1&s=1","5.0 of 5 bubbles","MOTHER WHO GIVES FOOD",183,"The temple is in  Vishwanath galli.  Mother is incarnation of Devi Parvathi consort of Lord Shiva. She is giver of food. Legend says that Lord Suiva told devi Parvathi that the universe is an illusion and food as part of illusion. Mother got angry and disaapeared which led to earth becoming barren. There was no food & people were suffering without food, mother being compassionate reappeared in Kashi and provided food. Lord Shiva accepted that the world is not illusion and on presentation of bowl mother provided food to  the Lord hence she is called as’ANNPOORNESHWARI'","Jul 2016 • Couples","","","","2024-03-22T09:24:28Z"
"Annapurna Devi Mandir","Varanasi Uttar Pradesh","g297685","d10171114","4.5","https://www.tripadvisor.com/ShowUserReviews-g297685-d10171114-r454918361-Annapurna_Devi_Mandir-Varanasi_Varanasi_District_Uttar_Pradesh.html","https://dynamic-media-cdn.tripadvisor.com/media/photo-o/0e/44/f5/b6/saibabaholidays.jpg?w=100&h=-1&s=1","4.0 of 5 bubbles","Good Temple",175,"Nearly to kashi vishwanath temple you take also pooja to annapurna devi pooja go and take ashirvad of mataji","Aug 2016 • Family","","","","2024-03-22T09:24:29Z"
"Annapurna Devi Mandir","Varanasi Uttar Pradesh","g297685","d10171114","4.5","https://www.tripadvisor.com/ShowUserReviews-g297685-d10171114-r445992368-Annapurna_Devi_Mandir-Varanasi_Varanasi_District_Uttar_Pradesh.html","https://dynamic-media-cdn.tripadvisor.com/media/photo-o/0d/ef/45/56/priyankprudhvi.jpg?w=100&h=-1&s=1","5.0 of 5 bubbles","Annapurna devi mandir",161,"Annapurna devi mandhir is located near to the Kashi viswanatha temple hardly 100m.  It is one of the Shakthipeeth (1 of 18) and one can donate for annadanam by giving the details of your gothram, star sign etc. and date.","Nov 2016 • Family","","","","2024-03-22T09:24:29Z"
"Annapurna Devi Mandir","Varanasi Uttar Pradesh","g297685","d10171114","4.5","https://www.tripadvisor.com/ShowUserReviews-g297685-d10171114-r432959190-Annapurna_Devi_Mandir-Varanasi_Varanasi_District_Uttar_Pradesh.html","https://dynamic-media-cdn.tripadvisor.com/media/photo-s/02/87/14/0f/loki-knows.jpg?w=100&h=-1&s=1","5.0 of 5 bubbles","Pious and important temple",921,"Annapurna temple is in the same complex as in the Kashi Viswanatha temple. Goddess Annapoorna is the one who provides us food and help us lead a comfortable life.It is always believed that the blessings of this goddess help us to have satisfied life. The temple has beautiful Annapurna idol and many small idols. The main deity is annapurna the goddess of food and good deeds. if you do good deeds you will have good and comfortable life.     The story goes that Goddess Annapurna offered food to Shiva when he came to reside inVaranasi. Rice is offeres to the Goddess and rice is given to us as prasadam.   People offer sarees and rice to the temple and we can perform the pooja on your own. The rice the devotees offer is used to feed the devotees. Free food is given to the devotees  in the temple.Do visit this temple and get the blessings of the goddess.","Nov 2015 • Couples","","","","2024-03-22T09:24:29Z"
"Annapurna Devi Mandir","Varanasi Uttar Pradesh","g297685","d10171114","4.5","https://www.tripadvisor.com/ShowUserReviews-g297685-d10171114-r366013283-Annapurna_Devi_Mandir-Varanasi_Varanasi_District_Uttar_Pradesh.html","https://dynamic-media-cdn.tripadvisor.com/media/photo-o/0b/05/3c/f5/pavankumarraju.jpg?w=100&h=-1&s=1","5.0 of 5 bubbles","Annapurna Devi Mandir",559,"Annapurna Devi Mandir is situated near to Viswanath temple. As this temple is inside Viswanath temple security checking point they won't allow cameras and mobiles. This is must visit temple in Varanasi.  Temple is providing daily tasty free meals for devotees.","Jun 2015 • Family","","","","2024-03-22T09:24:29Z"
"Annapurna Devi Mandir","Varanasi Uttar Pradesh","g297685","d10171114","4.5","https://www.tripadvisor.com/ShowUserReviews-g297685-d10171114-r363003298-Annapurna_Devi_Mandir-Varanasi_Varanasi_District_Uttar_Pradesh.html","https://dynamic-media-cdn.tripadvisor.com/media/photo-o/0a/d1/21/13/srnayak.jpg?w=100&h=-1&s=1","5.0 of 5 bubbles","Annapurneshwari Temple",91,"Annapurneshwari temple is one of the famous temples in Varanasi. This temple was built in 18th century by Maratha Peshwa Baji Rao. The temple is built in Nagara Architecture.There are two idols, one is golden one and the other is brass one. The brass idol is for daily darshan for the devotees. The golden idol is used for darshan once in  a year, i.e. a day before Diwali, every year (Annakoot day). The idol is mesmerizing. The temple is located at Vishweshwar Ganj, close to Manikarnika Ghat.Annapurna is known as the goddess of nourishment. She is an avatar (incarnation) of  Goddess Parvati.It is recommended to visit this temple during Kashi visit.","Mar 2016 • Couples","","","","2024-03-22T09:24:29Z"
