"names","address","geo_id","hotel_id","rating","url","profile_image","review_score","review_heading","profile_contr","review_body","date_of_stay","company_responder","company_response","company_response_date","timestamp"
"Man Mandir Ghat","","g297685","d3705525","4.5","https://www.tripadvisor.com/ShowUserReviews-g297685-d3705525-r942882914-Man_Mandir_Ghat-Varanasi_Varanasi_District_Uttar_Pradesh.html","https://dynamic-media-cdn.tripadvisor.com/media/photo-o/05/ec/3f/9c/eva-c.jpg?w=100&h=-1&s=1","5.0 of 5 bubbles","Beautiful Exterirors, Carved Mouldings",468,"This Ghat stands out among the other ghats due to its beauful brick exteriors and carved mouldings. There are less crowds here compared to its neighbor, the Dasaswameda Ghat.  It appears to be well maintained.","Mar 2024 • Solo","","","","2024-03-22T09:25:11Z"
"Man Mandir Ghat","","g297685","d3705525","4.5","https://www.tripadvisor.com/ShowUserReviews-g297685-d3705525-r788573720-Man_Mandir_Ghat-Varanasi_Varanasi_District_Uttar_Pradesh.html","https://dynamic-media-cdn.tripadvisor.com/media/photo-o/0d/50/07/29/sanju-222323.jpg?w=100&h=-1&s=1","4.0 of 5 bubbles","The Jantar Mantar on the top adds a scientific layer to the ghat, which makes it stand out",163,"The perfect way to see all the ghats in Varanasi is - boat Tour. Agents will come to you when you will be nearby ghats and negotiate with you, make sure that before riding. but again, to see ghats and their beauty, you must have this in Varanasi. Another very old Varanasi ghat, Man Mandir Ghat is notable for its beautifully Rajput architecture (especially window casings ), earlier this was known as Somewswar ghat. Rajput king Man Singh of Jaipur built his palace there in 1600. An additional attraction, the observatory, was added in the 1730s by Sawai Jai Singh II.The Jantar Mantar on the top adds a scientific layer to the ghat, which makes it stand out.","Apr 2021","","","","2024-03-22T09:25:11Z"
"Man Mandir Ghat","","g297685","d3705525","4.5","https://www.tripadvisor.com/ShowUserReviews-g297685-d3705525-r785019350-Man_Mandir_Ghat-Varanasi_Varanasi_District_Uttar_Pradesh.html","https://dynamic-media-cdn.tripadvisor.com/media/photo-o/17/0e/08/ce/arnabc-iitm.jpg?w=100&h=-1&s=1","5.0 of 5 bubbles","Good place to spend time",167,"Dwasashamedh ghat is very crowded. This place is just beside that ghat with less crowd. If anybody wants to see the beauty of river ganga peacefully, he can consider this ghat.","Mar 2021","","","","2024-03-22T09:25:11Z"
"Man Mandir Ghat","","g297685","d3705525","4.5","https://www.tripadvisor.com/ShowUserReviews-g297685-d3705525-r742239124-Man_Mandir_Ghat-Varanasi_Varanasi_District_Uttar_Pradesh.html","https://dynamic-media-cdn.tripadvisor.com/media/photo-o/29/d6/a6/f6/33902015.jpg?w=100&h=-1&s=1","5.0 of 5 bubbles","man mahal 3d musume must see at this ghat",65,"this must see in varanasi, musume open 7a.m and close 8p.m ticket rs 25/. by using 3D technologythe musume will present 3D view of the famouse ghat of kashi, clasical music and heritage, must see light and sound show of river ganga story.","Jan 2020","","","","2024-03-22T09:25:11Z"
"Man Mandir Ghat","","g297685","d3705525","4.5","https://www.tripadvisor.com/ShowUserReviews-g297685-d3705525-r742194111-Man_Mandir_Ghat-Varanasi_Varanasi_District_Uttar_Pradesh.html","https://dynamic-media-cdn.tripadvisor.com/media/photo-o/1a/f6/ef/73/default-avatar-2020-13.jpg?w=100&h=-1&s=1","5.0 of 5 bubbles","Nice place to offer prayers",129,"This ghat is a nice place to offer prayers and avail boating facilities with nice atmosphere and unique experiences.","Dec 2019","","","","2024-03-22T09:25:11Z"
"Man Mandir Ghat","","g297685","d3705525","4.5","https://www.tripadvisor.com/ShowUserReviews-g297685-d3705525-r737555696-Man_Mandir_Ghat-Varanasi_Varanasi_District_Uttar_Pradesh.html","https://dynamic-media-cdn.tripadvisor.com/media/photo-o/1a/f6/e4/2d/default-avatar-2020-48.jpg?w=100&h=-1&s=1","4.0 of 5 bubbles","Man Mandir Ghat",626,"It is adjacent to Dasashmedh Ghat in north. Man Sing observatory is situated next to this ghat. Built by Rajput Raja Man Shing. View from this ghat is beautiful.","Dec 2019","","","","2024-03-22T09:25:11Z"
"Man Mandir Ghat","","g297685","d3705525","4.5","https://www.tripadvisor.com/ShowUserReviews-g297685-d3705525-r733149614-Man_Mandir_Ghat-Varanasi_Varanasi_District_Uttar_Pradesh.html","https://dynamic-media-cdn.tripadvisor.com/media/photo-o/0f/8c/45/64/srini-vaj.jpg?w=100&h=-1&s=1","5.0 of 5 bubbles","Beautiful View",321,"You get a beautiful view of this Ghat as you go in a boat ride from the south tip  to north tip of Varanasi Ghats. The huge old structure looks amazing from the river. You realise how rich is our heritage and culture. Don't miss a boat ride in river ganga to enjoy all this.","Dec 2019","","","","2024-03-22T09:25:11Z"
"Man Mandir Ghat","","g297685","d3705525","4.5","https://www.tripadvisor.com/ShowUserReviews-g297685-d3705525-r704493515-Man_Mandir_Ghat-Varanasi_Varanasi_District_Uttar_Pradesh.html","https://dynamic-media-cdn.tripadvisor.com/media/photo-o/08/83/fb/ea/subhrajyotic.jpg?w=100&h=-1&s=1","5.0 of 5 bubbles","The most popular ghat in Varanasi.",277,"Man Mandir Ghat was built in 1600 by Raja Man Singh and later housed an observatory. The northern corner of the ghat has a fine stone balcony.","Apr 2019","","","","2024-03-22T09:25:11Z"
"Man Mandir Ghat","","g297685","d3705525","4.5","https://www.tripadvisor.com/ShowUserReviews-g297685-d3705525-r703225034-Man_Mandir_Ghat-Varanasi_Varanasi_District_Uttar_Pradesh.html","https://dynamic-media-cdn.tripadvisor.com/media/photo-o/1a/f6/f2/7a/default-avatar-2020-25.jpg?w=100&h=-1&s=1","4.0 of 5 bubbles","Incomparable Design And Beauty",449,"Whoever built this temple must have been a famous artisan of his time, he will have magic in his hands only then this temple is so beautiful.  Its design is incomparable.","Jan 2019","","","","2024-03-22T09:25:11Z"
"Man Mandir Ghat","","g297685","d3705525","4.5","https://www.tripadvisor.com/ShowUserReviews-g297685-d3705525-r681226401-Man_Mandir_Ghat-Varanasi_Varanasi_District_Uttar_Pradesh.html","https://dynamic-media-cdn.tripadvisor.com/media/photo-o/1a/f6/ed/00/default-avatar-2020-4.jpg?w=100&h=-1&s=1","5.0 of 5 bubbles","Man Mandir ghat",73,"This ghat has some Jyotir Lingas   Smeshwar ( equivalent to Somnath, saurashtra), Ganeshwar /Rameshwar (equivalent to Rameshwar , Tamilnadu), Devottes get same kind of blessing of  Jyotirling  while visiting these Jyotirlings in Kashi. Please add them to your to do list","Jun 2019 • Family","","","","2024-03-22T09:25:11Z"
"Man Mandir Ghat","","g297685","d3705525","4.5","https://www.tripadvisor.com/ShowUserReviews-g297685-d3705525-r653852569-Man_Mandir_Ghat-Varanasi_Varanasi_District_Uttar_Pradesh.html","https://dynamic-media-cdn.tripadvisor.com/media/photo-o/1a/f6/f1/06/default-avatar-2020-18.jpg?w=100&h=-1&s=1","4.0 of 5 bubbles","Man Mandir Observatory",0,"New things to watchRecently Man Mandir Observatory has been furnished with some new digital exhibits.","Feb 2019 • Family","","","","2024-03-22T09:25:12Z"
"Man Mandir Ghat","","g297685","d3705525","4.5","https://www.tripadvisor.com/ShowUserReviews-g297685-d3705525-r648505492-Man_Mandir_Ghat-Varanasi_Varanasi_District_Uttar_Pradesh.html","https://dynamic-media-cdn.tripadvisor.com/media/photo-o/1a/f6/ef/73/default-avatar-2020-13.jpg?w=100&h=-1&s=1","4.0 of 5 bubbles","Worth hunting out",350,"Man Mandir Ghat is close to Dasaswamedh Ghat, the main ghat, and for that it's often overlooked, even though it's quieter.  But it's worth the time to explore the history and architecture.","Jan 2019 • Solo","","","","2024-03-22T09:25:12Z"
"Man Mandir Ghat","","g297685","d3705525","4.5","https://www.tripadvisor.com/ShowUserReviews-g297685-d3705525-r647894694-Man_Mandir_Ghat-Varanasi_Varanasi_District_Uttar_Pradesh.html","https://dynamic-media-cdn.tripadvisor.com/media/photo-o/11/e8/01/ab/vijay-amrit-raj-v.jpg?w=100&h=-1&s=1","4.0 of 5 bubbles","Fabulous!",550,"A epic view from inside and outside even more adorable when you see the outer view from the boat passing through bank of holy river Ganga.one of the Ghat near to Dashaswamedh ghat. a peaceful place and can often take bath in Holy Ganga river.","Oct 2018 • Solo","","","","2024-03-22T09:25:12Z"
"Man Mandir Ghat","","g297685","d3705525","4.5","https://www.tripadvisor.com/ShowUserReviews-g297685-d3705525-r642193976-Man_Mandir_Ghat-Varanasi_Varanasi_District_Uttar_Pradesh.html","https://dynamic-media-cdn.tripadvisor.com/media/photo-o/1a/f6/ef/9c/default-avatar-2020-14.jpg?w=100&h=-1&s=1","4.0 of 5 bubbles","impressive",482,"Just in front the old architectur can make you speakless, still in good condition and at night lighted up.","Dec 2018 • Friends","","","","2024-03-22T09:25:12Z"
"Man Mandir Ghat","","g297685","d3705525","4.5","https://www.tripadvisor.com/ShowUserReviews-g297685-d3705525-r635949606-Man_Mandir_Ghat-Varanasi_Varanasi_District_Uttar_Pradesh.html","https://dynamic-media-cdn.tripadvisor.com/media/photo-o/04/03/f2/06/haragopal.jpg?w=100&h=-1&s=1","4.0 of 5 bubbles","Nice.",836,"one of the noted ghats near Narada ghat ,  the Mn mandir ghat too is good and can be seen from a boat ride in GANGA. Historical ghat.","Nov 2018 • Family","","","","2024-03-22T09:25:12Z"
"Man Mandir Ghat","","g297685","d3705525","4.5","https://www.tripadvisor.com/ShowUserReviews-g297685-d3705525-r610058706-Man_Mandir_Ghat-Varanasi_Varanasi_District_Uttar_Pradesh.html","https://dynamic-media-cdn.tripadvisor.com/media/photo-o/1a/f6/e9/bb/default-avatar-2020-65.jpg?w=100&h=-1&s=1","5.0 of 5 bubbles","One of the 64 ghats of kasi",479,"This is one more ghats of varanasi with beautiful buildings and stairways along the banks of ganga. Don't see much tourist around the place. Still we can view these ghats while we go boating along the ganga river","Nov 2017","","","","2024-03-22T09:25:12Z"
"Man Mandir Ghat","","g297685","d3705525","4.5","https://www.tripadvisor.com/ShowUserReviews-g297685-d3705525-r577978100-Man_Mandir_Ghat-Varanasi_Varanasi_District_Uttar_Pradesh.html","https://dynamic-media-cdn.tripadvisor.com/media/photo-o/1a/f6/f1/b8/default-avatar-2020-22.jpg?w=100&h=-1&s=1","4.0 of 5 bubbles","A little crumbling but full of history.",21,"The museum housed in its grounds is worth seeing just to understand how the royalty lived.  You get a good view from balcony of river ganges.","Feb 2018 • Solo","","","","2024-03-22T09:25:12Z"
"Man Mandir Ghat","","g297685","d3705525","4.5","https://www.tripadvisor.com/ShowUserReviews-g297685-d3705525-r570734183-Man_Mandir_Ghat-Varanasi_Varanasi_District_Uttar_Pradesh.html","https://dynamic-media-cdn.tripadvisor.com/media/photo-o/1a/f6/f0/9f/default-avatar-2020-16.jpg?w=100&h=-1&s=1","3.0 of 5 bubbles","Smaller cousin of Dashashwmedh Ghat",159,"This Ghat is just besides the more know Dashashwmedh Ghat. Is more peaceful. Usually is a point for boat pickups. Walking further away and up one reaches Rashmi Guest House or Dolphin Restaurant.","Mar 2018 • Family","","","","2024-03-22T09:25:12Z"
"Man Mandir Ghat","","g297685","d3705525","4.5","https://www.tripadvisor.com/ShowUserReviews-g297685-d3705525-r552777008-Man_Mandir_Ghat-Varanasi_Varanasi_District_Uttar_Pradesh.html","https://dynamic-media-cdn.tripadvisor.com/media/photo-o/06/80/56/c9/mc0777.jpg?w=100&h=-1&s=1","3.0 of 5 bubbles","One Gath of many by the Ganges river",102,"Man Mandir Ghat was built in 1600 by Maharaja Man Singh. It's one of the many Ghat's that are possible to see while you walk by the river of Ganges or if you take the boat trip.","Nov 2017","","","","2024-03-22T09:25:12Z"
"Man Mandir Ghat","","g297685","d3705525","4.5","https://www.tripadvisor.com/ShowUserReviews-g297685-d3705525-r546975639-Man_Mandir_Ghat-Varanasi_Varanasi_District_Uttar_Pradesh.html","https://dynamic-media-cdn.tripadvisor.com/media/photo-o/11/49/df/ae/lakshmikandappan.jpg?w=100&h=-1&s=1","5.0 of 5 bubbles","Ghat with a beautifully built palace",291,"This is one of the 64 ghats in varanasi along river ganga. This house a beautiful palace that we can't miss while riding along ganga. Spending a evening along the banks near this Ghat is peace.","Nov 2017","","","","2024-03-22T09:25:12Z"
"Man Mandir Ghat","","g297685","d3705525","4.5","https://www.tripadvisor.com/ShowUserReviews-g297685-d3705525-r539445347-Man_Mandir_Ghat-Varanasi_Varanasi_District_Uttar_Pradesh.html","https://dynamic-media-cdn.tripadvisor.com/media/photo-o/12/8d/e9/27/binoy84.jpg?w=100&h=-1&s=1","5.0 of 5 bubbles","Palace on the  Ghats",26,"Amazing Palace of the king of jaipur. Enjoy the astrological  jantar mantar. click pics of the awesome ganges","Nov 2017 • Family","","","","2024-03-22T09:25:15Z"
"Man Mandir Ghat","","g297685","d3705525","4.5","https://www.tripadvisor.com/ShowUserReviews-g297685-d3705525-r536900107-Man_Mandir_Ghat-Varanasi_Varanasi_District_Uttar_Pradesh.html","https://dynamic-media-cdn.tripadvisor.com/media/photo-s/02/74/98/76/ricardo-r.jpg?w=100&h=-1&s=1","4.0 of 5 bubbles","Good ghat very close to the principal one",813,"It is right beside the Dasaswamedh ghat and at night as it is less crowded during the Ganga Arti ceremony people use this ghat to put their offers in the water, little floating candles that go down the river. it is also close to Jantar Matar and Singh observatory.","Sep 2017 • Solo","","","","2024-03-22T09:25:15Z"
"Man Mandir Ghat","","g297685","d3705525","4.5","https://www.tripadvisor.com/ShowUserReviews-g297685-d3705525-r536865639-Man_Mandir_Ghat-Varanasi_Varanasi_District_Uttar_Pradesh.html","https://dynamic-media-cdn.tripadvisor.com/media/photo-f/01/2e/70/70/avatar053.jpg?w=100&h=-1&s=1","5.0 of 5 bubbles","Clean, Less Crowded and Photoholic Place",10,"Man Mandir Ghat is clean, green and less crowded than it's nearby ghats (i.e. Dashaswamedh Ghat and Rajendra Prasad Ghat. Lots of Small Plant Pots are there. One can also a hire a boat from this ghat.The Main attraction of this ghat is Man Mandir Mahal (Palace) which is at a walking distance from the ghat. It is also known as Man Singh Observatory. It opens at sunrise and close at sunset. One have to buy a ticket from ticket counter (table) that is just inside the main gate. If anyone is a photoholic, then it is one of the best photo clicking place in varanasi.It is also less crowded and mostly unseen place for every person in a city. (HIdden Gem). There are lots of couple inside the palace.BON VOYAGE!!!!","Sep 2017 • Solo","","","","2024-03-22T09:25:15Z"
"Man Mandir Ghat","","g297685","d3705525","4.5","https://www.tripadvisor.com/ShowUserReviews-g297685-d3705525-r530684445-Man_Mandir_Ghat-Varanasi_Varanasi_District_Uttar_Pradesh.html","https://dynamic-media-cdn.tripadvisor.com/media/photo-o/22/52/88/be/iti-94.jpg?w=100&h=-1&s=1","5.0 of 5 bubbles","very clean with less crowd",261,"there is a beautiful building and an observatory in this ghat.we took our boat ride from this ghat.it is beautiful","Sep 2017 • Family","","","","2024-03-22T09:25:15Z"
"Man Mandir Ghat","","g297685","d3705525","4.5","https://www.tripadvisor.com/ShowUserReviews-g297685-d3705525-r517865036-Man_Mandir_Ghat-Varanasi_Varanasi_District_Uttar_Pradesh.html","https://dynamic-media-cdn.tripadvisor.com/media/photo-o/0b/40/da/86/kiran-a.jpg?w=100&h=-1&s=1","5.0 of 5 bubbles","Ancient Indian Architecture",233,"This is a glimpse of Old Indian Architecture. On the boat ride of Ghats during the evening you will realize how beautiful and rich was our past.","Aug 2017 • Family","","","","2024-03-22T09:25:15Z"
"Man Mandir Ghat","","g297685","d3705525","4.5","https://www.tripadvisor.com/ShowUserReviews-g297685-d3705525-r508887942-Man_Mandir_Ghat-Varanasi_Varanasi_District_Uttar_Pradesh.html","https://dynamic-media-cdn.tripadvisor.com/media/photo-o/1a/f6/e3/1f/default-avatar-2020-46.jpg?w=100&h=-1&s=1","5.0 of 5 bubbles","Palace ",13,"This is amazing ghar because here is combination many places like fort and dolphin restaurant also Varanasi Remembrances dosa cafe Ashul Sharma and Shrew cafe.All kind of fun food and shopping grt","Aug 2017 • Friends","","","","2024-03-22T09:25:15Z"
"Man Mandir Ghat","","g297685","d3705525","4.5","https://www.tripadvisor.com/ShowUserReviews-g297685-d3705525-r499031092-Man_Mandir_Ghat-Varanasi_Varanasi_District_Uttar_Pradesh.html","https://dynamic-media-cdn.tripadvisor.com/media/photo-o/1a/f6/e6/ea/default-avatar-2020-54.jpg?w=100&h=-1&s=1","4.0 of 5 bubbles","Good architecture, more cleanliness needed",366,"Manmandir ghat is one of the important of famous ghats in Varanasi. It was built by Maharaja of Amer (Jaipur). It has a main building entrance on river side and it has a good architecture. One can see exquisite ornate window carvings on the building. There is also one observatory on roof","Jul 2017 • Solo","","","","2024-03-22T09:25:15Z"
"Man Mandir Ghat","","g297685","d3705525","4.5","https://www.tripadvisor.com/ShowUserReviews-g297685-d3705525-r480530109-Man_Mandir_Ghat-Varanasi_Varanasi_District_Uttar_Pradesh.html","https://dynamic-media-cdn.tripadvisor.com/media/photo-o/1a/f6/e6/ea/default-avatar-2020-54.jpg?w=100&h=-1&s=1","4.0 of 5 bubbles","Observatory inside",584,"There is a distinctive red stone building on this ghat, built for Man Singh of Jaisalmer. His son Jai Singh built a grand observatory or Jantar Mantar inside the building.","Apr 2017 • Family","","","","2024-03-22T09:25:15Z"
"Man Mandir Ghat","","g297685","d3705525","4.5","https://www.tripadvisor.com/ShowUserReviews-g297685-d3705525-r464005021-Man_Mandir_Ghat-Varanasi_Varanasi_District_Uttar_Pradesh.html","https://dynamic-media-cdn.tripadvisor.com/media/photo-o/09/6a/1c/83/bhaskarshakhi.jpg?w=100&h=-1&s=1","5.0 of 5 bubbles","Shouldn't be missed",196,"Man Mandir Ghat is located adjacent to the famous Das-Ashwamedh Ghat and is accessible by walk over stairs from  Das-Ashwamedh Ghat or from Godoulia. Man Mandir Ghat is known for the Man Singh palace and the Sun Dial located at this place. It was built by Raja Savai Mana Singh (Maharaja of Jaipur) and now maintained nicely by Archeaological Survey of India.Man Singh's palace is a magnificent building with exquisite, ornately carved windows opening towards the river. Its the beautiful view from the rooms. The building is now being transformed into a museum having detailed information about different ghats of Varanasi, many photographs, information about ancient calculations of time and space.. there's a lot that fascinated me here.On the top of the floor of the palace is a Observatory (Sun Dials) built by Savi Ji Singh. This is one of  the 5 places in india that has such observatories. The other ones are at Jaipur, Delhi, Mathura and Ujjain.The best part is the crescent view of all the ghats of varanasi from the terrace of this building. This is the spot from which most of the promotional photos and videos of varanasi are being shot.. Not to be missed!Open from Sunrise to Sunset. Entry by tickets","Feb 2017 • Family","","","","2024-03-22T09:25:15Z"
"Man Mandir Ghat","","g297685","d3705525","4.5","https://www.tripadvisor.com/ShowUserReviews-g297685-d3705525-r454016736-Man_Mandir_Ghat-Varanasi_Varanasi_District_Uttar_Pradesh.html","https://dynamic-media-cdn.tripadvisor.com/media/photo-s/01/e9/2c/38/avinashmahapatra.jpg?w=100&h=-1&s=1","5.0 of 5 bubbles","Looks amazing with illumination",161,"This Ghat is adjacent to dashwamedh Ghat hence flaunts large tourist crowd, Its background structure is magnificent and looks amazing evening illumination is done.","Jan 2017 • Family","","","","2024-03-22T09:25:15Z"
"Man Mandir Ghat","","g297685","d3705525","4.5","https://www.tripadvisor.com/ShowUserReviews-g297685-d3705525-r446690261-Man_Mandir_Ghat-Varanasi_Varanasi_District_Uttar_Pradesh.html","https://dynamic-media-cdn.tripadvisor.com/media/photo-o/0c/16/7f/8b/breakingwaves2001.jpg?w=100&h=-1&s=1","5.0 of 5 bubbles","How can you rate a Varanasi ghat!",195,"It will be as fascinating as you make it, given the time you spend and the joy you want to see in the world. At this ghat we saw monkeys stealing food, and women bartering over goats balls. It's pretty excellent if you want to see the excellence in it!","Dec 2016 • Couples","","","","2024-03-22T09:25:16Z"
"Man Mandir Ghat","","g297685","d3705525","4.5","https://www.tripadvisor.com/ShowUserReviews-g297685-d3705525-r443388928-Man_Mandir_Ghat-Varanasi_Varanasi_District_Uttar_Pradesh.html","https://dynamic-media-cdn.tripadvisor.com/media/photo-o/15/b4/71/9e/flaneur40.jpg?w=100&h=-1&s=1","4.0 of 5 bubbles","Observatory built by same designer of the one in Jaipur",718,"Of note at this ghat is a distinctive building with an observatory built by the city planner of Jaipur.","Dec 2016 • Friends","","","","2024-03-22T09:25:16Z"
"Man Mandir Ghat","","g297685","d3705525","4.5","https://www.tripadvisor.com/ShowUserReviews-g297685-d3705525-r441678983-Man_Mandir_Ghat-Varanasi_Varanasi_District_Uttar_Pradesh.html","https://dynamic-media-cdn.tripadvisor.com/media/photo-o/1a/f6/e2/4a/default-avatar-2020-42.jpg?w=100&h=-1&s=1","5.0 of 5 bubbles","Splendid Architecture",32,"There is an open air observatory (Jantar Mantar) inside the building. It is less crowded than the nearby Dashashwamedh Ghat and has beautiful architecture.","Nov 2016 • Friends","","","","2024-03-22T09:25:16Z"
"Man Mandir Ghat","","g297685","d3705525","4.5","https://www.tripadvisor.com/ShowUserReviews-g297685-d3705525-r438529334-Man_Mandir_Ghat-Varanasi_Varanasi_District_Uttar_Pradesh.html","https://dynamic-media-cdn.tripadvisor.com/media/photo-o/11/4a/6d/fa/kaniz-k.jpg?w=100&h=-1&s=1","4.0 of 5 bubbles","Great architecture",730,"Man Mandir Ghat is another Ghat on the bank of river Ganges. The impressive architecture has historical importance. The Ghat is not as busy as the other ghats. We however saw some people in meditation, praying and taking bath. The water did not look very clean, but people do not mind taking their bath. Ganges water is always considered holy.","Nov 2016 • Friends","","","","2024-03-22T09:25:16Z"
"Man Mandir Ghat","","g297685","d3705525","4.5","https://www.tripadvisor.com/ShowUserReviews-g297685-d3705525-r429584847-Man_Mandir_Ghat-Varanasi_Varanasi_District_Uttar_Pradesh.html","https://dynamic-media-cdn.tripadvisor.com/media/photo-s/01/b9/13/a9/parabrahmam.jpg?w=100&h=-1&s=1","4.0 of 5 bubbles","worth visiting the man mahal observatory near the ghat",44,"Ghat is good. But so good is the OBSERVATORY near the Ghat which has detailed explanation of the measurements relating to time, position of planetary bodies  etc.using Yantras. . Also present is the description of ghats of varanasi from older times with old photos of the same. There is a Kiosk explaining that the GANGES WATER PURITY is intact inspite of what normally is claimed to be and it is worth reading. There is much to read and observe for those interested. It takes minimum two hours for a full tour for reading the description and visiting the real prototypes ( yantras ) on the first floor. if the authorities could see to that that the windows ( ganga view) all throughout the observatory and the 'cozy' corners in first floor , are not occupied by very young couples ( school, college) in intimate positions it would attract visitors who are interested in the subject.The couples seem to spend maximum time there sitting and blocking the windows .","Oct 2016 • Family","","","","2024-03-22T09:25:16Z"
"Man Mandir Ghat","","g297685","d3705525","4.5","https://www.tripadvisor.com/ShowUserReviews-g297685-d3705525-r428683246-Man_Mandir_Ghat-Varanasi_Varanasi_District_Uttar_Pradesh.html","https://dynamic-media-cdn.tripadvisor.com/media/photo-o/27/e2/10/fa/greatparyatak.jpg?w=100&h=-1&s=1","1.0 of 5 bubbles","Waste of time",292,"Better skip this place and avoid wasting time. Instead be on the banks of Ganges and get blessed. Badly maintained and full of goons roaming around. Feels in secured with family","Sep 2016 • Family","","","","2024-03-22T09:25:16Z"
"Man Mandir Ghat","","g297685","d3705525","4.5","https://www.tripadvisor.com/ShowUserReviews-g297685-d3705525-r428229036-Man_Mandir_Ghat-Varanasi_Varanasi_District_Uttar_Pradesh.html","https://dynamic-media-cdn.tripadvisor.com/media/photo-o/0b/11/e3/1f/anil1050.jpg?w=100&h=-1&s=1","4.0 of 5 bubbles","one of the most beautiful Ghat",184,"Man Mahal Ghat is Built like a Palace with Red Stone. Nicely maintained. It has a observatory at its top. A good history collection inside. Worth to visit","Oct 2016 • Business","","","","2024-03-22T09:25:16Z"
"Man Mandir Ghat","","g297685","d3705525","4.5","https://www.tripadvisor.com/ShowUserReviews-g297685-d3705525-r397852917-Man_Mandir_Ghat-Varanasi_Varanasi_District_Uttar_Pradesh.html","https://dynamic-media-cdn.tripadvisor.com/media/photo-o/0c/34/3f/87/bongblogger.jpg?w=100&h=-1&s=1","5.0 of 5 bubbles","Man Mandir Ghat",304,"The old name of the ghat Somesvara ghat. Rajput King of Amber Raja Savai Man Singh built a palace and this ghat is named after him in the year 1585. The palace is very elegant and there is an astronomical observatory on its roof built by Man Singh’s successor, Jai Singh during the period of 1710-1737.","Sep 2015 • Family","","","","2024-03-22T09:25:16Z"
"Man Mandir Ghat","","g297685","d3705525","4.5","https://www.tripadvisor.com/ShowUserReviews-g297685-d3705525-r383829138-Man_Mandir_Ghat-Varanasi_Varanasi_District_Uttar_Pradesh.html","https://dynamic-media-cdn.tripadvisor.com/media/photo-f/01/2e/70/9a/avatar026.jpg?w=100&h=-1&s=1","5.0 of 5 bubbles","Amazing",164,"Fantastic spectacle on the Ganges.   People bathing and you can get a boat.    Really beautiful place.  Must be seen","Jun 2016 • Couples","","","","2024-03-22T09:25:16Z"
"Man Mandir Ghat","","g297685","d3705525","4.5","https://www.tripadvisor.com/ShowUserReviews-g297685-d3705525-r366913254-Man_Mandir_Ghat-Varanasi_Varanasi_District_Uttar_Pradesh.html","https://dynamic-media-cdn.tripadvisor.com/media/photo-o/1a/f6/f0/48/default-avatar-2020-15.jpg?w=100&h=-1&s=1","4.0 of 5 bubbles","Interesting exhibition",327,"An interesting exhibition about Varanasi and the Ganges, along with a film.  Also an observatory (if you have seen the one in Jaipur this is on a smaller scale).  Lovely views form the rooftop, and a cooling breeze in the exhibition.","Apr 2016 • Solo","","","","2024-03-22T09:25:16Z"
"Man Mandir Ghat","","g297685","d3705525","4.5","https://www.tripadvisor.com/ShowUserReviews-g297685-d3705525-r362209239-Man_Mandir_Ghat-Varanasi_Varanasi_District_Uttar_Pradesh.html","https://dynamic-media-cdn.tripadvisor.com/media/photo-o/1a/f6/ed/ce/default-avatar-2020-7.jpg?w=100&h=-1&s=1","5.0 of 5 bubbles","Morbid corpse burning",417,"Watch a corpse being carried to be burned while artists paint paintings of the Ghat, children beg for money and food, and a guru trying to convince you of the second coming.","Mar 2016 • Friends","","","","2024-03-22T09:25:17Z"
"Man Mandir Ghat","","g297685","d3705525","4.5","https://www.tripadvisor.com/ShowUserReviews-g297685-d3705525-r360536196-Man_Mandir_Ghat-Varanasi_Varanasi_District_Uttar_Pradesh.html","https://dynamic-media-cdn.tripadvisor.com/media/photo-o/1a/f6/df/2b/default-avatar-2020-39.jpg?w=100&h=-1&s=1","5.0 of 5 bubbles","place is good for pin daan",4,"please if you are going to do pin daan in varanasi beware of the tour and travels especially under the name (holy voyages or spiritual tours) both will deceive you by saying they got 20 yrs experience to get your business but if you want to do pin daan you can directly go the ghats get a guide arrange a poojari from their don't, never ever book through the travels all of the travels need your money we are ready to pay but the rituals are badly conducted even i doubt the pandit arranged by this guys are genuine or not","Apr 2016 • Family","","","","2024-03-22T09:25:17Z"
"Man Mandir Ghat","","g297685","d3705525","4.5","https://www.tripadvisor.com/ShowUserReviews-g297685-d3705525-r358182342-Man_Mandir_Ghat-Varanasi_Varanasi_District_Uttar_Pradesh.html","https://dynamic-media-cdn.tripadvisor.com/media/photo-o/0c/fc/64/34/porsche911sc.jpg?w=100&h=-1&s=1","4.0 of 5 bubbles","Get the best pictures from a boat",459,"Ganga and its life from a boat, but also easy walking, along all ghats from the burning ghat via main ghat to Assi Ghat needs you 1 1/2 hour walking, or app 1 hour by boat","Feb 2016 • Friends","","","","2024-03-22T09:25:17Z"
"Man Mandir Ghat","","g297685","d3705525","4.5","https://www.tripadvisor.com/ShowUserReviews-g297685-d3705525-r355264751-Man_Mandir_Ghat-Varanasi_Varanasi_District_Uttar_Pradesh.html","https://dynamic-media-cdn.tripadvisor.com/media/photo-o/1a/f6/df/99/default-avatar-2020-40.jpg?w=100&h=-1&s=1","5.0 of 5 bubbles","must visit",9,"one must visit this ghat and the observatory superbly maintained by ARCHAEOLOGICAL SURVEY OF INDIA.one of the cleanest places with breathtaking views of the GANGA. also the interactive displays will help everyone understand and enjoy VARANASI even more.","Mar 2016 • Couples","","","","2024-03-22T09:25:17Z"
"Man Mandir Ghat","","g297685","d3705525","4.5","https://www.tripadvisor.com/ShowUserReviews-g297685-d3705525-r340642664-Man_Mandir_Ghat-Varanasi_Varanasi_District_Uttar_Pradesh.html","https://dynamic-media-cdn.tripadvisor.com/media/photo-s/03/04/75/05/amy9090.jpg?w=100&h=-1&s=1","4.0 of 5 bubbles","Good Architecture",78,"The ghat is adjacent to dasaswamedh ghat, its fortly like structure looks huge and is very picturesque from the boat, neat and clean","Dec 2015 • Family","","","","2024-03-22T09:25:17Z"
"Man Mandir Ghat","","g297685","d3705525","4.5","https://www.tripadvisor.com/ShowUserReviews-g297685-d3705525-r339543363-Man_Mandir_Ghat-Varanasi_Varanasi_District_Uttar_Pradesh.html","https://dynamic-media-cdn.tripadvisor.com/media/photo-o/0a/61/c6/63/gundeep.jpg?w=100&h=-1&s=1","3.0 of 5 bubbles","Clean Pleasant Ghaat",381,"One of the more interesting and cleaner ghats to look at while boating alongside. The ghat was built by a rajasthan king Man Singh, hence the name and Rajasthani type of architecture.","Nov 2015 • Friends","","","","2024-03-22T09:25:17Z"
"Man Mandir Ghat","","g297685","d3705525","4.5","https://www.tripadvisor.com/ShowUserReviews-g297685-d3705525-r338920243-Man_Mandir_Ghat-Varanasi_Varanasi_District_Uttar_Pradesh.html","https://dynamic-media-cdn.tripadvisor.com/media/photo-o/1a/f6/e7/3d/default-avatar-2020-55.jpg?w=100&h=-1&s=1","5.0 of 5 bubbles","Great view of the Ganges!",411,"It is clean. There were not anybody who asked us and begged for Money, There are many Nice details of handicrafted statues in the architecture. The balcony has a great view of the Ganges!","Jan 2016 • Couples","","","","2024-03-22T09:25:17Z"
"Man Mandir Ghat","","g297685","d3705525","4.5","https://www.tripadvisor.com/ShowUserReviews-g297685-d3705525-r336404707-Man_Mandir_Ghat-Varanasi_Varanasi_District_Uttar_Pradesh.html","https://dynamic-media-cdn.tripadvisor.com/media/photo-o/05/a8/9e/8c/eladamir1984.jpg?w=100&h=-1&s=1","4.0 of 5 bubbles","Cool Ghat",244,"Like the rest of the Ghats in Varanasi, they are all worth visiting. I can't really say that there was something extraordinary in this Ghat but was still beautiful. The architecture was cool.","Dec 2015","","","","2024-03-22T09:25:17Z"
"Man Mandir Ghat","","g297685","d3705525","4.5","https://www.tripadvisor.com/ShowUserReviews-g297685-d3705525-r333482250-Man_Mandir_Ghat-Varanasi_Varanasi_District_Uttar_Pradesh.html","https://dynamic-media-cdn.tripadvisor.com/media/photo-o/07/e4/e1/5f/sushilpawar.jpg?w=100&h=-1&s=1","4.0 of 5 bubbles","Cleanest of all",18,"The only Ghat which I found clean was the Man Mandir Ghat with plenty of potted plants.There has been some improvement after the new government has taken over.","Dec 2015 • Friends","","","","2024-03-22T09:25:17Z"
"Man Mandir Ghat","","g297685","d3705525","4.5","https://www.tripadvisor.com/ShowUserReviews-g297685-d3705525-r330779470-Man_Mandir_Ghat-Varanasi_Varanasi_District_Uttar_Pradesh.html","https://dynamic-media-cdn.tripadvisor.com/media/photo-o/01/7b/bd/b1/sagar137.jpg?w=100&h=-1&s=1","3.0 of 5 bubbles","Walk through",658,"There are many Ghats here and the building at Man Mandir ghat are interesting. Suggest you do an early morning walk through all the ghats. Some of the Ghats are not for the faint hearted. Be prepared.","Nov 2015 • Family","","","","2024-03-22T09:25:17Z"
"Man Mandir Ghat","","g297685","d3705525","4.5","https://www.tripadvisor.com/ShowUserReviews-g297685-d3705525-r323566437-Man_Mandir_Ghat-Varanasi_Varanasi_District_Uttar_Pradesh.html","https://dynamic-media-cdn.tripadvisor.com/media/photo-o/03/84/94/e0/atmananda.jpg?w=100&h=-1&s=1","5.0 of 5 bubbles","Center of Everything",466,"Central location - with the evening aartis of Dasaswamedh Ghat next door, and Vishwanath Mandir and Vishalakshi just inside the alleys, lots of restaurants and hotels lining the river. And the Ghat is named for the astronomical observatory on the roof of this grand haveli palace. It's not easy to get through the traffic, so once you're here, plan to spend some time enjoying the ambiance.","Oct 2015 • Friends","","","","2024-03-22T09:25:19Z"
"Man Mandir Ghat","","g297685","d3705525","4.5","https://www.tripadvisor.com/ShowUserReviews-g297685-d3705525-r321864143-Man_Mandir_Ghat-Varanasi_Varanasi_District_Uttar_Pradesh.html","https://dynamic-media-cdn.tripadvisor.com/media/photo-o/1a/f6/f4/20/default-avatar-2020-31.jpg?w=100&h=-1&s=1","4.0 of 5 bubbles","Breathtaking river",27,"Could scramble like a goat around all the ghats like this on for days and days on end.  Recommended to visit early morning, late afternoon.","Oct 2015 • Family","","","","2024-03-22T09:25:19Z"
"Man Mandir Ghat","","g297685","d3705525","4.5","https://www.tripadvisor.com/ShowUserReviews-g297685-d3705525-r320684690-Man_Mandir_Ghat-Varanasi_Varanasi_District_Uttar_Pradesh.html","https://dynamic-media-cdn.tripadvisor.com/media/photo-o/07/e8/fd/68/ovjt64.jpg?w=100&h=-1&s=1","5.0 of 5 bubbles","Holy ghat",97,"Almost all the Ghats are shown from very close view from River Ganga. But one must visit at every ghat by visiting at the place. But we are not getting good guides who can take to the ghats.","Oct 2015 • Solo","","","","2024-03-22T09:25:19Z"
"Man Mandir Ghat","","g297685","d3705525","4.5","https://www.tripadvisor.com/ShowUserReviews-g297685-d3705525-r314310516-Man_Mandir_Ghat-Varanasi_Varanasi_District_Uttar_Pradesh.html","https://dynamic-media-cdn.tripadvisor.com/media/photo-o/10/0c/b0/b0/chrimo-015.jpg?w=100&h=-1&s=1","4.0 of 5 bubbles","Good starting point",28,"It is considered on e of the main ghats of Varanasi. It often is the most crowded one, nevertheless a great starting point exploring the other string of ghats","Feb 2015","","","","2024-03-22T09:25:19Z"
"Man Mandir Ghat","","g297685","d3705525","4.5","https://www.tripadvisor.com/ShowUserReviews-g297685-d3705525-r307108516-Man_Mandir_Ghat-Varanasi_Varanasi_District_Uttar_Pradesh.html","https://dynamic-media-cdn.tripadvisor.com/media/photo-o/1f/4c/78/f1/georgeycool.jpg?w=100&h=-1&s=1","4.0 of 5 bubbles","Man Mandir Ghat- Beautiful Place",106,"Man Mandir Ghat build by Raja Man sigh is one among the Ghats to be visited, This Ghats have a beautiful Balcony which makes it unique among all Ghats","Mar 2015 • Friends","","","","2024-03-22T09:25:19Z"
"Man Mandir Ghat","","g297685","d3705525","4.5","https://www.tripadvisor.com/ShowUserReviews-g297685-d3705525-r299274563-Man_Mandir_Ghat-Varanasi_Varanasi_District_Uttar_Pradesh.html","https://dynamic-media-cdn.tripadvisor.com/media/photo-o/07/98/5e/88/sabujsen.jpg?w=100&h=-1&s=1","3.0 of 5 bubbles","ethnic.......",137,"if you like to ancient astrology then must be visit this place. There is nice togetherness of ancient River Ganges and Ancient astrology practice by our ancestors . Enjoy the some moment here and feel the ancient India.","Oct 2014","","","","2024-03-22T09:25:19Z"
"Man Mandir Ghat","","g297685","d3705525","4.5","https://www.tripadvisor.com/ShowUserReviews-g297685-d3705525-r288498789-Man_Mandir_Ghat-Varanasi_Varanasi_District_Uttar_Pradesh.html","https://dynamic-media-cdn.tripadvisor.com/media/photo-o/08/5c/a9/14/gaurav-s006.jpg?w=100&h=-1&s=1","5.0 of 5 bubbles","A one of its kind from a series of ghat",43,"Man mandir ghat has its own mythological story like other ghats, the best time to explore this ghat is during eveing before sunset, best place for couples and families, you can go around for boating across the riverside and ghat side from this ghat","Dec 2014 • Couples","","","","2024-03-22T09:25:19Z"
"Man Mandir Ghat","","g297685","d3705525","4.5","https://www.tripadvisor.com/ShowUserReviews-g297685-d3705525-r274181835-Man_Mandir_Ghat-Varanasi_Varanasi_District_Uttar_Pradesh.html","https://dynamic-media-cdn.tripadvisor.com/media/photo-o/03/6d/2f/c7/suneel-12.jpg?w=100&h=-1&s=1","4.0 of 5 bubbles","Nice attraction",402,"The ghatis named after Man Singh, a king from Rajasthan. Some parts of the palace can be visited.The roof provides fabulous view. \","May 2015 • Business","","","","2024-03-22T09:25:19Z"
"Man Mandir Ghat","","g297685","d3705525","4.5","https://www.tripadvisor.com/ShowUserReviews-g297685-d3705525-r256810837-Man_Mandir_Ghat-Varanasi_Varanasi_District_Uttar_Pradesh.html","https://dynamic-media-cdn.tripadvisor.com/media/photo-o/13/b3/21/6a/peregrineri.jpg?w=100&h=-1&s=1","5.0 of 5 bubbles","Don't miss",950,"The main feature of this ghat is the observatory on the roof of the palace. Built by Man Singh in the early 18th century, it is incredibly accurate in its measurements. A more compact version of the ones in Jaipur and Delhi, and thoroughly fascinating.","Nov 2014 • Solo","","","","2024-03-22T09:25:19Z"
"Man Mandir Ghat","","g297685","d3705525","4.5","https://www.tripadvisor.com/ShowUserReviews-g297685-d3705525-r253395628-Man_Mandir_Ghat-Varanasi_Varanasi_District_Uttar_Pradesh.html","https://dynamic-media-cdn.tripadvisor.com/media/photo-o/05/33/33/fe/bishwaksen.jpg?w=100&h=-1&s=1","5.0 of 5 bubbles","One of the main attractions of Varanasi",116,"The ghat gets its name from the palace of Man Singh, a king from Rajasthan that lies on it.You can enter some parts of the palace. You get spectacular views from the roof. One part of the roog contains an observatory (same model as the ones in Jaipur (an UNESCO World Heritage site) and Delhi but on a much smaller scale)The ghat itself is a haven for many cows and bulls.For Bengali travelers, an added bonus is a small temple just below the palace called Machli Baba's temple/ashram","Jan 2015 • Solo","","","","2024-03-22T09:25:19Z"
"Man Mandir Ghat","","g297685","d3705525","4.5","https://www.tripadvisor.com/ShowUserReviews-g297685-d3705525-r205622148-Man_Mandir_Ghat-Varanasi_Varanasi_District_Uttar_Pradesh.html","https://dynamic-media-cdn.tripadvisor.com/media/photo-o/05/a7/d4/6a/jolyon67.jpg?w=100&h=-1&s=1","3.0 of 5 bubbles","Hindu Observatory",714,"Man Mandir Ghat is the first you come to north of the main ghat where the tourist boats leave from. Its upper levels have some beautifully carved balconies and windows in Rajput style. On the roof is an observatory from 1710 - built by Raja Mansingh. It costs $2 US or 100Rs to visit. The observatory is a small version of the Jantar Mantar you see in Jaipur. Rashmi Guest House is right next to this Ghat.","Dec 2013 • Friends","","","","2024-03-22T09:25:20Z"
"Man Mandir Ghat","","g297685","d3705525","4.5","https://www.tripadvisor.com/ShowUserReviews-g297685-d3705525-r159365298-Man_Mandir_Ghat-Varanasi_Varanasi_District_Uttar_Pradesh.html","https://dynamic-media-cdn.tripadvisor.com/media/photo-o/1d/8d/fb/00/jenabaintheworld.jpg?w=100&h=-1&s=1","5.0 of 5 bubbles","beautiful building and story",546,"we walked and boated along this ghat.   one of the larger ghats-- and over 100 years old.   beautifully built.","Apr 2013 • Family","","","","2024-03-22T09:25:20Z"
"Man Mandir Ghat","","g297685","d3705525","4.5","https://www.tripadvisor.com/ShowUserReviews-g297685-d3705525-r151860675-Man_Mandir_Ghat-Varanasi_Varanasi_District_Uttar_Pradesh.html","https://dynamic-media-cdn.tripadvisor.com/media/photo-o/03/a4/d7/d0/neelendu.jpg?w=100&h=-1&s=1","4.0 of 5 bubbles","Observatory",78,"Man Mandir ghat is on the steps below of the Man Sigh Vedhshala(The Observatory like Jantar Mantar in Jaipur). Man Madir vedhshala was created by Raja Man Sigh who was interested in geometric calculations of the universe. The observatory has a sun dial and other instruments to measure the time, eclipse and etc.","Jan 2013 • Friends","","","","2024-03-22T09:25:20Z"
