"names","address","geo_id","hotel_id","rating","url","profile_image","review_score","review_heading","profile_contr","review_body","date_of_stay","company_responder","company_response","company_response_date","timestamp"
"Harishchandra Ghat","","g297685","d4139125","4.0","https://www.tripadvisor.com/ShowUserReviews-g297685-d4139125-r875395822-Harishchandra_Ghat-Varanasi_Varanasi_District_Uttar_Pradesh.html","https://dynamic-media-cdn.tripadvisor.com/media/photo-o/27/e2/10/fa/greatparyatak.jpg?w=100&h=-1&s=1","5.0 of 5 bubbles","To know more about 'Death'",292,"Anytime of the day one could observe that about a dozen dead bodies are being burnt in this cremation ghat.","Nov 2022","","","","2024-03-22T09:26:31Z"
"Harishchandra Ghat","","g297685","d4139125","4.0","https://www.tripadvisor.com/ShowUserReviews-g297685-d4139125-r859766316-Harishchandra_Ghat-Varanasi_Varanasi_District_Uttar_Pradesh.html","https://dynamic-media-cdn.tripadvisor.com/media/photo-o/09/98/8a/8a/cristinamaymin.jpg?w=100&h=-1&s=1","5.0 of 5 bubbles","Way ""better"" than Manikarnika Ghat",240,"No scammers around. It is a ""peaceful"" place for observers and family members of the deceased. Mostly males are there. Please, respect the context, do not take pictures or recording without permission.","Sep 2022 • Friends","","","","2024-03-22T09:26:31Z"
"Harishchandra Ghat","","g297685","d4139125","4.0","https://www.tripadvisor.com/ShowUserReviews-g297685-d4139125-r839769778-Harishchandra_Ghat-Varanasi_Varanasi_District_Uttar_Pradesh.html","https://dynamic-media-cdn.tripadvisor.com/media/photo-o/18/6b/6f/c1/imrchaudhary.jpg?w=100&h=-1&s=1","5.0 of 5 bubbles","Harish Chandra Ghat",279,"The ghat is an excellent place to observe the sunrise and the sunset and experience the beauty of nature closely. In Hindu mythology, it is believed that if a person is cremated at the Harish Chandra Ghat, that person gets salvation or ""moksha"".This is also the ghat where the evening Ganga Aarthi takes place attracting a huge crowd.","Jan 2022","","","","2024-03-22T09:26:31Z"
"Harishchandra Ghat","","g297685","d4139125","4.0","https://www.tripadvisor.com/ShowUserReviews-g297685-d4139125-r788650362-Harishchandra_Ghat-Varanasi_Varanasi_District_Uttar_Pradesh.html","https://dynamic-media-cdn.tripadvisor.com/media/photo-o/0d/50/07/29/sanju-222323.jpg?w=100&h=-1&s=1","3.0 of 5 bubbles","Interesting Story  behind the name",163,"Of course not a great site to see burning bodies, but that's the truth. I guess every Hindu must have heard this story of this ghat named after Harishchandra ghat and is associated with “Truth” or Satya. It’s believed that, once Rishi Viswamitra asked for Dakshina (Ritual fee) from Harishchandra, he generously gave his entire kingdom to him. Viswamitra accepted the kingdom but was not happy with the fee. To be true to his word, Harishchandra sold his wife and son into slavery and he traveled to Kashi. In Kashi, he devoted himself as a worker in a crematorium. One day his wife arrived at Kashi with the dead body of their son. His wife could not afford the crematorium fee but Harishchandra turned them away. Gods were watching Harishchandra carefully and were pleased with the strengths of his character. Finally, God returned his kingdom and family to him. Harishchandra Ghat is the oldest ghat and one of the two cremations ghats of the city. The ghat is said to be even older than Manikarnika Ghat and called as “Adi Manikarnika” or “Original Manikarnika”.The perfect way to see all the ghats in Varanasi is - boat Tour. Agents will come to you when you will be nearby ghats and negotiate with you, make sure that before riding. but again, to see 130 ghats and their beauty, you must have this in Varanasi,","Apr 2021","","","","2024-03-22T09:26:31Z"
"Harishchandra Ghat","","g297685","d4139125","4.0","https://www.tripadvisor.com/ShowUserReviews-g297685-d4139125-r751251120-Harishchandra_Ghat-Varanasi_Varanasi_District_Uttar_Pradesh.html","https://dynamic-media-cdn.tripadvisor.com/media/photo-o/1a/f6/f1/b8/default-avatar-2020-22.jpg?w=100&h=-1&s=1","4.0 of 5 bubbles","second burning ghat",110,"smaller than Manikarnika ghat, but equally interesting. 4-5 cremations happened at the same time, lot of people (just men) were mourning around the fire...","Feb 2020","","","","2024-03-22T09:26:31Z"
"Harishchandra Ghat","","g297685","d4139125","4.0","https://www.tripadvisor.com/ShowUserReviews-g297685-d4139125-r742194043-Harishchandra_Ghat-Varanasi_Varanasi_District_Uttar_Pradesh.html","https://dynamic-media-cdn.tripadvisor.com/media/photo-o/1a/f6/ef/73/default-avatar-2020-13.jpg?w=100&h=-1&s=1","5.0 of 5 bubbles","Great place to see sunset",129,"The ghat is an excellent place to observe the sunrise and the sunset and experience the beauty of nature closely.","Dec 2019","","","","2024-03-22T09:26:31Z"
"Harishchandra Ghat","","g297685","d4139125","4.0","https://www.tripadvisor.com/ShowUserReviews-g297685-d4139125-r739822459-Harishchandra_Ghat-Varanasi_Varanasi_District_Uttar_Pradesh.html","https://dynamic-media-cdn.tripadvisor.com/media/photo-o/1a/f6/e7/3d/default-avatar-2020-55.jpg?w=100&h=-1&s=1","5.0 of 5 bubbles","Legendary",123,"One of the numerous kings who ruled India and left an indelible impression on the Hindu way of life was Raja Harischandra. No other personality in the entire human history can match his adherence to truth and a promise that he made. Giving us his kingdom and becoming a slave to a sage who was testing his resolve, the trials and tribulations during his life are truly legendary. The ghat where he took up a job of being in charge of the crematorium reminds of his numerous sacrifices for the sake of truth.","Dec 2019","","","","2024-03-22T09:26:31Z"
"Harishchandra Ghat","","g297685","d4139125","4.0","https://www.tripadvisor.com/ShowUserReviews-g297685-d4139125-r737551497-Harishchandra_Ghat-Varanasi_Varanasi_District_Uttar_Pradesh.html","https://dynamic-media-cdn.tripadvisor.com/media/photo-o/1a/f6/e4/2d/default-avatar-2020-48.jpg?w=100&h=-1&s=1","4.0 of 5 bubbles","Harishchandra  Ghat",626,"Harishchandra Ghat in Varanasi situated in south side of Dasashwmedh Ghat. During visit to BHU, I visited this place. Cleanliness is good.","Dec 2019","","","","2024-03-22T09:26:31Z"
"Harishchandra Ghat","","g297685","d4139125","4.0","https://www.tripadvisor.com/ShowUserReviews-g297685-d4139125-r732419003-Harishchandra_Ghat-Varanasi_Varanasi_District_Uttar_Pradesh.html","https://dynamic-media-cdn.tripadvisor.com/media/photo-o/1a/f6/ea/74/default-avatar-2020-68.jpg?w=100&h=-1&s=1","5.0 of 5 bubbles","magical and accessible",15,"I had a foot injury and thought I wouldn't be able to negotiate but it was easy with railings.  Being on the boat was also easy - good entry.  A magical experience not to be misse3d.","Nov 2019","","","","2024-03-22T09:26:31Z"
"Harishchandra Ghat","","g297685","d4139125","4.0","https://www.tripadvisor.com/ShowUserReviews-g297685-d4139125-r729839642-Harishchandra_Ghat-Varanasi_Varanasi_District_Uttar_Pradesh.html","https://dynamic-media-cdn.tripadvisor.com/media/photo-o/03/60/00/23/primepork.jpg?w=100&h=-1&s=1","5.0 of 5 bubbles","The secondary cremation ghat in Varanasi",489,"We visited the Harish Chandra Ghat in Varanasi as I have an interest in funerary rights having worked in the funeral trade in the UK. This Ghat is secondary to the Manikarnika Ghat. We viewed the cremations from the river via boat and also on land. We were humbled to view a family lighting the funeral pyre for their relative.","Nov 2019","","","","2024-03-22T09:26:31Z"
"Harishchandra Ghat","","g297685","d4139125","4.0","https://www.tripadvisor.com/ShowUserReviews-g297685-d4139125-r722290324-Harishchandra_Ghat-Varanasi_Varanasi_District_Uttar_Pradesh.html","https://dynamic-media-cdn.tripadvisor.com/media/photo-o/1a/f6/e2/4a/default-avatar-2020-42.jpg?w=100&h=-1&s=1","4.0 of 5 bubbles","Harishchandra Ghat",688,"Just like any other ghar in Varanasi, you can take a boat ride here across the river Ganga and make sure to bargain. One of the boat owner asked me 300rs and in the end settled for 100rs.","Aug 2019","","","","2024-03-22T09:26:32Z"
"Harishchandra Ghat","","g297685","d4139125","4.0","https://www.tripadvisor.com/ShowUserReviews-g297685-d4139125-r714451592-Harishchandra_Ghat-Varanasi_Varanasi_District_Uttar_Pradesh.html","https://dynamic-media-cdn.tripadvisor.com/media/photo-o/1a/f6/f3/7c/default-avatar-2020-29.jpg?w=100&h=-1&s=1","5.0 of 5 bubbles","Unforgettable",98,"Had a very early start to visit the Ghat at sunrise from the Ganges. We walked in a group through roads selling fresh flowers and chai to reach the shores of the Ganges. This is one of the two cremation Ghats where many bodies were already being prepared. Our local guide was a fount of knowledge. We we then disembarked and walked through a little shanty area where people were just getting up.An unforgettable and unbelievably poignant experience.","Mar 2019","","","","2024-03-22T09:26:32Z"
"Harishchandra Ghat","","g297685","d4139125","4.0","https://www.tripadvisor.com/ShowUserReviews-g297685-d4139125-r704495568-Harishchandra_Ghat-Varanasi_Varanasi_District_Uttar_Pradesh.html","https://dynamic-media-cdn.tripadvisor.com/media/photo-o/08/83/fb/ea/subhrajyotic.jpg?w=100&h=-1&s=1","5.0 of 5 bubbles","One of the two cremation Ghats in Varanasi",277,"One of the oldest Ghats of Varanasi. Harish Chandra Ghat is name after a mythological King Harish Chandra, who once worked at the cremation ground here for the perseverance of truth and charity. In Hindu mythology it is believed that if a person is cremated at the Harish Chandra Ghat, that person gets salvation or ""moksha"".","Apr 2019","","","","2024-03-22T09:26:32Z"
"Harishchandra Ghat","","g297685","d4139125","4.0","https://www.tripadvisor.com/ShowUserReviews-g297685-d4139125-r681228355-Harishchandra_Ghat-Varanasi_Varanasi_District_Uttar_Pradesh.html","https://dynamic-media-cdn.tripadvisor.com/media/photo-o/1a/f6/ed/00/default-avatar-2020-4.jpg?w=100&h=-1&s=1","5.0 of 5 bubbles","Harishchandra Ghat",73,"Harish Chandra Ghat is one of the two cremation Ghats (the other being Manikarnika Ghat) and is some times referred as Adi Manikarnika (the original creation ground). Hindus from distant places bring the dead bodies of their near and dear ones to the Harish Chandra Ghat for cremation. In Hindu mythology it is believed that if a person is cremated at the Harish Chandra Ghat, that person gets salvation or ""moksha"".","Jun 2019 • Family","","","","2024-03-22T09:26:32Z"
"Harishchandra Ghat","","g297685","d4139125","4.0","https://www.tripadvisor.com/ShowUserReviews-g297685-d4139125-r677321447-Harishchandra_Ghat-Varanasi_Varanasi_District_Uttar_Pradesh.html","https://dynamic-media-cdn.tripadvisor.com/media/photo-o/0f/fd/d2/4b/rajums.jpg?w=100&h=-1&s=1","4.0 of 5 bubbles","Final Rites! ",226,"This seems to be a ghat which is popular with the locals as well as the tourists.It is evident from the fact from the crowd it attracts. It also has a vegetable market and several tea shops on the approach road to the ghat.This is also the ghat where the evening Ganga Aarthi takes place attracting a huge crowd.","May 2019 • Friends","","","","2024-03-22T09:26:32Z"
"Harishchandra Ghat","","g297685","d4139125","4.0","https://www.tripadvisor.com/ShowUserReviews-g297685-d4139125-r650999680-Harishchandra_Ghat-Varanasi_Varanasi_District_Uttar_Pradesh.html","https://dynamic-media-cdn.tripadvisor.com/media/photo-s/02/36/f9/73/sandeepksaxena.jpg?w=100&h=-1&s=1","5.0 of 5 bubbles","Harishchandra Ghat : symbol of honesty",503,"Harish Chandra Ghat is one of the oldest Ghats of Varanasi. Harishchandra Ghat is the symbol of honesty. Harischandra Ghat has historical importance as it is believed that Raja Harishchandra cremated his son here. Many Hindus believe that cremating someone here leads to moksha and salvation. The place might seem dirty and uneasy for some as dead bodies are burnt in the open, bit this a photographer's paradise. Take a boat ride for some of the best views of the ghat.","Dec 2018 • Family","","","","2024-03-22T09:26:32Z"
"Harishchandra Ghat","","g297685","d4139125","4.0","https://www.tripadvisor.com/ShowUserReviews-g297685-d4139125-r648504717-Harishchandra_Ghat-Varanasi_Varanasi_District_Uttar_Pradesh.html","https://dynamic-media-cdn.tripadvisor.com/media/photo-o/1a/f6/ef/73/default-avatar-2020-13.jpg?w=100&h=-1&s=1","4.0 of 5 bubbles","A challenge for Westerners",350,"Harishchandra Ghat is the smaller of the two burning ghats in Varanasi.  However, its intimacy makes it all the more moving.  Unfortunately, there are too many hawkers, which you don't get at the other burning ghat.","Jan 2019 • Solo","","","","2024-03-22T09:26:32Z"
"Harishchandra Ghat","","g297685","d4139125","4.0","https://www.tripadvisor.com/ShowUserReviews-g297685-d4139125-r643595943-Harishchandra_Ghat-Varanasi_Varanasi_District_Uttar_Pradesh.html","https://dynamic-media-cdn.tripadvisor.com/media/photo-o/05/2c/1a/1d/bharathimani.jpg?w=100&h=-1&s=1","4.0 of 5 bubbles","Burning of corpses",160,"A solemn reminder of death being the absolute truth. This is much smaller than the Manikarnika ghat but corpses are burnt day and night","Jan 2019 • Couples","","","","2024-03-22T09:26:32Z"
"Harishchandra Ghat","","g297685","d4139125","4.0","https://www.tripadvisor.com/ShowUserReviews-g297685-d4139125-r643290195-Harishchandra_Ghat-Varanasi_Varanasi_District_Uttar_Pradesh.html","https://dynamic-media-cdn.tripadvisor.com/media/photo-o/0f/aa/05/f6/sinchita-s.jpg?w=100&h=-1&s=1","5.0 of 5 bubbles","Easily Accessible Centrally Located Ghat",176,"If you consider Harishchandra Ghat as the central point, if you go right you'll reach Assi Ghat (the last Ghat) and if you go left that'll lead you to Dashwamedh Ghat. I took to the right and crossed all the less recognised ghats before reaching Assi Ghat. The other ghats being less frequented, it gives you the opportunity to sit in peace and enjoy your solitude.P. S. - Beware of miscreants. Sometimes there are these group of guys trying to act smart. Best is to ignore and walk away.","Nov 2018 • Solo","","","","2024-03-22T09:26:32Z"
"Harishchandra Ghat","","g297685","d4139125","4.0","https://www.tripadvisor.com/ShowUserReviews-g297685-d4139125-r641985807-Harishchandra_Ghat-Varanasi_Varanasi_District_Uttar_Pradesh.html","https://dynamic-media-cdn.tripadvisor.com/media/photo-o/1a/f6/f1/79/default-avatar-2020-21.jpg?w=100&h=-1&s=1","5.0 of 5 bubbles","nice ghat",221,"Harishchandra ghat is a nice ghat .quite clean now.as the other ghats lots of steps to descend.must go","Nov 2018 • Couples","","","","2024-03-22T09:26:32Z"
"Harishchandra Ghat","","g297685","d4139125","4.0","https://www.tripadvisor.com/ShowUserReviews-g297685-d4139125-r640834857-Harishchandra_Ghat-Varanasi_Varanasi_District_Uttar_Pradesh.html","https://dynamic-media-cdn.tripadvisor.com/media/photo-o/29/76/3c/67/caption.jpg?w=100&h=-1&s=1","5.0 of 5 bubbles","Harishchandra Ghat",84,"Harishchandra Ghat is very famous ghat in varanasi, banaras, a place where raja harishchandra work at SHAMSHAN AS CHANDAL.","Nov 2018 • Friends","","","","2024-03-22T09:26:34Z"
"Harishchandra Ghat","","g297685","d4139125","4.0","https://www.tripadvisor.com/ShowUserReviews-g297685-d4139125-r640070517-Harishchandra_Ghat-Varanasi_Varanasi_District_Uttar_Pradesh.html","https://dynamic-media-cdn.tripadvisor.com/media/photo-o/11/e8/01/ab/vijay-amrit-raj-v.jpg?w=100&h=-1&s=1","2.0 of 5 bubbles","Not an Attraction !",550,"I won't recommend anyone to visit this place as its a crematorium,corpse are been brought for funeral over here. Its not an attraction at all so my suggestion is to avoid this place as only burning corpse and Ash can be seen over here.","Oct 2018 • Friends","","","","2024-03-22T09:26:34Z"
"Harishchandra Ghat","","g297685","d4139125","4.0","https://www.tripadvisor.com/ShowUserReviews-g297685-d4139125-r635947454-Harishchandra_Ghat-Varanasi_Varanasi_District_Uttar_Pradesh.html","https://dynamic-media-cdn.tripadvisor.com/media/photo-o/04/03/f2/06/haragopal.jpg?w=100&h=-1&s=1","5.0 of 5 bubbles","HISTORICAL",836,"associated with HARISH CHANDRA noted king for his TRUTHFULNESS this ghat is used to burn corpses in accordance with religious rites.","Nov 2018 • Family","","","","2024-03-22T09:26:34Z"
"Harishchandra Ghat","","g297685","d4139125","4.0","https://www.tripadvisor.com/ShowUserReviews-g297685-d4139125-r631622932-Harishchandra_Ghat-Varanasi_Varanasi_District_Uttar_Pradesh.html","https://dynamic-media-cdn.tripadvisor.com/media/photo-o/16/19/f8/a8/jgo-get-a-life.jpg?w=100&h=-1&s=1","5.0 of 5 bubbles","The electric creamtorium here is the main attraction",36,"Although Manikarnika ghat is where most of the action is, Harishchandra Ghat has an electric crematorium as well.","Dec 2017 • Solo","","","","2024-03-22T09:26:34Z"
"Harishchandra Ghat","","g297685","d4139125","4.0","https://www.tripadvisor.com/ShowUserReviews-g297685-d4139125-r620363689-Harishchandra_Ghat-Varanasi_Varanasi_District_Uttar_Pradesh.html","https://dynamic-media-cdn.tripadvisor.com/media/photo-o/09/d3/83/91/ganu-r.jpg?w=100&h=-1&s=1","3.0 of 5 bubbles","King Harischandra was the Gate Keeper Here.",151,"You see burning corpse here all the time but remember the Ashes of the burnt corspe is ASH which adornes the body of God Lord Shiva.","Apr 2018 • Couples","","","","2024-03-22T09:26:34Z"
"Harishchandra Ghat","","g297685","d4139125","4.0","https://www.tripadvisor.com/ShowUserReviews-g297685-d4139125-r613160173-Harishchandra_Ghat-Varanasi_Varanasi_District_Uttar_Pradesh.html","https://dynamic-media-cdn.tripadvisor.com/media/photo-o/1a/f6/e2/81/default-avatar-2020-43.jpg?w=100&h=-1&s=1","4.0 of 5 bubbles","Harishchandra Ghat",65,"I saw it when we are boating in Ganges it gives me feeling of the life, what happens after death. So strange, we passed near by from this place. People takes their relatives dead body there and yes those who are thinking near to there death also goes to live in Mukti Ashram.","Feb 2018","","","","2024-03-22T09:26:34Z"
"Harishchandra Ghat","","g297685","d4139125","4.0","https://www.tripadvisor.com/ShowUserReviews-g297685-d4139125-r611399329-Harishchandra_Ghat-Varanasi_Varanasi_District_Uttar_Pradesh.html","https://dynamic-media-cdn.tripadvisor.com/media/photo-o/1a/f6/ea/b2/default-avatar-2020-69.jpg?w=100&h=-1&s=1","4.0 of 5 bubbles","One of the best Aartis in India",7,"Aarti was around 7 pm. Its half an hour ordeal but very majestic to watch. Best place to watch is from riverside from a hired boat.","Aug 2018 • Couples","","","","2024-03-22T09:26:34Z"
"Harishchandra Ghat","","g297685","d4139125","4.0","https://www.tripadvisor.com/ShowUserReviews-g297685-d4139125-r610059217-Harishchandra_Ghat-Varanasi_Varanasi_District_Uttar_Pradesh.html","https://dynamic-media-cdn.tripadvisor.com/media/photo-o/1a/f6/e9/bb/default-avatar-2020-65.jpg?w=100&h=-1&s=1","5.0 of 5 bubbles","Burning ghats",479,"This is one more ghats of kasi alongthe banks of  river ganga where cremation of human being were conducted as it's believed that one who has been cremated here attains swargam by hindus and so this is also called burning ghats of kasi","Nov 2017","","","","2024-03-22T09:26:34Z"
"Harishchandra Ghat","","g297685","d4139125","4.0","https://www.tripadvisor.com/ShowUserReviews-g297685-d4139125-r601412786-Harishchandra_Ghat-Varanasi_Varanasi_District_Uttar_Pradesh.html","https://dynamic-media-cdn.tripadvisor.com/media/photo-o/1a/f6/f2/7a/default-avatar-2020-25.jpg?w=100&h=-1&s=1","4.0 of 5 bubbles","Quite pleasant",353,"Its good but the littering is quite high.But the feeling of divinity is there though water is not good.We can get to other ghats from here as we can walk along","Aug 2017 • Friends","","","","2024-03-22T09:26:34Z"
"Harishchandra Ghat","","g297685","d4139125","4.0","https://www.tripadvisor.com/ShowUserReviews-g297685-d4139125-r596868559-Harishchandra_Ghat-Varanasi_Varanasi_District_Uttar_Pradesh.html","https://dynamic-media-cdn.tripadvisor.com/media/photo-o/13/13/85/09/roy-rajroy.jpg?w=100&h=-1&s=1","2.0 of 5 bubbles","Cremation Ghat ",317,"This is the most prominent Ghat on the banks of Ganges in Varanasi used for cremation. People from distant place bring the body of their near and dear ones to get cremated here for swift passage to heavenly abode and perform their last rites and rituals according to hindu doctrines.","Jul 2018 • Solo","","","","2024-03-22T09:26:34Z"
"Harishchandra Ghat","","g297685","d4139125","4.0","https://www.tripadvisor.com/ShowUserReviews-g297685-d4139125-r578813880-Harishchandra_Ghat-Varanasi_Varanasi_District_Uttar_Pradesh.html","https://dynamic-media-cdn.tripadvisor.com/media/photo-o/17/ff/16/d9/caption.jpg?w=100&h=-1&s=1","5.0 of 5 bubbles","The oldest burning ghat ",861,"Harish Chandra Ghat is one of the two cremation Ghats (the other is Manikarnika Ghat) and is some times referred as Adi Manikarnika). Hindus from every places bring the dead bodies of their families and dear ones to the Harish Chandra Ghat for cremation. In Hindu mythology it is believed that if a person is cremated at the Harish Chandra Ghat, that person gets salvation or ""moksha"". The Harish Chandra Ghat was somewhat modernized in late 80s when an electric crematorium was opened here. It’s name is because of King Harish Chandra, who once worked at the cremation ground here for the perseverance of truth and charity.","May 2018 • Couples","","","","2024-03-22T09:26:35Z"
"Harishchandra Ghat","","g297685","d4139125","4.0","https://www.tripadvisor.com/ShowUserReviews-g297685-d4139125-r572230534-Harishchandra_Ghat-Varanasi_Varanasi_District_Uttar_Pradesh.html","https://dynamic-media-cdn.tripadvisor.com/media/photo-o/1a/f6/de/e7/default-avatar-2020-37.jpg?w=100&h=-1&s=1","5.0 of 5 bubbles","Near small burning ghat",3,"I loved spending time on Harishchandra Ghat close to the small burning ghat. Also, from January till end of March, a group of nurses offer free care to anyone who needs to be treated. Come and meet the Hope and Care people...","Mar 2018 • Friends","","","","2024-03-22T09:26:35Z"
"Harishchandra Ghat","","g297685","d4139125","4.0","https://www.tripadvisor.com/ShowUserReviews-g297685-d4139125-r569005832-Harishchandra_Ghat-Varanasi_Varanasi_District_Uttar_Pradesh.html","https://dynamic-media-cdn.tripadvisor.com/media/photo-o/1a/53/7b/5a/avatar.jpg?w=100&h=-1&s=1","4.0 of 5 bubbles","history of truth and vows",937,"bodies are burnt here but has lots of actual history of harishchandra .  No need to go there as it will be covered in the ghats boat ride.","Mar 2018 • Family","","","","2024-03-22T09:26:35Z"
"Harishchandra Ghat","","g297685","d4139125","4.0","https://www.tripadvisor.com/ShowUserReviews-g297685-d4139125-r563290919-Harishchandra_Ghat-Varanasi_Varanasi_District_Uttar_Pradesh.html","https://dynamic-media-cdn.tripadvisor.com/media/photo-o/1a/f6/e3/1f/default-avatar-2020-46.jpg?w=100&h=-1&s=1","5.0 of 5 bubbles","great feeling",99,"sitting by ganges on this divine and powerful ghat I spent best of my times reading books and watching birds","Jan 2018 • Family","","","","2024-03-22T09:26:35Z"
"Harishchandra Ghat","","g297685","d4139125","4.0","https://www.tripadvisor.com/ShowUserReviews-g297685-d4139125-r553847330-Harishchandra_Ghat-Varanasi_Varanasi_District_Uttar_Pradesh.html","https://dynamic-media-cdn.tripadvisor.com/media/photo-s/01/9a/83/c9/docwahoo.jpg?w=100&h=-1&s=1","5.0 of 5 bubbles","Kaboom--Do Not Bring Your First World Sensibilities!",180,"They burn bodies here--you KNEW they did that in Varanasi, which was part of the reason you came here....Let's not kid ourselves. And this is one of two places they do that....FASCINATING!   And humbling, and odd, and all that you would expect.....Death is wide out in the open in Varanasi, and it is a  transformational experience , if you let it be....","Dec 2017 • Couples","","","","2024-03-22T09:26:35Z"
"Harishchandra Ghat","","g297685","d4139125","4.0","https://www.tripadvisor.com/ShowUserReviews-g297685-d4139125-r552772407-Harishchandra_Ghat-Varanasi_Varanasi_District_Uttar_Pradesh.html","https://dynamic-media-cdn.tripadvisor.com/media/photo-o/06/80/56/c9/mc0777.jpg?w=100&h=-1&s=1","5.0 of 5 bubbles","Cremation Ghat",102,"Harish Chandra Ghat is one of the oldest Ghats of Varanasi. It is also one of the two cremation Ghats. By passing it you can see the hindu funeral seremony. In Hindu mythology it is believed that if a person is cremated at the Harish Chandra Ghat, that person gets salvation.You will see this by walking by the river or taking the boat trip.","Nov 2017 • Solo","","","","2024-03-22T09:26:35Z"
"Harishchandra Ghat","","g297685","d4139125","4.0","https://www.tripadvisor.com/ShowUserReviews-g297685-d4139125-r548832497-Harishchandra_Ghat-Varanasi_Varanasi_District_Uttar_Pradesh.html","https://dynamic-media-cdn.tripadvisor.com/media/photo-o/06/01/8a/bc/bhaskar-p.jpg?w=100&h=-1&s=1","3.0 of 5 bubbles","Must visit for evening Arati on ganges",42,"This is part of dasaswamedh ghat and this is where the evening Arati on Ganges takes place. Must watch, free chairs available. You can pay 50 bucks to have good viewing gallery seats. Also seats on the boats floating in Ganges on payment available.","Dec 2017 • Family","","","","2024-03-22T09:26:35Z"
"Harishchandra Ghat","","g297685","d4139125","4.0","https://www.tripadvisor.com/ShowUserReviews-g297685-d4139125-r547198005-Harishchandra_Ghat-Varanasi_Varanasi_District_Uttar_Pradesh.html","https://dynamic-media-cdn.tripadvisor.com/media/photo-o/1a/f6/e9/60/default-avatar-2020-64.jpg?w=100&h=-1&s=1","4.0 of 5 bubbles","ONE OF THE OLDEST GHSTS OF VARANASI",400,"This is one of the oldest ghats of Varanasi.It is also a very famous burning ghat like Manikarnika Ghat It is actually called the Adi Manikarnika Ghat. However, Manikarnika Ghat is more popular.It is named after Maharaja Harishchandra,a legendary king, who had lost his kingdom and son for always speaking the truth and being honest. He had to work here as the"" dom"" for preparing pyres of dead bodies brought here for cremation. It is believed that cremating bodies here bring Moksha or salvation to the departed soul.An electric crematorium has been built here in eighties.","Dec 2017 • Couples","","","","2024-03-22T09:26:35Z"
"Harishchandra Ghat","","g297685","d4139125","4.0","https://www.tripadvisor.com/ShowUserReviews-g297685-d4139125-r546978833-Harishchandra_Ghat-Varanasi_Varanasi_District_Uttar_Pradesh.html","https://dynamic-media-cdn.tripadvisor.com/media/photo-o/11/49/df/ae/lakshmikandappan.jpg?w=100&h=-1&s=1","5.0 of 5 bubbles","Burning ghat of varanasi",291,"This is one of the ghats of varanasi, but what makes this unique is cremation takes places here.it is believed that one  attainshould  moksha if cremated in kasi. Cremation takes place in 2 ghats along the river gangs and one is this.","Oct 2017","","","","2024-03-22T09:26:35Z"
"Harishchandra Ghat","","g297685","d4139125","4.0","https://www.tripadvisor.com/ShowUserReviews-g297685-d4139125-r543741310-Harishchandra_Ghat-Varanasi_Varanasi_District_Uttar_Pradesh.html","https://dynamic-media-cdn.tripadvisor.com/media/photo-o/1a/f6/f3/23/default-avatar-2020-28.jpg?w=100&h=-1&s=1","5.0 of 5 bubbles","KING HARISHCHANDRA'S GHAT",290,"This ghat is where the great king Harishchandra worked in the cremation grounds during his testing times along with his wife.. creamation happens day in and out here .","Nov 2017 • Couples","","","","2024-03-22T09:26:35Z"
"Harishchandra Ghat","","g297685","d4139125","4.0","https://www.tripadvisor.com/ShowUserReviews-g297685-d4139125-r536896414-Harishchandra_Ghat-Varanasi_Varanasi_District_Uttar_Pradesh.html","https://dynamic-media-cdn.tripadvisor.com/media/photo-s/02/74/98/76/ricardo-r.jpg?w=100&h=-1&s=1","3.0 of 5 bubbles","It is another burning ghat",813,"It is another burning ghat where they cremate the deads, though not so famous as the other burning ghat called Manikarnika ghat, the cremations take place at this ghat much earlier than in Manikarnika ghat. We can´t say a cremation place is a pleassant place but it is much better to wacth this ceremonies at this ghat than in the more famous Manikarnika ghat, and nobody there asked for a "" donation ""","Sep 2017 • Solo","","","","2024-03-22T09:26:36Z"
"Harishchandra Ghat","","g297685","d4139125","4.0","https://www.tripadvisor.com/ShowUserReviews-g297685-d4139125-r535118491-Harishchandra_Ghat-Varanasi_Varanasi_District_Uttar_Pradesh.html","https://dynamic-media-cdn.tripadvisor.com/media/photo-o/0d/1c/8b/28/nitin-m.jpg?w=100&h=-1&s=1","5.0 of 5 bubbles","Moksha dwar",206,"This ghat is mainly meant for cremation purpose. There is also a electric cremation facility on the ghat","Aug 2017 • Solo","","","","2024-03-22T09:26:36Z"
"Harishchandra Ghat","","g297685","d4139125","4.0","https://www.tripadvisor.com/ShowUserReviews-g297685-d4139125-r535077426-Harishchandra_Ghat-Varanasi_Varanasi_District_Uttar_Pradesh.html","https://dynamic-media-cdn.tripadvisor.com/media/photo-o/26/66/d9/62/durgeshrajadhyaksha.jpg?w=100&h=-1&s=1","3.0 of 5 bubbles","Burning Ghat in Varanasi to cremate the deceased Hindus",431,"This is one of the two burning Ghats at Varanasi. It is considered as a way to attain liberation if cremated here. It is a humbling experience & offers a way of experiencing the harsh reality of life. Pyres burn here 24 x 7. Can be a part of the boat ride, which usually covers all Ghats between Harishchandra Ghat & Manakarnika Ghat, the other Burning Ghat, in 40 minutes ride costing approx Rs 600-800 per boat . This is named after a famous King Harishchandra, who actually donated all his Kingdom & earnings & served here free of charge to provide this essential service complimentary.","Sep 2017 • Couples","","","","2024-03-22T09:26:36Z"
"Harishchandra Ghat","","g297685","d4139125","4.0","https://www.tripadvisor.com/ShowUserReviews-g297685-d4139125-r529940859-Harishchandra_Ghat-Varanasi_Varanasi_District_Uttar_Pradesh.html","https://dynamic-media-cdn.tripadvisor.com/media/photo-o/1a/f6/e9/60/default-avatar-2020-64.jpg?w=100&h=-1&s=1","3.0 of 5 bubbles","The Burning Ghat",163,"One of the two burning ghats of Varanasi. The burning activity on this ghat is relatively less as compared to Manikarnika Ghat. The burning ghats remind you of the stark reality of life. It's a humbling experience to be here.","Oct 2017 • Couples","","","","2024-03-22T09:26:36Z"
"Harishchandra Ghat","","g297685","d4139125","4.0","https://www.tripadvisor.com/ShowUserReviews-g297685-d4139125-r526167934-Harishchandra_Ghat-Varanasi_Varanasi_District_Uttar_Pradesh.html","https://dynamic-media-cdn.tripadvisor.com/media/photo-o/0c/3e/08/a8/anamika-k.jpg?w=100&h=-1&s=1","4.0 of 5 bubbles","Not for a weak hearted guy",559,"When you see corpse being burnt through the day and night, this place is definitely not for the weak at heart. We even found a dead body floating on its banks. This is when some people do not burn the body but prefer to lay it in the Ganges to decay.","Aug 2017 • Couples","","","","2024-03-22T09:26:36Z"
"Harishchandra Ghat","","g297685","d4139125","4.0","https://www.tripadvisor.com/ShowUserReviews-g297685-d4139125-r523887130-Harishchandra_Ghat-Varanasi_Varanasi_District_Uttar_Pradesh.html","https://dynamic-media-cdn.tripadvisor.com/media/photo-o/1a/f6/e5/2b/default-avatar-2020-52.jpg?w=100&h=-1&s=1","5.0 of 5 bubbles","main burning ghat.",7,"A crowd always gathers, normally 3 or more bodies burn at a time. I was told there is a many thousand year old sacred flame from which each pyre is lit. Worth the trip.","Sep 2017 • Solo","","","","2024-03-22T09:26:36Z"
"Harishchandra Ghat","","g297685","d4139125","4.0","https://www.tripadvisor.com/ShowUserReviews-g297685-d4139125-r517864578-Harishchandra_Ghat-Varanasi_Varanasi_District_Uttar_Pradesh.html","https://dynamic-media-cdn.tripadvisor.com/media/photo-o/0b/40/da/86/kiran-a.jpg?w=100&h=-1&s=1","5.0 of 5 bubbles","Door to Moksha",233,"Harishchandra Ghat and Manikarnika Ghat are two places in Kashi where Cremations are carried out 24x7x365. It is considered extremely pious to cremate on these ghats as these are doors to Moksha. Hindus & even non-hindus from far away places bring their deceased beloved ones for cremation on these ghats. It is a sight that will make you realise how vulnerable our life is. One day each one of us has to go. Jai Kashi, Har Har Mahadev.","Aug 2017 • Family","","","","2024-03-22T09:26:36Z"
"Harishchandra Ghat","","g297685","d4139125","4.0","https://www.tripadvisor.com/ShowUserReviews-g297685-d4139125-r509594738-Harishchandra_Ghat-Varanasi_Varanasi_District_Uttar_Pradesh.html","https://dynamic-media-cdn.tripadvisor.com/media/photo-o/0f/a2/02/ea/raja-p.jpg?w=100&h=-1&s=1","3.0 of 5 bubbles","Smoky place",51,"Just see this ghat from your boat on the ganges boat ride trip, otherwise theres nothing you can see or observe and there are lot of smoke coming out which may feel suffocating and unpleasant","Jul 2017 • Family","","","","2024-03-22T09:26:36Z"
"Harishchandra Ghat","","g297685","d4139125","4.0","https://www.tripadvisor.com/ShowUserReviews-g297685-d4139125-r503956529-Harishchandra_Ghat-Varanasi_Varanasi_District_Uttar_Pradesh.html","https://dynamic-media-cdn.tripadvisor.com/media/photo-o/1a/f6/ea/2e/default-avatar-2020-67.jpg?w=100&h=-1&s=1","2.0 of 5 bubbles","Belongs to the King Harish Chandra",43,"Harish Chandra ghat is situated at the bank of Ganga river. It is the place where king Harish Chandra was sold to dom(Chandal) and done the work here after giving his kingdom to the Saint. The fire never quiches here like Manikarnika ghat. Dead body here remains in que and are being brought from many part of the country for cremation.","Apr 2017 • Friends","","","","2024-03-22T09:26:36Z"
"Harishchandra Ghat","","g297685","d4139125","4.0","https://www.tripadvisor.com/ShowUserReviews-g297685-d4139125-r496994230-Harishchandra_Ghat-Varanasi_Varanasi_District_Uttar_Pradesh.html","https://dynamic-media-cdn.tripadvisor.com/media/photo-o/0e/db/fa/94/sid-ups.jpg?w=100&h=-1&s=1","5.0 of 5 bubbles","An Historical and Moral Ghat",477,"This Ghat is having a story of Truth King Raja Harishchandra who worked here, so that this is moral ghat also, ghat   is really huge and next to Dasaswamedh Ghat.","Apr 2017 • Solo","","","","2024-03-22T09:26:36Z"
"Harishchandra Ghat","","g297685","d4139125","4.0","https://www.tripadvisor.com/ShowUserReviews-g297685-d4139125-r495011679-Harishchandra_Ghat-Varanasi_Varanasi_District_Uttar_Pradesh.html","https://dynamic-media-cdn.tripadvisor.com/media/photo-o/1a/f6/eb/a3/default-avatar-2020-38.jpg?w=100&h=-1&s=1","3.0 of 5 bubbles","Old Cremation ghat at Varanasi",502,"The Raja Harish Chander Ghat in Varanasi on the bank of the river Ganga is one of the oldest ghats and as per saying Raja Harish Chander used to work here. This is one of the two ghats in Varanasi where the dead are cremated and the last rites conducted.It is located adjacent to the Kedar ghat.","Jun 2017 • Couples","","","","2024-03-22T09:26:37Z"
"Harishchandra Ghat","","g297685","d4139125","4.0","https://www.tripadvisor.com/ShowUserReviews-g297685-d4139125-r494792715-Harishchandra_Ghat-Varanasi_Varanasi_District_Uttar_Pradesh.html","https://dynamic-media-cdn.tripadvisor.com/media/photo-o/1a/f6/f2/b8/default-avatar-2020-26.jpg?w=100&h=-1&s=1","5.0 of 5 bubbles","Most Holy Cremation Site",989,"This spot marks the most holy cremation site for Hindus. In the evenings, when there are active cremations on the numerous funeral pyres along the river, many boats converge offshore to take in the spectacle. Definitely a must see in Varanasi!","Apr 2017 • Couples","","","","2024-03-22T09:26:37Z"
"Harishchandra Ghat","","g297685","d4139125","4.0","https://www.tripadvisor.com/ShowUserReviews-g297685-d4139125-r493949383-Harishchandra_Ghat-Varanasi_Varanasi_District_Uttar_Pradesh.html","https://dynamic-media-cdn.tripadvisor.com/media/photo-o/1a/f6/f4/20/default-avatar-2020-31.jpg?w=100&h=-1&s=1","5.0 of 5 bubbles","Reality becomes real, hits you hard ...",124,"Do take a boat ride to visit this ghat. The boats make u see them from a distant but worth it. This is the Ghat to which story of Raja Harishchandra is related to. One can feel the energy floating around.","May 2017","","","","2024-03-22T09:26:37Z"
"Harishchandra Ghat","","g297685","d4139125","4.0","https://www.tripadvisor.com/ShowUserReviews-g297685-d4139125-r489270672-Harishchandra_Ghat-Varanasi_Varanasi_District_Uttar_Pradesh.html","https://dynamic-media-cdn.tripadvisor.com/media/photo-o/18/d9/ff/51/caption.jpg?w=100&h=-1&s=1","3.0 of 5 bubbles","Last rites ",257,"Harishchandra Ghat is one of the two Ghats in Varanasi allocated for performing the last rites of Hindus. It is not uncommon to see a funeral pyre burning here at all times. It is a humbling experience visiting this Ghat and we visited it from the boat","Feb 2017 • Couples","","","","2024-03-22T09:26:37Z"
"Harishchandra Ghat","","g297685","d4139125","4.0","https://www.tripadvisor.com/ShowUserReviews-g297685-d4139125-r483368309-Harishchandra_Ghat-Varanasi_Varanasi_District_Uttar_Pradesh.html","https://dynamic-media-cdn.tripadvisor.com/media/photo-o/0f/3f/94/07/sriramhome.jpg?w=100&h=-1&s=1","4.0 of 5 bubbles","Kasi visit",21,"This is considered as a Holy place. One can reach by boat or road. Brings one close to the eventuality of life when one sees departed bodies burnt at all times.","Apr 2017","","","","2024-03-22T09:26:37Z"
"Harishchandra Ghat","","g297685","d4139125","4.0","https://www.tripadvisor.com/ShowUserReviews-g297685-d4139125-r482351600-Harishchandra_Ghat-Varanasi_Varanasi_District_Uttar_Pradesh.html","https://dynamic-media-cdn.tripadvisor.com/media/photo-o/07/9b/63/3b/twinkle906.jpg?w=100&h=-1&s=1","5.0 of 5 bubbles","Oldest Ghats of Varanasi...",299,"Harish Chandra Ghat is one of the oldest Ghats in Varanasi.. Harish Chandra Ghat is named after the  King Harishchandra, who once worked at the cremation ground here for perseverance of truth. As a Reward for his perseverance of truth, It is said that God had restored his lost kingdom and his son. There is one more cremation Ghat at Varanasi viz.  Manikarnika (the original creation ground).Hindus from various distant places bring the dead bodies of their near and dear ones to the Harish Chandra Ghat for cremation. It is believed that if a person is cremated at the Harish Chandra Ghat, He gets ""Moksha"". It is a surprise that we will not get Dead Body Smell here....","Oct 2016 • Couples","","","","2024-03-22T09:26:37Z"
"Harishchandra Ghat","","g297685","d4139125","4.0","https://www.tripadvisor.com/ShowUserReviews-g297685-d4139125-r480526270-Harishchandra_Ghat-Varanasi_Varanasi_District_Uttar_Pradesh.html","https://dynamic-media-cdn.tripadvisor.com/media/photo-o/1a/f6/e6/ea/default-avatar-2020-54.jpg?w=100&h=-1&s=1","3.0 of 5 bubbles","A place for the last rites",584,"Raja Harischandra was a king in Varanasi who believed in honesty and spoke only the truth. The story goes that once in his dream he saw himself gifting his kingdom to the sage Vishwamitra. In reality after he had gifted his kingdom to the sage, Viswamitra asked him for an additional 500 gold coins. Harishchandra sold his wife and his son and came to work here on this ghat. Here he cremated a lot of dead bodies, however one day he had to cremate his own son.There is a continuous funeral pyre burning here.","Apr 2017 • Family","","","","2024-03-22T09:26:37Z"
"Harishchandra Ghat","","g297685","d4139125","4.0","https://www.tripadvisor.com/ShowUserReviews-g297685-d4139125-r476369718-Harishchandra_Ghat-Varanasi_Varanasi_District_Uttar_Pradesh.html","https://dynamic-media-cdn.tripadvisor.com/media/photo-o/1a/f6/ea/2e/default-avatar-2020-67.jpg?w=100&h=-1&s=1","4.0 of 5 bubbles","Historical Ghat ",329,"A place mentioned in Hindu history where Raja Harish Chander served his master to perform last rites of dead bodies and showed inability to perform last rites of his son without cost for his master. On this Ghat also one can see burning pure 24 hrs of the day.","Apr 2017 • Couples","","","","2024-03-22T09:26:37Z"
"Harishchandra Ghat","","g297685","d4139125","4.0","https://www.tripadvisor.com/ShowUserReviews-g297685-d4139125-r474488655-Harishchandra_Ghat-Varanasi_Varanasi_District_Uttar_Pradesh.html","https://dynamic-media-cdn.tripadvisor.com/media/photo-o/1a/f6/f3/7c/default-avatar-2020-29.jpg?w=100&h=-1&s=1","4.0 of 5 bubbles","The place where fire never dies",18,"I visited the place when I had been for Ganga Arti via boat ride. The most amazing thing about the place is that the fire never dies on this ghat. It is said that as per the Hindu ritual of burning the dead bodies at this place leads their soul to heaven and so people come from far off places to cremate the bodies of their loved ones. The other amazing factor is that the places is surrounded by houses from three sides wherein people have been residing for ages and generations. Not a place to be visited as tourist site but its fine to take view of the place while u are taking a boat ride of the ghats.","Mar 2017 • Business","","","","2024-03-22T09:26:37Z"
"Harishchandra Ghat","","g297685","d4139125","4.0","https://www.tripadvisor.com/ShowUserReviews-g297685-d4139125-r473445818-Harishchandra_Ghat-Varanasi_Varanasi_District_Uttar_Pradesh.html","https://dynamic-media-cdn.tripadvisor.com/media/photo-o/1a/f6/ed/00/default-avatar-2020-4.jpg?w=100&h=-1&s=1","5.0 of 5 bubbles","Varanasi Tours",6,"Harish has organized wonderful walking and boat tours tour of old Varanasi.  However, I had some special needs: 1) a list of specific Hindu temples.  Harish worked with an experienced Hindu guide and driver and the tour was excellent.  2) a list of specific Mosques -  Harish found an excellent driver and a Muslim guide and who knew many of the Imams. This tour was also excellent.  Several lovely adventures .","Feb 2017 • Business","","","","2024-03-22T09:26:37Z"
"Harishchandra Ghat","","g297685","d4139125","4.0","https://www.tripadvisor.com/ShowUserReviews-g297685-d4139125-r458203184-Harishchandra_Ghat-Varanasi_Varanasi_District_Uttar_Pradesh.html","https://dynamic-media-cdn.tripadvisor.com/media/photo-o/11/1c/a6/25/yesyesyes1945.jpg?w=100&h=-1&s=1","5.0 of 5 bubbles","place to see last rites",48,"i visit this ghat atleast once in a day during my stay of 5/6 days each yearfor 13years. here one can see how the demised persons bodies are brought and cremated in a peaceful way.this place kept clean you cananot  smell any foulsmell here inspiteof everal bodies coming and getting cremated here.everyone who visits varansi should visit this and see for themselves the way it isdone.","Oct 2016 • Solo","","","","2024-03-22T09:26:39Z"
"Harishchandra Ghat","","g297685","d4139125","4.0","https://www.tripadvisor.com/ShowUserReviews-g297685-d4139125-r454016290-Harishchandra_Ghat-Varanasi_Varanasi_District_Uttar_Pradesh.html","https://dynamic-media-cdn.tripadvisor.com/media/photo-s/01/e9/2c/38/avinashmahapatra.jpg?w=100&h=-1&s=1","5.0 of 5 bubbles","Another exemplary symbol of hindu culture and religion",161,"This Ghat is in the name of King Harishchandra, King Harischandra is an hindu mythological identity who believed in honesty and truth. This Ghat is in his name and its used for Hindu cremation.Story of the Ghat and Harischandra:Once he saw a dream, in his dream he saw that he has donated entire kingdom to sage Vishwamitra as a result in reality he did so.Post donating his kingdom sage Vishwamitra demanded 500 gold coins from Raja Harischandra , and he sold his wife , son and himself to funeral owner in order to accumulate 500 gold coins. Its believed that he worked in this Ghat during the period he was serving funeral owner.","Jan 2017 • Family","","","","2024-03-22T09:26:39Z"
"Harishchandra Ghat","","g297685","d4139125","4.0","https://www.tripadvisor.com/ShowUserReviews-g297685-d4139125-r448419625-Harishchandra_Ghat-Varanasi_Varanasi_District_Uttar_Pradesh.html","https://dynamic-media-cdn.tripadvisor.com/media/photo-o/1a/f6/ef/73/default-avatar-2020-13.jpg?w=100&h=-1&s=1","3.0 of 5 bubbles","One of the famoue ghat on Ganga river at Varanasi",149,"This is one of the most famous ghats along Ganga river in Varanasi. This ghat can be viewed nicely while going on a boat ride in Ganga river. Cremation of dead bodies can be seen here during boat ride. At this ghat, around 350 kgs of wood is being per cremation of one dead body.","Dec 2016","","","","2024-03-22T09:26:39Z"
"Harishchandra Ghat","","g297685","d4139125","4.0","https://www.tripadvisor.com/ShowUserReviews-g297685-d4139125-r445991439-Harishchandra_Ghat-Varanasi_Varanasi_District_Uttar_Pradesh.html","https://dynamic-media-cdn.tripadvisor.com/media/photo-o/0d/ef/45/56/priyankprudhvi.jpg?w=100&h=-1&s=1","5.0 of 5 bubbles","Harischandra ghat - king Harischandra",161,"Ghat named after the King Harsichandra, one of the imp ghat of 40 ghats where people carry their rituals and holy dip here","Nov 2016 • Family","","","","2024-03-22T09:26:39Z"
"Harishchandra Ghat","","g297685","d4139125","4.0","https://www.tripadvisor.com/ShowUserReviews-g297685-d4139125-r439311670-Harishchandra_Ghat-Varanasi_Varanasi_District_Uttar_Pradesh.html","https://dynamic-media-cdn.tripadvisor.com/media/photo-o/09/58/1c/dc/medagam-p.jpg?w=100&h=-1&s=1","5.0 of 5 bubbles","Believe in Truth.",290,"No Doubt this place is named after great Indian King Satya Harishchandra(The king who speaks only Truth),There were many stories about him that he himself cremated his Own son this Ghat.You can see cremations of dead people live here.Another attraction here Shivaling.","Nov 2016 • Friends","","","","2024-03-22T09:26:39Z"
"Harishchandra Ghat","","g297685","d4139125","4.0","https://www.tripadvisor.com/ShowUserReviews-g297685-d4139125-r438426617-Harishchandra_Ghat-Varanasi_Varanasi_District_Uttar_Pradesh.html","https://dynamic-media-cdn.tripadvisor.com/media/photo-o/11/4a/6d/fa/kaniz-k.jpg?w=100&h=-1&s=1","4.0 of 5 bubbles","The Final Journey",730,"We were walking in the narrow lanes of Varanasi.  Our aimless walk brought us to Harishchandra Ghat and saw 2/3 bodies on 'Chita', the funeral pyre. This is my first time to see dead bodies put inside big logs and ignite fire. I felt the heat of the fire and thik smoke. Later on, we saw the ghat from river by boat. At night the ghat looked bright red with the fire from the funeral pyre. The ashes of the dead were thrown in the flowing river Ganges.","Nov 2016 • Friends","","","","2024-03-22T09:26:39Z"
"Harishchandra Ghat","","g297685","d4139125","4.0","https://www.tripadvisor.com/ShowUserReviews-g297685-d4139125-r432474535-Harishchandra_Ghat-Varanasi_Varanasi_District_Uttar_Pradesh.html","https://dynamic-media-cdn.tripadvisor.com/media/photo-o/07/17/9e/89/luizdutraneto.jpg?w=100&h=-1&s=1","4.0 of 5 bubbles","At the oldest cremation ghat in sacred Varanasi ...",621,"As far as I know, there are only two cremation ghats in Varanasi. ""Harischandra Ghat"", named after the mythological Hindu King Harish Chandra, is the oldest one, but not the busiest (which is 'Manikarnika Ghat""). In general, non-Hindus are not allowed on cremation ghats. Therefore,  we ""visited"" this ghat from a respectful distance, during our morning boat cruise of ""Ganges River"". We could see the funeral pyres been lit continuously. The Hindu faith believes that all those cremated at holy ""Harischchandra Ghat"" will achieve the most desired salvation - ""moksha""! Varanasi and its sacred traditions! Enjoy!","Mar 2016 • Friends","","","","2024-03-22T09:26:39Z"
"Harishchandra Ghat","","g297685","d4139125","4.0","https://www.tripadvisor.com/ShowUserReviews-g297685-d4139125-r409045486-Harishchandra_Ghat-Varanasi_Varanasi_District_Uttar_Pradesh.html","https://dynamic-media-cdn.tripadvisor.com/media/photo-o/1a/f6/e4/a9/default-avatar-2020-50.jpg?w=100&h=-1&s=1","4.0 of 5 bubbles","Famous ghat in Varanasi..",50,"This ghat is named in the Memory of King Harishchandra who was a great believer of truth and honesty. If you need to see this ghat, I would suggest you to take a boat ride. The boat man will show nearly all the famous ghats in one go from the river it self. Travelling to different ghat through roads is time consuming and hectic.","May 2016 • Family","","","","2024-03-22T09:26:39Z"
"Harishchandra Ghat","","g297685","d4139125","4.0","https://www.tripadvisor.com/ShowUserReviews-g297685-d4139125-r397853931-Harishchandra_Ghat-Varanasi_Varanasi_District_Uttar_Pradesh.html","https://dynamic-media-cdn.tripadvisor.com/media/photo-o/0c/34/3f/87/bongblogger.jpg?w=100&h=-1&s=1","5.0 of 5 bubbles","Harishchandra Ghat",304,"This ghat is named after Maharaja Harishchandra, his name is associated with “Truth” or Satya. Once Rishi Viswamitra asked for Dakshina (Ritual fee) from Harishchandra and he generously gave his entire kingdom to Viswamitra. Viswamitra accepted the kingdom but was not happy with the fee. To be true to his word, Harishchandra sold his wife and son into slavery and he traveled to Kashi. In Kashi, he devoted himself as a worker in a crematorium. One day his wife arrived at Kashi with the dead body of their son. His wife could not afford the crematorium fee but Harishchandra turned them away. Gods were watching Harishchandra carefully and were pleased with strengths of his character. Finally God returned his kingdom and family. Harishchandra Ghat is the oldest ghat and one of the two cremations ghats of the city. This ghat is even older than Manikarnika Ghat and because of this sometimes it is call as “Adi Manikarnika” or “Original Manikarnika”.","Sep 2015 • Family","","","","2024-03-22T09:26:39Z"
"Harishchandra Ghat","","g297685","d4139125","4.0","https://www.tripadvisor.com/ShowUserReviews-g297685-d4139125-r387284937-Harishchandra_Ghat-Varanasi_Varanasi_District_Uttar_Pradesh.html","https://dynamic-media-cdn.tripadvisor.com/media/photo-o/1a/f6/e8/ea/default-avatar-2020-63.jpg?w=100&h=-1&s=1","5.0 of 5 bubbles","Nothing is permanent.",3,"I was there for few times and i was at peace by the reality and the ultimate truth of life.one should visit such places, must visit,if you want to see the reality of life and to further strengthen your soul.","Jan 2016 • Business","","","","2024-03-22T09:26:39Z"
"Harishchandra Ghat","","g297685","d4139125","4.0","https://www.tripadvisor.com/ShowUserReviews-g297685-d4139125-r382123793-Harishchandra_Ghat-Varanasi_Varanasi_District_Uttar_Pradesh.html","https://dynamic-media-cdn.tripadvisor.com/media/photo-o/1a/f6/de/e7/default-avatar-2020-37.jpg?w=100&h=-1&s=1","4.0 of 5 bubbles","All ghats are different and its own specification.",37,"I spent my entire childhood nearby this ghat, its a one of the cremation ghat. Worth to see for travelers as people believe that fire not stop here.","Oct 2015","","","","2024-03-22T09:26:40Z"
"Harishchandra Ghat","","g297685","d4139125","4.0","https://www.tripadvisor.com/ShowUserReviews-g297685-d4139125-r371651861-Harishchandra_Ghat-Varanasi_Varanasi_District_Uttar_Pradesh.html","https://dynamic-media-cdn.tripadvisor.com/media/photo-o/0a/82/4a/c9/880desktop.jpg?w=100&h=-1&s=1","4.0 of 5 bubbles","Harischandra ghat",75,"Harischandra ghat is situated near hanuman ghat. While entry to manikarnika ghat is prohibited there is no resriction for visiting harischandra ghat. cremation goes on a small scale at harischandra ghat. The ghat is named after king harichandra who lost his kingdom and worked as attendant in this crematorium. He demanded money for cremating his son lohidasa. a very holy place.","Apr 2016 • Couples","","","","2024-03-22T09:26:40Z"
"Harishchandra Ghat","","g297685","d4139125","4.0","https://www.tripadvisor.com/ShowUserReviews-g297685-d4139125-r371472926-Harishchandra_Ghat-Varanasi_Varanasi_District_Uttar_Pradesh.html","https://dynamic-media-cdn.tripadvisor.com/media/photo-o/1a/f6/e2/11/default-avatar-2020-41.jpg?w=100&h=-1&s=1","3.0 of 5 bubbles","Ghat for Funeral Pyres",478,"This is one of the oldest ghats in Varanasi and named after the famed Hindu King Raja Harishchandra. Whilst it is not permitted to go the ghat for tourism purposes our boat man was able to point it out as we were taking the Boat ride in the Ganges. There is a steady stream of funeral pyres being lit to cremate the dead on a continuous basis. A grim sight indeed.","Feb 2016 • Couples","","","","2024-03-22T09:26:40Z"
"Harishchandra Ghat","","g297685","d4139125","4.0","https://www.tripadvisor.com/ShowUserReviews-g297685-d4139125-r369195140-Harishchandra_Ghat-Varanasi_Varanasi_District_Uttar_Pradesh.html","https://dynamic-media-cdn.tripadvisor.com/media/photo-o/1a/f6/de/5a/default-avatar-2020-36.jpg?w=100&h=-1&s=1","4.0 of 5 bubbles","the Oldest cremation site of Varanasi",117,"its oldest cremation site of Varanasi and  having a quite and peacdeful place, many stories about this ghat is floating","Oct 2015 • Solo","","","","2024-03-22T09:26:40Z"
"Harishchandra Ghat","","g297685","d4139125","4.0","https://www.tripadvisor.com/ShowUserReviews-g297685-d4139125-r367712683-Harishchandra_Ghat-Varanasi_Varanasi_District_Uttar_Pradesh.html","https://dynamic-media-cdn.tripadvisor.com/media/photo-o/1a/f6/df/99/default-avatar-2020-40.jpg?w=100&h=-1&s=1","4.0 of 5 bubbles","Truth revisited",8,"The ghat brings back to your mind to the story of noble king Harischandra and is therefore a moving experience. it emphasises the ancientness of Kashi  and re affirms the reality of one's life journey.","Apr 2016 • Friends","","","","2024-03-22T09:26:40Z"
"Harishchandra Ghat","","g297685","d4139125","4.0","https://www.tripadvisor.com/ShowUserReviews-g297685-d4139125-r366915937-Harishchandra_Ghat-Varanasi_Varanasi_District_Uttar_Pradesh.html","https://dynamic-media-cdn.tripadvisor.com/media/photo-o/1a/f6/f0/48/default-avatar-2020-15.jpg?w=100&h=-1&s=1","4.0 of 5 bubbles","Peaceful and uncrowded",327,"The oldest cremation site and much quieter then the other one.  I was able to quietly observe form a respectful distance.  There is an electric crematorium here, but there were also funeral pyres burning by the riverside.  It felt like a more appropriate place to watch and to ponder the end of life, or its ongoing cycle, than the busier ghat further along the river.  Do be respectful when thinking of taking photographs.  I found local people accepting of my presence, and some spoke about the process and history of the site, and its meaning for them.","Apr 2016 • Solo","","","","2024-03-22T09:26:40Z"
"Harishchandra Ghat","","g297685","d4139125","4.0","https://www.tripadvisor.com/ShowUserReviews-g297685-d4139125-r366851464-Harishchandra_Ghat-Varanasi_Varanasi_District_Uttar_Pradesh.html","https://dynamic-media-cdn.tripadvisor.com/media/photo-o/1a/f6/f1/79/default-avatar-2020-21.jpg?w=100&h=-1&s=1","4.0 of 5 bubbles","Cremation ghat",41,"A 24*7 burning ghat. Very grim and smoky from all the burning. Watch the Hindi award winning movie Massan based on a boy who grew up here. Do you know that even after death, there's a waiting line to get burned? Do you know that the skull has to be cracked for the fire to lick it?","May 2015 • Couples","","","","2024-03-22T09:26:40Z"
"Harishchandra Ghat","","g297685","d4139125","4.0","https://www.tripadvisor.com/ShowUserReviews-g297685-d4139125-r365546168-Harishchandra_Ghat-Varanasi_Varanasi_District_Uttar_Pradesh.html","https://dynamic-media-cdn.tripadvisor.com/media/photo-o/0b/05/3c/f5/pavankumarraju.jpg?w=100&h=-1&s=1","4.0 of 5 bubbles","Harischandra ghat",559,"Harischandra ghat is one of the two cremation ghats in Varanasi after Manikarnika ghat. It is one of the oldest ghat in Varanasi.","Jun 2015 • Solo","","","","2024-03-22T09:26:40Z"
"Harishchandra Ghat","","g297685","d4139125","4.0","https://www.tripadvisor.com/ShowUserReviews-g297685-d4139125-r365161848-Harishchandra_Ghat-Varanasi_Varanasi_District_Uttar_Pradesh.html","https://dynamic-media-cdn.tripadvisor.com/media/photo-o/1a/f6/f6/0d/default-avatar-2020-34.jpg?w=100&h=-1&s=1","4.0 of 5 bubbles","Remember the eternal stories of life's difficult lessons here !",65,"Most ghats along the Ganga in Varanasi are sponsored and named by Rajas of the pre independence days and ancient kingdoms. Harishchandra Ghat is located next to the Karnataka Ghat. Raja Harish Chandra - the epitome of truthfulness - has a burning ghat named after him, (it is an electric crematorium now). The boat men at the ghat will gladly narrate the story of Raja Harishchandra and his ordeals -  ""Truth Alone triumphs"" -  if not in life... definitely in after-life . On the banks of Ganga you can see life regenerate in all its forms ..","Apr 2016 • Couples","","","","2024-03-22T09:26:40Z"
"Harishchandra Ghat","","g297685","d4139125","4.0","https://www.tripadvisor.com/ShowUserReviews-g297685-d4139125-r363816097-Harishchandra_Ghat-Varanasi_Varanasi_District_Uttar_Pradesh.html","https://dynamic-media-cdn.tripadvisor.com/media/photo-o/0a/d1/21/13/srnayak.jpg?w=100&h=-1&s=1","5.0 of 5 bubbles","Harischandra Ghat",91,"This is one of the oldest and it has mythological importance.  This ghat is between Kedar Ghat and Assi Ghat. This is electric crematorium. There is Shiva Linga near this ghat, facing this Ghat.It is said that Raja Harishchandra was at this after giving his kingdom and he cremated his son at this Ghat. Hence this Ghat is known as Harischandra Ghat. It is believed that cremation at this will lead to Moksha (salvation).It is worth visiting this ghat by boat for about few minutes.","Mar 2016 • Couples","","","","2024-03-22T09:26:40Z"
"Harishchandra Ghat","","g297685","d4139125","4.0","https://www.tripadvisor.com/ShowUserReviews-g297685-d4139125-r355520091-Harishchandra_Ghat-Varanasi_Varanasi_District_Uttar_Pradesh.html","https://dynamic-media-cdn.tripadvisor.com/media/photo-o/1a/f6/e3/6a/default-avatar-2020-47.jpg?w=100&h=-1&s=1","4.0 of 5 bubbles","Its awesome!!",14,"A very peaceful ghaat though bit dreadful due to cremations and all. boat ride on corner gives you a new perspective of life.","Jul 2015","","","","2024-03-22T09:26:41Z"
"Harishchandra Ghat","","g297685","d4139125","4.0","https://www.tripadvisor.com/ShowUserReviews-g297685-d4139125-r354705612-Harishchandra_Ghat-Varanasi_Varanasi_District_Uttar_Pradesh.html","https://dynamic-media-cdn.tripadvisor.com/media/photo-o/1a/f6/f1/42/default-avatar-2020-20.jpg?w=100&h=-1&s=1","3.0 of 5 bubbles","Harishchandra Ghat wear sandals",53,"The cleanest of the lot when we went there end of feb. The river was down 50 feet and hence more steps to go down and climb back up. If you have a knee problem dont go there, but, stay on top and take in the view of the Ganges. If you need to use a boat then you will have to climb down the steps and get back up again later. If you went to Varanasi after the rainy season, the Ganges is full and you have just 8 to 10 steps to negotiate.","Feb 2016 • Family","","","","2024-03-22T09:26:41Z"
"Harishchandra Ghat","","g297685","d4139125","4.0","https://www.tripadvisor.com/ShowUserReviews-g297685-d4139125-r351248270-Harishchandra_Ghat-Varanasi_Varanasi_District_Uttar_Pradesh.html","https://dynamic-media-cdn.tripadvisor.com/media/photo-o/1a/f6/ef/32/default-avatar-2020-12.jpg?w=100&h=-1&s=1","5.0 of 5 bubbles","Historic Importance",3,"The ghat is linked to the historic Raja Harishchandra whose dealings are the epitome of professional work ethic of India.  The cremation ground next to the ghat puts life in perspective.","Feb 2016 • Family","","","","2024-03-22T09:26:41Z"
"Harishchandra Ghat","","g297685","d4139125","4.0","https://www.tripadvisor.com/ShowUserReviews-g297685-d4139125-r345290756-Harishchandra_Ghat-Varanasi_Varanasi_District_Uttar_Pradesh.html","https://dynamic-media-cdn.tripadvisor.com/media/photo-o/1a/f6/de/e7/default-avatar-2020-37.jpg?w=100&h=-1&s=1","4.0 of 5 bubbles","Live to Die",16,"Varanasi which is better known as Kasi in South India is a place where death is not viewed as something sorrowful . As per Hindu (Sanathana) the soul is immortal and the death or the end is only for this body. That`s why great Monks like Lahiri Maha Sayya used to say This body is talking , this body is sleeping while referring to themselves. So there is a belief that Ma Parvathi keeps the head of the dying on her lap and Lord Shiva Himself chants RAM RAM in his/her ears. Another interesting belief is Yama is permitted to enter Kasi by Kala Bhairava to take the life of all living beings on the condition that he can take the life along with sins committed. Harschandra though an Emperor had work in burial ground due to the Sapha given by Dhurvasa. So ironically this is a Karma Bhoomi where people come to die by choice. The Harischandra Ghat and Manikarniga Ghat are grounds where bodies are burnt without respite 24 Hrs. The flames consigned  envelop the sky scape and in the twilight hours when you pass through the ghats in the boat the meaning of LIFE is best perceived by seeing the burning of the never ending procession of the dead who have come here to die and their life ambition fulfilled.","Feb 2016 • Friends","","","","2024-03-22T09:26:41Z"
"Harishchandra Ghat","","g297685","d4139125","4.0","https://www.tripadvisor.com/ShowUserReviews-g297685-d4139125-r345115079-Harishchandra_Ghat-Varanasi_Varanasi_District_Uttar_Pradesh.html","https://dynamic-media-cdn.tripadvisor.com/media/photo-o/0b/74/51/ca/manoj-k.jpg?w=100&h=-1&s=1","3.0 of 5 bubbles","TIiny Ghat",295,"It is  tiny  ghat  but  one can come to go for boat ride and enjoy  the ride here. one who want perform puja can get pujari or pundit very easily.","Apr 2015 • Business","","","","2024-03-22T09:26:41Z"
"Harishchandra Ghat","","g297685","d4139125","4.0","https://www.tripadvisor.com/ShowUserReviews-g297685-d4139125-r342068034-Harishchandra_Ghat-Varanasi_Varanasi_District_Uttar_Pradesh.html","https://dynamic-media-cdn.tripadvisor.com/media/photo-o/1a/f6/e2/81/default-avatar-2020-43.jpg?w=100&h=-1&s=1","4.0 of 5 bubbles","good to put a visual on something you heard of",88,"This unassuming ghat is now used less than the other large ghat for final departure of the physical body","Dec 2015 • Family","","","","2024-03-22T09:26:41Z"
"Harishchandra Ghat","","g297685","d4139125","4.0","https://www.tripadvisor.com/ShowUserReviews-g297685-d4139125-r341645903-Harishchandra_Ghat-Varanasi_Varanasi_District_Uttar_Pradesh.html","https://dynamic-media-cdn.tripadvisor.com/media/photo-o/10/3c/3e/4f/pranesh613.jpg?w=100&h=-1&s=1","3.0 of 5 bubbles","ghat with electric crematorium",107,"Harishchandra ghat has nothing much to boast other than having an electric crematorium to burn the bodies.","Dec 2015 • Couples","","","","2024-03-22T09:26:41Z"
"Harishchandra Ghat","","g297685","d4139125","4.0","https://www.tripadvisor.com/ShowUserReviews-g297685-d4139125-r338682582-Harishchandra_Ghat-Varanasi_Varanasi_District_Uttar_Pradesh.html","https://dynamic-media-cdn.tripadvisor.com/media/photo-o/15/07/0b/76/rui-af-p.jpg?w=100&h=-1&s=1","5.0 of 5 bubbles","To see cremations",135,"The second place where you can see the daily cremations. Here you avoid the touts, scammers and hassle of Marnikarnika ghat, is much more peaceful and tourist friendly. I recommend a relaxing visit by boat.","May 2015 • Business","","","","2024-03-22T09:26:41Z"
"Harishchandra Ghat","","g297685","d4139125","4.0","https://www.tripadvisor.com/ShowUserReviews-g297685-d4139125-r337418507-Harishchandra_Ghat-Varanasi_Varanasi_District_Uttar_Pradesh.html","https://dynamic-media-cdn.tripadvisor.com/media/photo-o/1a/f6/f0/d5/default-avatar-2020-17.jpg?w=100&h=-1&s=1","4.0 of 5 bubbles","Divine Experience.",37,"This one of the 2 Ghats of cremation. This place is situated in between Kedar ghat and Assi Ghat.Last rituals of any individual defiantly creates a different feeling in the visitor’s heart and he forced to start thinking about the purpose of life. No doubt not much to describe about the place as whenever you visit you will find 8-10 burning bodies there. One south indian temper and on Hanuman temple is also there.","Feb 2015 • Solo","","","","2024-03-22T09:26:41Z"
"Harishchandra Ghat","","g297685","d4139125","4.0","https://www.tripadvisor.com/ShowUserReviews-g297685-d4139125-r330779796-Harishchandra_Ghat-Varanasi_Varanasi_District_Uttar_Pradesh.html","https://dynamic-media-cdn.tripadvisor.com/media/photo-o/01/7b/bd/b1/sagar137.jpg?w=100&h=-1&s=1","3.0 of 5 bubbles","Not for the visitor",658,"This is a ghat where the last rites are performed according to Hindu tradition. The sights at this place can be disturbing. This is not for visitors. Unless you have business here, please avoid.","Nov 2015 • Family","","","","2024-03-22T09:26:41Z"
"Harishchandra Ghat","","g297685","d4139125","4.0","https://www.tripadvisor.com/ShowUserReviews-g297685-d4139125-r323566997-Harishchandra_Ghat-Varanasi_Varanasi_District_Uttar_Pradesh.html","https://dynamic-media-cdn.tripadvisor.com/media/photo-o/03/84/94/e0/atmananda.jpg?w=100&h=-1&s=1","3.0 of 5 bubbles","The 'other' burning ghat on the river",466,"Manikarnika is the main burning ghat, but due to intense demand, bodies are also burned here. An electric crematory is also available. Needless to say, this is not the place to swim. Also don't take photos at either of the burning ghats or you may have your camera confiscated or be subject to fines by the local mafia. These are places to quietly observe the whole dance of life - from playing children to mourning families to burning bodies. Have respect.","Oct 2015 • Friends","","","","2024-03-22T09:26:42Z"
"Harishchandra Ghat","","g297685","d4139125","4.0","https://www.tripadvisor.com/ShowUserReviews-g297685-d4139125-r320685250-Harishchandra_Ghat-Varanasi_Varanasi_District_Uttar_Pradesh.html","https://dynamic-media-cdn.tripadvisor.com/media/photo-o/07/e8/fd/68/ovjt64.jpg?w=100&h=-1&s=1","5.0 of 5 bubbles","LAST MOMENT",97,"Where Electric cremation Is in place as well as manual cremation is also a way of life. Words cannot express the importance of the Ghat. Everyone must visit to see the reality.","Oct 2015 • Solo","","","","2024-03-22T09:26:42Z"
"Harishchandra Ghat","","g297685","d4139125","4.0","https://www.tripadvisor.com/ShowUserReviews-g297685-d4139125-r320587440-Harishchandra_Ghat-Varanasi_Varanasi_District_Uttar_Pradesh.html","https://dynamic-media-cdn.tripadvisor.com/media/photo-o/1a/f6/f1/06/default-avatar-2020-18.jpg?w=100&h=-1&s=1","5.0 of 5 bubbles","Visiting the Shiva Lingam and attending the burning ceremony",72,"Walking down to the right side of Harichandra, there is a Shiva temple/Lingam closes and faces to burning area and Mother Ganga. You can respect and pray to Lord Shiva, and if you want, you might see the burning ceremony. Notice: You need to take shoes off and walk up to the Shiva Lingam, it's powerful. I'm just leaving there, impressed and touched....I learned It's life, nothing heavy or not necessary, we experience each moment of life, like Ganga's flow, never end and always flowing. Thank India Ma taught me this. Treasure each moment don't judge it's good or bad, just accept all of them.","Oct 2015 • Solo","","","","2024-03-22T09:26:42Z"
"Harishchandra Ghat","","g297685","d4139125","4.0","https://www.tripadvisor.com/ShowUserReviews-g297685-d4139125-r310132653-Harishchandra_Ghat-Varanasi_Varanasi_District_Uttar_Pradesh.html","https://dynamic-media-cdn.tripadvisor.com/media/photo-o/1a/f6/ec/a2/default-avatar-2020-3.jpg?w=100&h=-1&s=1","5.0 of 5 bubbles","tamil quater",7,"for those who are Tamil origin . this is where you will find the Tamil Brahmins who will be able to do your prayers and rituals in the ethnic tamil vedic way. the shops here are good too and the shankarcharya mutt and temple is here.","Aug 2015 • Couples","","","","2024-03-22T09:26:42Z"
"Harishchandra Ghat","","g297685","d4139125","4.0","https://www.tripadvisor.com/ShowUserReviews-g297685-d4139125-r305180629-Harishchandra_Ghat-Varanasi_Varanasi_District_Uttar_Pradesh.html","https://dynamic-media-cdn.tripadvisor.com/media/photo-o/11/9e/88/3b/21041950.jpg?w=100&h=-1&s=1","4.0 of 5 bubbles","Reminder of Raja Harishchandra days",46,"It is second ghat where dead bodies are burnt after Manikarnika ghat.Less people visit there for this purpose.It is famous for the Truthfulness and justice loving nature of Raja HarishchandraThe legend goes that he served as a servant on this Ghat to pay the money for doing a Dah Sanskar of his son","Jan 2015 • Family","","","","2024-03-22T09:26:42Z"
"Harishchandra Ghat","","g297685","d4139125","4.0","https://www.tripadvisor.com/ShowUserReviews-g297685-d4139125-r285573541-Harishchandra_Ghat-Varanasi_Varanasi_District_Uttar_Pradesh.html","https://dynamic-media-cdn.tripadvisor.com/media/photo-o/24/ee/54/4a/krishna1970.jpg?w=100&h=-1&s=1","4.0 of 5 bubbles","Harischandra Ghat is  the cremation ghat for Hindus",274,"Harishchandra Ghat is one of the oldest and important Ghats of Varanasi. Harishchandra Ghat is name after a mythological King Harishchandra( forefather of Lord Rama) who worked at the cremation ground here for the perseverance of truth and charity. It is one of the two cremation Ghats (the otherone being Manikarnika Ghat).  Hindus from different places bring the dead bodies of their  relatives to the Harishchandra Ghat for cremation. In Hindu mythology it is believed that if a person is cremated at the Harishchandra Ghat, that person gets salvation or moksha.","Jun 2015 • Family","","","","2024-03-22T09:26:42Z"
"Harishchandra Ghat","","g297685","d4139125","4.0","https://www.tripadvisor.com/ShowUserReviews-g297685-d4139125-r272775881-Harishchandra_Ghat-Varanasi_Varanasi_District_Uttar_Pradesh.html","https://dynamic-media-cdn.tripadvisor.com/media/photo-o/11/2d/f7/fd/zoecafe.jpg?w=100&h=-1&s=1","5.0 of 5 bubbles","Beauty of Harishchandra Ghat",8,"All 83 ghats are very good in varanasi and harishchandra ghat is very famous for his beauty and peace so if you are going to gangage so harishchandra ghat is the place you should visit and specially time of arati","Jun 2014","","","","2024-03-22T09:26:42Z"
"Harishchandra Ghat","","g297685","d4139125","4.0","https://www.tripadvisor.com/ShowUserReviews-g297685-d4139125-r265595361-Harishchandra_Ghat-Varanasi_Varanasi_District_Uttar_Pradesh.html","https://dynamic-media-cdn.tripadvisor.com/media/photo-o/1a/f6/eb/e3/default-avatar-2020-59.jpg?w=100&h=-1&s=1","1.0 of 5 bubbles","A historical ghat",42,"Arrangements are good for Agni sanskar of dead bodies. More cleaning is required. The ashes and unburnt woods are accumulated and are not despised off without polluting Gangaji,","Apr 2015 • Family","","","","2024-03-22T09:26:42Z"
"Harishchandra Ghat","","g297685","d4139125","4.0","https://www.tripadvisor.com/ShowUserReviews-g297685-d4139125-r262189294-Harishchandra_Ghat-Varanasi_Varanasi_District_Uttar_Pradesh.html","https://dynamic-media-cdn.tripadvisor.com/media/photo-o/1a/bf/ef/04/caption.jpg?w=100&h=-1&s=1","3.0 of 5 bubbles","Non-stop cremation ghat",94,"Varanasi ist the only place in India where cremation is permitted to take place round the clock. It is also believed, that cremation here grants Moksha, or liberation, by Shiva's grace. If it just were so easy, liberation would probably be for anybody, but it is not :)At this ghat, one can watch the whole cremation ritual from a distance. It is a powerful experience for people from other cultures, where death is understood in a different manner. Just go and experience it","","","","","2024-03-22T09:26:42Z"
"Harishchandra Ghat","","g297685","d4139125","4.0","https://www.tripadvisor.com/ShowUserReviews-g297685-d4139125-r261598471-Harishchandra_Ghat-Varanasi_Varanasi_District_Uttar_Pradesh.html","https://dynamic-media-cdn.tripadvisor.com/media/photo-o/15/59/f7/fe/caption.jpg?w=100&h=-1&s=1","4.0 of 5 bubbles","Mostly Historic",179,"This is one of the two Ghats where the dead bodies are burnt in Kasi.  I must say that it is not that big. But it has a history in that Raja Harischandra was here and he did look after this grave during his times of adversity.  The visit to this Ghat is important primarily for this reason.  This Ghat also has policemen guarding it lest people throw dead bodies in to the Ganges.  Do visit.","Mar 2015 • Friends","","","","2024-03-22T09:26:42Z"
"Harishchandra Ghat","","g297685","d4139125","4.0","https://www.tripadvisor.com/ShowUserReviews-g297685-d4139125-r253391434-Harishchandra_Ghat-Varanasi_Varanasi_District_Uttar_Pradesh.html","https://dynamic-media-cdn.tripadvisor.com/media/photo-o/05/33/33/fe/bishwaksen.jpg?w=100&h=-1&s=1","4.0 of 5 bubbles","Crematorium steeped in mythology",116,"Please remember that people come here to cremate their loved ones. How would you feel if a stranger turns up during a loved one' burial or cremation and starts taking pictures?So please maintain the dignity of the place.The ghat lies between Assi Ghat and Dashashomedh Ghat. It comes under the normal boat route from Monikarnika to Kedar/Harishchandra Ghat, so you visit it during your boat ride.There is not much to see from an archaeological or from the natural beauty perspective. The legend of the ghat come from the story of King Harishchandra donating all his money away and living here as a manual labourer under the man in charge of the cremation (the equivalent of the undertaker).","Jan 2015 • Solo","","","","2024-03-22T09:26:43Z"
"Harishchandra Ghat","","g297685","d4139125","4.0","https://www.tripadvisor.com/ShowUserReviews-g297685-d4139125-r251749327-Harishchandra_Ghat-Varanasi_Varanasi_District_Uttar_Pradesh.html","https://dynamic-media-cdn.tripadvisor.com/media/photo-o/15/a6/f0/f4/avatar.jpg?w=100&h=-1&s=1","4.0 of 5 bubbles","Harishchandra Ghat, Varanasi",388,"One of the major ghats in Varanasi along the river Ganges. It is one of the two cremation Ghats in the city of Varanasi. The Ghat can be accessed by road or can be viewed during the course of a boat ride which covers a stretch along the ganges river between Kedar Ghat and Manikarnika ghat.","Jan 2015 • Family","","","","2024-03-22T09:26:43Z"
"Harishchandra Ghat","","g297685","d4139125","4.0","https://www.tripadvisor.com/ShowUserReviews-g297685-d4139125-r246482000-Harishchandra_Ghat-Varanasi_Varanasi_District_Uttar_Pradesh.html","https://dynamic-media-cdn.tripadvisor.com/media/photo-o/1a/f6/ea/74/default-avatar-2020-68.jpg?w=100&h=-1&s=1","5.0 of 5 bubbles","Surreal",89,"If you want to experience after life on earth there can't be a better place than this.  One would think that being at a cremation Ghat will be a morbid and a depressing experience but one actually experiences a strange calm witnessing the last rites being performed.","Jan 2014 • Solo","","","","2024-03-22T09:26:43Z"
"Harishchandra Ghat","","g297685","d4139125","4.0","https://www.tripadvisor.com/ShowUserReviews-g297685-d4139125-r238211346-Harishchandra_Ghat-Varanasi_Varanasi_District_Uttar_Pradesh.html","https://dynamic-media-cdn.tripadvisor.com/media/photo-o/1a/f6/f1/42/default-avatar-2020-20.jpg?w=100&h=-1&s=1","4.0 of 5 bubbles","Living the Mythology..",93,"Story of King Harishchandra , his virtues.. supreme sacrifice to hold faith on truthfulness.. is a mythology which Indians often grow up with. It is said that this is the place where king harishchandra worked as a slave under a DOM.. the incharge of the Cremation place. Makes me often wonder ... perhaps these are not just myths ... but true historical facts .. still remembered by people through living collective memory","Oct 2014 • Family","","","","2024-03-22T09:26:43Z"
"Harishchandra Ghat","","g297685","d4139125","4.0","https://www.tripadvisor.com/ShowUserReviews-g297685-d4139125-r223057127-Harishchandra_Ghat-Varanasi_Varanasi_District_Uttar_Pradesh.html","https://dynamic-media-cdn.tripadvisor.com/media/photo-o/0f/40/d5/74/kasirao5646.jpg?w=100&h=-1&s=1","3.0 of 5 bubbles","Creation Ghat",684,"Harish Chandra Ghat is one of the two cremation Ghats and one of the oldest Ghats of Varanasi.    Harish Chandra Ghat is named after a mythological King Harish Chandra, who once worked at the cremation ground here for the perseverance of truth and charityAs per Hindu mythology, it is believed that if a person is cremated at the Harish Chandra Ghat, that person gets salvation or ""Moksha"". That's the reason why Hindus from distant places bring the dead bodies of their near and dear ones to the Harish Chandra Ghat for cremation. However, this ghat is not maintained well..Its average.At times,it is said that half burnt bodies are thrown in the river Ganges, making the river polluted. There are plans to make the Ganga clean but we have to wait and see when it materializes..","Nov 2013 • Friends","","","","2024-03-22T09:26:43Z"
"Harishchandra Ghat","","g297685","d4139125","4.0","https://www.tripadvisor.com/ShowUserReviews-g297685-d4139125-r205654014-Harishchandra_Ghat-Varanasi_Varanasi_District_Uttar_Pradesh.html","https://dynamic-media-cdn.tripadvisor.com/media/photo-o/05/a7/d4/6a/jolyon67.jpg?w=100&h=-1&s=1","4.0 of 5 bubbles","Mortality",714,"Of all the ghats in Varanasi this is the one that you might stay at the longest. It is a cremation ghat and the scenes you see here are likely to stay in your mind for a long time. Watching human bodies burn, in such a public situation is very confronting to western eyes. You shouldn't take any photos here out of respect for relatives of the dead. It has a rather industrial feel to it - with a building with chimneys looking very out of place with the other ghats. Bodies wrapped in saffron robes are carried down to the river and you will see some on funeral pyres in the process of being burnt. Goats freely wander about and munch on flowers draped on the corpses which I found a bit disrespectful. It is a fascinating and disturbing thing to watch. possibly one of the few places in the world where you see such a thing. Very memorable.","Dec 2013 • Solo","","","","2024-03-22T09:26:43Z"
"Harishchandra Ghat","","g297685","d4139125","4.0","https://www.tripadvisor.com/ShowUserReviews-g297685-d4139125-r162504290-Harishchandra_Ghat-Varanasi_Varanasi_District_Uttar_Pradesh.html","https://dynamic-media-cdn.tripadvisor.com/media/photo-o/03/f9/7d/c7/trinethra.jpg?w=100&h=-1&s=1","4.0 of 5 bubbles","Place of eternal peace",5,"The ghat is fascinating.For one thing that we think we are going to live till eternity only to end up as a corpse in some burial ground some day in the future.One gets some insight into the fallacies of life in the ghats of varanasi be it harishchandra,dashashvamedh or manikarnika.","Nov 2012 • Family","","","","2024-03-22T09:26:43Z"
