"names","address","geo_id","hotel_id","rating","url","profile_image","review_score","review_heading","profile_contr","review_body","date_of_stay","company_responder","company_response","company_response_date","timestamp"
"Mehrotra Silk Handlooms","","g297685","d25338785","5.0","https://www.tripadvisor.com/ShowUserReviews-g297685-d25338785-r941283125-Mehrotra_Silk_Handlooms-Varanasi_Varanasi_District_Uttar_Pradesh.html","https://dynamic-media-cdn.tripadvisor.com/media/photo-o/1a/f6/e9/bb/default-avatar-2020-65.jpg?w=100&h=-1&s=1","5.0 of 5 bubbles","Lovely family run place and people",0,"Bal showed us his amazing family run factory, with beautifully woven materials that his family have been making for many generations. A really lovely family who were helpful with our time in varanasi and explained the interesting history/ weaving technique to us","Feb 2024 • Couples","","","","2024-03-22T09:28:33Z"
"Mehrotra Silk Handlooms","","g297685","d25338785","5.0","https://www.tripadvisor.com/ShowUserReviews-g297685-d25338785-r940102990-Mehrotra_Silk_Handlooms-Varanasi_Varanasi_District_Uttar_Pradesh.html","https://dynamic-media-cdn.tripadvisor.com/media/photo-o/1a/f6/f0/d5/default-avatar-2020-17.jpg?w=100&h=-1&s=1","5.0 of 5 bubbles","Must visit shop ...Best experience..",0,"best place for pure silks in varanasi...purchased genuine silk sarees,dress materials at reasonable prices.... must visit place","Jun 2023 • Family","","","","2024-03-22T09:28:33Z"
"Mehrotra Silk Handlooms","","g297685","d25338785","5.0","https://www.tripadvisor.com/ShowUserReviews-g297685-d25338785-r937962842-Mehrotra_Silk_Handlooms-Varanasi_Varanasi_District_Uttar_Pradesh.html","https://dynamic-media-cdn.tripadvisor.com/media/photo-o/1a/f6/e8/24/default-avatar-2020-60.jpg?w=100&h=-1&s=1","5.0 of 5 bubbles","Always on our minds to return for more shopping.",0,"The silk saris are exceptional. The walk along the Ganges and make this trip even more worthwhile. Great service and friendship.","Mar 2023 • Couples","","","","2024-03-22T09:28:33Z"
"Mehrotra Silk Handlooms","","g297685","d25338785","5.0","https://www.tripadvisor.com/ShowUserReviews-g297685-d25338785-r936920499-Mehrotra_Silk_Handlooms-Varanasi_Varanasi_District_Uttar_Pradesh.html","https://dynamic-media-cdn.tripadvisor.com/media/photo-o/1a/f6/ea/b2/default-avatar-2020-69.jpg?w=100&h=-1&s=1","5.0 of 5 bubbles","Wonderful experience",0,"Had an amazing experience with mehrotra silk handlooms. Went to buy 1 saree, bought 6 instead. Owner was giving details about the material rather than pushing you to buy stuff.","Feb 2024 • Family","","","","2024-03-22T09:28:33Z"
"Mehrotra Silk Handlooms","","g297685","d25338785","5.0","https://www.tripadvisor.com/ShowUserReviews-g297685-d25338785-r933419229-Mehrotra_Silk_Handlooms-Varanasi_Varanasi_District_Uttar_Pradesh.html","https://dynamic-media-cdn.tripadvisor.com/media/photo-o/1a/f6/ee/68/default-avatar-2020-9.jpg?w=100&h=-1&s=1","5.0 of 5 bubbles","High quality silk at fair prices and chill experience",3,"We accidentally found this place while exploring Varansi. Bal Krishna, the owner, welcomed us in his house and showed us how the silk fabrics are made. He is the fourth generation of his family producing and whole selling silk products. He was super friendly and showed us so many different products (scarfs, bandanas, foulards, ...) for women and men. We would highly recommend going here for high quality silk for a very reasonable price. Not pushy or trying to oversell things. Just honest, patient and passionate. Amazing experience!!!","Jan 2024 • Friends","","","","2024-03-22T09:28:33Z"
"Mehrotra Silk Handlooms","","g297685","d25338785","5.0","https://www.tripadvisor.com/ShowUserReviews-g297685-d25338785-r931275358-Mehrotra_Silk_Handlooms-Varanasi_Varanasi_District_Uttar_Pradesh.html","https://dynamic-media-cdn.tripadvisor.com/media/photo-o/1a/f6/e2/11/default-avatar-2020-41.jpg?w=100&h=-1&s=1","5.0 of 5 bubbles","Best place to buy silk in Varanasi",0,"very nice experience in a pleasant environment. make beautiful and high-quality silk scarves. they are very friendly and hospitable. best place to buy silk in varanasi","Dec 2023 • Friends","","","","2024-03-22T09:28:33Z"
"Mehrotra Silk Handlooms","","g297685","d25338785","5.0","https://www.tripadvisor.com/ShowUserReviews-g297685-d25338785-r929023840-Mehrotra_Silk_Handlooms-Varanasi_Varanasi_District_Uttar_Pradesh.html","https://dynamic-media-cdn.tripadvisor.com/media/photo-o/1a/f6/e7/3d/default-avatar-2020-55.jpg?w=100&h=-1&s=1","5.0 of 5 bubbles","45 years of pure and beautiful silk tradition bringing together good business with love and purity",2,"We had the joy of meeting this precious family company that creates and produces enchanting pure handmade silk, marked by fraternal, receptive and loving personalities. It is a pleasure to be welcomed and do business with them. I repeat, they and the pieces are charming! I highly recommend it.","Dec 2023 • Business","","","","2024-03-22T09:28:33Z"
"Mehrotra Silk Handlooms","","g297685","d25338785","5.0","https://www.tripadvisor.com/ShowUserReviews-g297685-d25338785-r881557447-Mehrotra_Silk_Handlooms-Varanasi_Varanasi_District_Uttar_Pradesh.html","https://dynamic-media-cdn.tripadvisor.com/media/photo-o/1a/f6/de/e7/default-avatar-2020-37.jpg?w=100&h=-1&s=1","5.0 of 5 bubbles","Best place for silk products",3,"Best adress to buy silk in the city! Very polite people with lots of experience. Individual production is truly fast and with of high quality. Hope to be back soon!","Oct 2022 • Friends","","","","2024-03-22T09:28:33Z"
"Mehrotra Silk Handlooms","","g297685","d25338785","5.0","https://www.tripadvisor.com/ShowUserReviews-g297685-d25338785-r881415869-Mehrotra_Silk_Handlooms-Varanasi_Varanasi_District_Uttar_Pradesh.html","https://dynamic-media-cdn.tripadvisor.com/media/photo-o/0e/18/50/bb/nirja-t.jpg?w=100&h=-1&s=1","5.0 of 5 bubbles","Go for it!",4,"The best for very reasonable and beautiful Benarasi fabrics. Mehrotraji, the owner not only goes out of his way to give you the best service but also the best quality products. Would definitely recommend","Mar 2023 • Solo","","","","2024-03-22T09:28:33Z"
"Mehrotra Silk Handlooms","","g297685","d25338785","5.0","https://www.tripadvisor.com/ShowUserReviews-g297685-d25338785-r881309546-Mehrotra_Silk_Handlooms-Varanasi_Varanasi_District_Uttar_Pradesh.html","https://dynamic-media-cdn.tripadvisor.com/media/photo-o/1a/f6/e5/2b/default-avatar-2020-52.jpg?w=100&h=-1&s=1","5.0 of 5 bubbles","Great",0,"An eternal collection of artistic elements,worth to collect as a heritage loom, must visit and treasures their artistic piece of Benarasi sarees.","Sep 2022 • Friends","","","","2024-03-22T09:28:33Z"
"Mehrotra Silk Handlooms","","g297685","d25338785","5.0","https://www.tripadvisor.com/ShowUserReviews-g297685-d25338785-r881276667-Mehrotra_Silk_Handlooms-Varanasi_Varanasi_District_Uttar_Pradesh.html","https://dynamic-media-cdn.tripadvisor.com/media/photo-o/1a/f6/ee/68/default-avatar-2020-9.jpg?w=100&h=-1&s=1","5.0 of 5 bubbles","5",0,"Actually, the best silk factory in Varanasi, that you must visit. Very beautiful and original products. Thank You!","Sep 2022 • Friends","","","","2024-03-22T09:28:35Z"
"Mehrotra Silk Handlooms","","g297685","d25338785","5.0","https://www.tripadvisor.com/ShowUserReviews-g297685-d25338785-r881210781-Mehrotra_Silk_Handlooms-Varanasi_Varanasi_District_Uttar_Pradesh.html","https://dynamic-media-cdn.tripadvisor.com/media/photo-o/1a/f6/ed/00/default-avatar-2020-4.jpg?w=100&h=-1&s=1","5.0 of 5 bubbles","Silk Experience Varanasi",2,"Very Special experience we had in Varanasi. I highly recommend you to get around and have a look at his amazing work. It’s very interesting to see how much work is in only one scarf. Everything is handmade. :)))","Dec 2022 • Couples","","","","2024-03-22T09:28:35Z"
"Mehrotra Silk Handlooms","","g297685","d25338785","5.0","https://www.tripadvisor.com/ShowUserReviews-g297685-d25338785-r880772118-Mehrotra_Silk_Handlooms-Varanasi_Varanasi_District_Uttar_Pradesh.html","https://dynamic-media-cdn.tripadvisor.com/media/photo-o/1a/f6/ef/9c/default-avatar-2020-14.jpg?w=100&h=-1&s=1","5.0 of 5 bubbles","Very friendly workers and amazing silk fabrics",0,"We had visited the Silk Factory as a part of our study for a college tour. We found the factory very interesting and the process of fabric making quite mesmerizing. The workers were very friendly and helpful and gave us a lot of support. They explained rach detail to us and answered all our questions even though we were using up a lot of their time. Their enthusiasm encouraged us to do more. The silk fabric they produce is of fine quality with a lot of hardwork. If you're interested in buying silk from, I'd say go ahead. There's so much to choose from and they even make custom designs.","Feb 2023 • Friends","","","","2024-03-22T09:28:35Z"
"Mehrotra Silk Handlooms","","g297685","d25338785","5.0","https://www.tripadvisor.com/ShowUserReviews-g297685-d25338785-r880771982-Mehrotra_Silk_Handlooms-Varanasi_Varanasi_District_Uttar_Pradesh.html","https://dynamic-media-cdn.tripadvisor.com/media/photo-o/1a/f6/ef/9c/default-avatar-2020-14.jpg?w=100&h=-1&s=1","5.0 of 5 bubbles","Best for silk",0,"The service was brilliant and all the workers were extremely  polite. Great hospitality:)Apart from that, the designs were unique and eye soothing. Would 100% recommend if you’re looking for pure handmade silk saree, shawls etc.","Feb 2023 • Friends","","","","2024-03-22T09:28:35Z"
"Mehrotra Silk Handlooms","","g297685","d25338785","5.0","https://www.tripadvisor.com/ShowUserReviews-g297685-d25338785-r880181258-Mehrotra_Silk_Handlooms-Varanasi_Varanasi_District_Uttar_Pradesh.html","https://dynamic-media-cdn.tripadvisor.com/media/photo-o/1a/f6/f3/7c/default-avatar-2020-29.jpg?w=100&h=-1&s=1","5.0 of 5 bubbles","Shopping at Mehrotra handloom silk is an experience in itself.",2,"Shopping at Mehrotra handloom silk is an experience in itself. Balkrishna ji and his father are very warm and explain the process really well. You get to see how it is made and then buy authentic products. If you are in Varanasi enjoy the view at Lal Ghat and shop here","Feb 2023 • Friends","","","","2024-03-22T09:28:35Z"
