"names","address","geo_id","hotel_id","rating","url","profile_image","review_score","review_heading","profile_contr","review_body","date_of_stay","company_responder","company_response","company_response_date","timestamp"
"Chatti Padshahi Gurudwara","Srinagar Jammu and Kashmir","g297623","d3149563","4.5","https://www.tripadvisor.com/ShowUserReviews-g297623-d3149563-r835663814-Chatti_Padshahi_Gurudwara-Srinagar_Srinagar_District_Kashmir_Jammu_and_Kashmir.html","https://dynamic-media-cdn.tripadvisor.com/media/photo-o/07/44/b6/a5/ghoshs1.jpg?w=100&h=-1&s=1","5.0 of 5 bubbles","Solemn & Humbling",869,"The biggest Gurudwara in this part of the world and a must visit while you are in Srinagar. If possible carry a large cloth to cover your head","Apr 2022","","","","2024-03-21T18:21:59Z"
"Chatti Padshahi Gurudwara","Srinagar Jammu and Kashmir","g297623","d3149563","4.5","https://www.tripadvisor.com/ShowUserReviews-g297623-d3149563-r737742289-Chatti_Padshahi_Gurudwara-Srinagar_Srinagar_District_Kashmir_Jammu_and_Kashmir.html","https://dynamic-media-cdn.tripadvisor.com/media/photo-o/17/ea/c0/1e/divyamuraleedharan.jpg?w=100&h=-1&s=1","5.0 of 5 bubbles","Memories",23,"These are the memories i cherish ... its a good place to meditate, you can go sit there for some time and come back refreshed","Feb 2019","","","","2024-03-21T18:21:59Z"
"Chatti Padshahi Gurudwara","Srinagar Jammu and Kashmir","g297623","d3149563","4.5","https://www.tripadvisor.com/ShowUserReviews-g297623-d3149563-r735496275-Chatti_Padshahi_Gurudwara-Srinagar_Srinagar_District_Kashmir_Jammu_and_Kashmir.html","https://dynamic-media-cdn.tripadvisor.com/media/photo-o/1a/f6/e3/6a/default-avatar-2020-47.jpg?w=100&h=-1&s=1","4.0 of 5 bubbles","Sacred of Sikh pilgrimage",448,"Its very secred place among the sikh community and is in Barmula district. Its good gurudwara and very nice prayer.","Oct 2019","","","","2024-03-21T18:21:59Z"
"Chatti Padshahi Gurudwara","Srinagar Jammu and Kashmir","g297623","d3149563","4.5","https://www.tripadvisor.com/ShowUserReviews-g297623-d3149563-r718983047-Chatti_Padshahi_Gurudwara-Srinagar_Srinagar_District_Kashmir_Jammu_and_Kashmir.html","https://dynamic-media-cdn.tripadvisor.com/media/photo-o/1a/f6/e5/2b/default-avatar-2020-52.jpg?w=100&h=-1&s=1","5.0 of 5 bubbles","Religious",113,"It’s a place associated with guru hargobind Ji and Mai bhagbhari. It has a very old well which is believed to be have been constructed by guruji and has water all the time.","Oct 2019","","","","2024-03-21T18:21:59Z"
"Chatti Padshahi Gurudwara","Srinagar Jammu and Kashmir","g297623","d3149563","4.5","https://www.tripadvisor.com/ShowUserReviews-g297623-d3149563-r654442514-Chatti_Padshahi_Gurudwara-Srinagar_Srinagar_District_Kashmir_Jammu_and_Kashmir.html","https://dynamic-media-cdn.tripadvisor.com/media/photo-o/1a/f6/eb/43/default-avatar-2020-11.jpg?w=100&h=-1&s=1","5.0 of 5 bubbles","Historical",987,"I went to Chatti Padshahi Gurudwara. The shrine has a sanctum sanctorum in middle of a large rectangular hall. It also has accomodation facilities and langar food is offered to all visitors every day of the year. It is great place to go.","Feb 2019 • Friends","","","","2024-03-21T18:21:59Z"
"Chatti Padshahi Gurudwara","Srinagar Jammu and Kashmir","g297623","d3149563","4.5","https://www.tripadvisor.com/ShowUserReviews-g297623-d3149563-r621189365-Chatti_Padshahi_Gurudwara-Srinagar_Srinagar_District_Kashmir_Jammu_and_Kashmir.html","https://dynamic-media-cdn.tripadvisor.com/media/photo-o/0e/69/ad/7e/jaspalsahans.jpg?w=100&h=-1&s=1","5.0 of 5 bubbles","TRACES OF GURU'S FEET - A CONNECT",94,"Holy is the land where Guru Nanak Dev ji and Guru Hargobind ji have put their feet. Gurdwara is a major tourist attraction in Srinagar. Highest importance goes to the historical feelings than the colour / decor / anything else. An instant connect takes place once surrendered to the universe.Compassionate Guru Hargobind ji gave darshan to ""Mai Bhagaa Bhari [VERY - FORTUNATE]"" who had long been yearning for a glimpse of the Guru, when Guru Hargobind fulfilled her wish by his visit & donned the specially stitched Robe gown by her. The old lady's decaying health & waning eyesight was at once restored when Guru ji told her to sprinkle water on her face from the freshly dug Well. Gurdwara is built on the bank of Jhelum River and Dal Lake & outside is a Fort.Gurdwara is serene & vibrant. The Granthi gave a complete description of the history. We recited a path of Japji Sahib & took prashad.We would like to thank the Government of Jammu and Kashmir and the Local people.","Sep 2018 • Family","","","","2024-03-21T18:21:59Z"
"Chatti Padshahi Gurudwara","Srinagar Jammu and Kashmir","g297623","d3149563","4.5","https://www.tripadvisor.com/ShowUserReviews-g297623-d3149563-r615850824-Chatti_Padshahi_Gurudwara-Srinagar_Srinagar_District_Kashmir_Jammu_and_Kashmir.html","https://dynamic-media-cdn.tripadvisor.com/media/photo-o/09/80/e2/28/angad-s.jpg?w=100&h=-1&s=1","4.0 of 5 bubbles","Average gurudwara",388,"This is an average gurudwara, nothing spectacular. Although it does have a histroical story behind it. You can get tea here.","Jul 2018 • Family","","","","2024-03-21T18:21:59Z"
"Chatti Padshahi Gurudwara","Srinagar Jammu and Kashmir","g297623","d3149563","4.5","https://www.tripadvisor.com/ShowUserReviews-g297623-d3149563-r569209589-Chatti_Padshahi_Gurudwara-Srinagar_Srinagar_District_Kashmir_Jammu_and_Kashmir.html","https://dynamic-media-cdn.tripadvisor.com/media/photo-o/1a/f6/f6/0d/default-avatar-2020-34.jpg?w=100&h=-1&s=1","5.0 of 5 bubbles","religious place",168,"Chatti Padshahi Gurudwara is a religious place in Srinagar. it is very clean and peaceful place. you must visit this gurudwara.","Apr 2017 • Couples","","","","2024-03-21T18:21:59Z"
"Chatti Padshahi Gurudwara","Srinagar Jammu and Kashmir","g297623","d3149563","4.5","https://www.tripadvisor.com/ShowUserReviews-g297623-d3149563-r538627317-Chatti_Padshahi_Gurudwara-Srinagar_Srinagar_District_Kashmir_Jammu_and_Kashmir.html","https://dynamic-media-cdn.tripadvisor.com/media/photo-o/1a/f6/f4/20/default-avatar-2020-31.jpg?w=100&h=-1&s=1","5.0 of 5 bubbles","Historical Gurudwara....",33,"This is situated on the road which leads up to Hari Parbat, very calm and peaceful. Not much parking space available, one can hire an auto from any where in Srinagar to visit this place.","Oct 2017 • Couples","","","","2024-03-21T18:21:59Z"
"Chatti Padshahi Gurudwara","Srinagar Jammu and Kashmir","g297623","d3149563","4.5","https://www.tripadvisor.com/ShowUserReviews-g297623-d3149563-r501149915-Chatti_Padshahi_Gurudwara-Srinagar_Srinagar_District_Kashmir_Jammu_and_Kashmir.html","https://dynamic-media-cdn.tripadvisor.com/media/photo-o/0f/dc/09/dd/kamal-deep-b.jpg?w=100&h=-1&s=1","5.0 of 5 bubbles","peaceful Place while coming back from Sonmarg",10,"Must Visit place, Parshad was very tasty. Good to see that people maintain harmony irrespective of current situation at Ghati.","Jun 2017 • Couples","","","","2024-03-21T18:21:59Z"
"Chatti Padshahi Gurudwara","Srinagar Jammu and Kashmir","g297623","d3149563","4.5","https://www.tripadvisor.com/ShowUserReviews-g297623-d3149563-r486288365-Chatti_Padshahi_Gurudwara-Srinagar_Srinagar_District_Kashmir_Jammu_and_Kashmir.html","https://dynamic-media-cdn.tripadvisor.com/media/photo-o/1a/f6/f1/79/default-avatar-2020-21.jpg?w=100&h=-1&s=1","5.0 of 5 bubbles","The great gurudwara",4,"The most beautiful place in Srinagar,truly,if somesone is looking for soem peace of mind,should come here and stay understand the area where the holly book is.This gurudwara has a very beautiful architecture,which one should visit to see,as all the other gurudwaras,this one has its own energy which you can feel easily,Recommended 100percent too all.","May 2017 • Family","","","","2024-03-21T18:22:01Z"
"Chatti Padshahi Gurudwara","Srinagar Jammu and Kashmir","g297623","d3149563","4.5","https://www.tripadvisor.com/ShowUserReviews-g297623-d3149563-r478135967-Chatti_Padshahi_Gurudwara-Srinagar_Srinagar_District_Kashmir_Jammu_and_Kashmir.html","https://dynamic-media-cdn.tripadvisor.com/media/photo-o/07/e8/15/96/kalpit-l.jpg?w=100&h=-1&s=1","4.0 of 5 bubbles","Gurudwara",184,"A big historical Gurudwara on foothills of Hari Parbat. You will feel inner peace here and it will be a divine experience.","Apr 2017 • Couples","","","","2024-03-21T18:22:01Z"
"Chatti Padshahi Gurudwara","Srinagar Jammu and Kashmir","g297623","d3149563","4.5","https://www.tripadvisor.com/ShowUserReviews-g297623-d3149563-r467093846-Chatti_Padshahi_Gurudwara-Srinagar_Srinagar_District_Kashmir_Jammu_and_Kashmir.html","https://dynamic-media-cdn.tripadvisor.com/media/photo-o/04/06/9e/5f/rachneebkk.jpg?w=100&h=-1&s=1","5.0 of 5 bubbles","Beautiful and Serene",89,"We were guided to this Gurudwara by our Local Driver and he mentioned it was very close to out hotel. We visited it during the afternoon hence it was empty.We were welcomed by the Gyanis and given Prasad. He even told us the history of this place. We also brought back home some holy water from the well at the Gurudwara. It is a beautiful gurudwara and needs to be preserved.","Mar 2017 • Friends","","","","2024-03-21T18:22:01Z"
"Chatti Padshahi Gurudwara","Srinagar Jammu and Kashmir","g297623","d3149563","4.5","https://www.tripadvisor.com/ShowUserReviews-g297623-d3149563-r463581253-Chatti_Padshahi_Gurudwara-Srinagar_Srinagar_District_Kashmir_Jammu_and_Kashmir.html","https://dynamic-media-cdn.tripadvisor.com/media/photo-o/1a/f6/e5/2b/default-avatar-2020-52.jpg?w=100&h=-1&s=1","4.0 of 5 bubbles","Wahe Guru",192,"This Gurudwara is located in the old town side of Srinagar, at the base of the Fort. The feeling in this holy place is very calm & the vibrations are powerful. There is a true history / story connected to this place of worship.","Feb 2017 • Solo","","","","2024-03-21T18:22:01Z"
"Chatti Padshahi Gurudwara","Srinagar Jammu and Kashmir","g297623","d3149563","4.5","https://www.tripadvisor.com/ShowUserReviews-g297623-d3149563-r387706966-Chatti_Padshahi_Gurudwara-Srinagar_Srinagar_District_Kashmir_Jammu_and_Kashmir.html","https://dynamic-media-cdn.tripadvisor.com/media/photo-o/1a/f6/f4/5d/default-avatar-2020-32.jpg?w=100&h=-1&s=1","4.0 of 5 bubbles","Beautiful",16,"I seen it from outside only when i was coming back from sonmarg..... Some Celebration was going on that day... So the road was blocked by lots of car and SANGAT....","Jun 2016 • Family","","","","2024-03-21T18:22:01Z"
"Chatti Padshahi Gurudwara","Srinagar Jammu and Kashmir","g297623","d3149563","4.5","https://www.tripadvisor.com/ShowUserReviews-g297623-d3149563-r383071635-Chatti_Padshahi_Gurudwara-Srinagar_Srinagar_District_Kashmir_Jammu_and_Kashmir.html","https://dynamic-media-cdn.tripadvisor.com/media/photo-o/0a/a9/dc/dc/sutendra.jpg?w=100&h=-1&s=1","5.0 of 5 bubbles","A Very satisfying experience",107,"We have great faith in Gurudwaras; and this is one of the better known ones in the area. We visited this on my 70th birthday, when the Pathi did special ARDAAS for me. Indeed a nice experience.Unfortunately for Kashmir tourism, as we stepped out there was a demonstration forcing the traffic to go in another direction; and we got stuck for some time.","Jun 2016 • Friends","","","","2024-03-21T18:22:01Z"
"Chatti Padshahi Gurudwara","Srinagar Jammu and Kashmir","g297623","d3149563","4.5","https://www.tripadvisor.com/ShowUserReviews-g297623-d3149563-r378963003-Chatti_Padshahi_Gurudwara-Srinagar_Srinagar_District_Kashmir_Jammu_and_Kashmir.html","https://dynamic-media-cdn.tripadvisor.com/media/photo-o/1a/f6/e7/7b/default-avatar-2020-56.jpg?w=100&h=-1&s=1","5.0 of 5 bubbles","Awesome place located at the foot of hariparbat hills ",13,"The religious Sikh shrine located in the down town of Srinagar The place has great religious and historical value A must visit place","Jul 2015 • Family","","","","2024-03-21T18:22:01Z"
"Chatti Padshahi Gurudwara","Srinagar Jammu and Kashmir","g297623","d3149563","4.5","https://www.tripadvisor.com/ShowUserReviews-g297623-d3149563-r365298520-Chatti_Padshahi_Gurudwara-Srinagar_Srinagar_District_Kashmir_Jammu_and_Kashmir.html","https://dynamic-media-cdn.tripadvisor.com/media/photo-o/1a/f6/ea/74/default-avatar-2020-68.jpg?w=100&h=-1&s=1","5.0 of 5 bubbles","Historic Gurudwara",13,"You need to hire a cab to go to this place, this is in the interiors of city. Its a Historical Gurudwara.","May 2015 • Family","","","","2024-03-21T18:22:01Z"
"Chatti Padshahi Gurudwara","Srinagar Jammu and Kashmir","g297623","d3149563","4.5","https://www.tripadvisor.com/ShowUserReviews-g297623-d3149563-r358067292-Chatti_Padshahi_Gurudwara-Srinagar_Srinagar_District_Kashmir_Jammu_and_Kashmir.html","https://dynamic-media-cdn.tripadvisor.com/media/photo-o/1a/f6/e9/60/default-avatar-2020-64.jpg?w=100&h=-1&s=1","5.0 of 5 bubbles","famous histotic Gurudwara sahib",12,"famous historic gurudwara sahib  among sikhs . 6th guru sahib sri guru hargobind sahib ji visited here and mata bhagbhari ji a devotee presented her a piece of cloth.well  was dug  by Guru sahib blessings","Mar 2016 • Business","","","","2024-03-21T18:22:01Z"
"Chatti Padshahi Gurudwara","Srinagar Jammu and Kashmir","g297623","d3149563","4.5","https://www.tripadvisor.com/ShowUserReviews-g297623-d3149563-r343026675-Chatti_Padshahi_Gurudwara-Srinagar_Srinagar_District_Kashmir_Jammu_and_Kashmir.html","https://dynamic-media-cdn.tripadvisor.com/media/photo-o/1a/f6/ef/9c/default-avatar-2020-14.jpg?w=100&h=-1&s=1","5.0 of 5 bubbles","Gurdwara of Guru Hargobind ji",33,"Very spiritual and religious visit....i didnt know that there will be any historical gurudwara in kashmir........we sat there for quite a whilenice visit and we felt peace there......","Feb 2015","","","","2024-03-21T18:22:01Z"
"Chatti Padshahi Gurudwara","Srinagar Jammu and Kashmir","g297623","d3149563","4.5","https://www.tripadvisor.com/ShowUserReviews-g297623-d3149563-r339543571-Chatti_Padshahi_Gurudwara-Srinagar_Srinagar_District_Kashmir_Jammu_and_Kashmir.html","https://dynamic-media-cdn.tripadvisor.com/media/photo-o/1a/f6/f1/42/default-avatar-2020-20.jpg?w=100&h=-1&s=1","5.0 of 5 bubbles","Great Historical Gurudwara",181,"Gurudwara Chatti Padshahi Rajouri is a very important religious place in Srinagar for Sikhs. This is historical gurudwara having beautiful building.","Sep 2015 • Family","","","","2024-03-21T18:22:02Z"
"Chatti Padshahi Gurudwara","Srinagar Jammu and Kashmir","g297623","d3149563","4.5","https://www.tripadvisor.com/ShowUserReviews-g297623-d3149563-r335345006-Chatti_Padshahi_Gurudwara-Srinagar_Srinagar_District_Kashmir_Jammu_and_Kashmir.html","https://dynamic-media-cdn.tripadvisor.com/media/photo-o/1a/f6/eb/e3/default-avatar-2020-59.jpg?w=100&h=-1&s=1","5.0 of 5 bubbles","Nice Place to visit , Calm, peace, mindful of spiritual vibes",15,"GuruDwara of Chatti Patshahi, located in old city of srinagar.In 1616 Guru Hargobind Sahib ji visited and stayed at this place. Its a nce Place to visit , Calm, peace, mindful of spiritual vibes, nice to listen story how that Gurudwara formed","Dec 2015 • Couples","","","","2024-03-21T18:22:02Z"
"Chatti Padshahi Gurudwara","Srinagar Jammu and Kashmir","g297623","d3149563","4.5","https://www.tripadvisor.com/ShowUserReviews-g297623-d3149563-r333789779-Chatti_Padshahi_Gurudwara-Srinagar_Srinagar_District_Kashmir_Jammu_and_Kashmir.html","https://dynamic-media-cdn.tripadvisor.com/media/photo-o/1a/f6/e5/66/default-avatar-2020-53.jpg?w=100&h=-1&s=1","5.0 of 5 bubbles","Holy Gurudwara of Sikhs",65,"Gurudwara Shri Chatti Padshahi Saheb, is holy place of Sikhs located in Srinagar's heart of Kashmir. It is place of Historic importance and you are blessed and feel blessed after visiting praying in the gurudwara saheb.","Dec 2015","","","","2024-03-21T18:22:02Z"
"Chatti Padshahi Gurudwara","Srinagar Jammu and Kashmir","g297623","d3149563","4.5","https://www.tripadvisor.com/ShowUserReviews-g297623-d3149563-r327388735-Chatti_Padshahi_Gurudwara-Srinagar_Srinagar_District_Kashmir_Jammu_and_Kashmir.html","https://dynamic-media-cdn.tripadvisor.com/media/photo-o/09/76/f4/17/kunal-m.jpg?w=100&h=-1&s=1","5.0 of 5 bubbles","Nice Place",99,"Nice Place to visit , Calm, peace, mindful of spiritual vibes, nice to listen story how that Gurudwara formed","Dec 2014 • Business","","","","2024-03-21T18:22:02Z"
"Chatti Padshahi Gurudwara","Srinagar Jammu and Kashmir","g297623","d3149563","4.5","https://www.tripadvisor.com/ShowUserReviews-g297623-d3149563-r322538686-Chatti_Padshahi_Gurudwara-Srinagar_Srinagar_District_Kashmir_Jammu_and_Kashmir.html","https://dynamic-media-cdn.tripadvisor.com/media/photo-o/1a/f6/e2/e6/default-avatar-2020-45.jpg?w=100&h=-1&s=1","5.0 of 5 bubbles","Gurudawara in Srinagar.",9,"This is a Gurudwara where in 1616 Guru Hargobind Sahib Ji the 6thguruReached & Blessed THE HOISE OF MATA BHAG BHARI.She was blind & wanted to present Khadar chola to GURU SHAHIB & waited for the Guru to come.Guru came & Mai requested that she wants to see Him. Guru accepted the request & Hitted the ground with Barsha. Spring of water started coming out of ground & she washed her eyes & Her Eyesight was restored. & She had glimpse of THE HOLY GURU.& She said she wanted to relese fromthis birth & her wish was Accepted.","Sep 2015 • Solo","","","","2024-03-21T18:22:02Z"
"Chatti Padshahi Gurudwara","Srinagar Jammu and Kashmir","g297623","d3149563","4.5","https://www.tripadvisor.com/ShowUserReviews-g297623-d3149563-r319228776-Chatti_Padshahi_Gurudwara-Srinagar_Srinagar_District_Kashmir_Jammu_and_Kashmir.html","https://dynamic-media-cdn.tripadvisor.com/media/photo-o/0c/e4/6a/f3/chemet.jpg?w=100&h=-1&s=1","4.0 of 5 bubbles","A HISTORICAL GURUDWARA",119,"We visited the Gurudwara in October. This Gurudwara is a place where the 6th Guru Hargobindsinghji has visited in 1616 AD to bless an old blind lady who was praying for the same. When Guruji met her, she gifted him a shawl which she had made herself and she requested Guruji to give her darshan though she was blind. Guruji, tapped a rod on the ground and holy water sprang forth from there. He asked her to wash her eyes with the water and she got her eyesight. She did darshan of Gurusahib and then asked him to free her from the body as she did not wish to see anything else. Guruji granted her wish and himself cremated her at the very place where this gurudwara is located.The spring still exists and the faithful carry this holy water with them.","Oct 2015","","","","2024-03-21T18:22:02Z"
"Chatti Padshahi Gurudwara","Srinagar Jammu and Kashmir","g297623","d3149563","4.5","https://www.tripadvisor.com/ShowUserReviews-g297623-d3149563-r313150991-Chatti_Padshahi_Gurudwara-Srinagar_Srinagar_District_Kashmir_Jammu_and_Kashmir.html","https://dynamic-media-cdn.tripadvisor.com/media/photo-o/1a/f6/7c/01/default-avatar-2020-5.jpg?w=100&h=-1&s=1","4.0 of 5 bubbles","Often skipped out in most itineraries .... But a must visit !",245,"Chhatti Padshahi Gurudwara is located in the older half of Srinagar ... Also referred to as downtown. It has generally been skipped out of most itineraries. Yet it is an amazing place to visit. Location: at the base of Hari Parbat.  It is a Sikh place of worship. It is dedicated to the sixth Sikh guru - Guru Hargobind Ji. The main Gurudwara resonates with powerful energy. Has an amazing architecture. Remember to take off your shoes at the entrance and cover your heads as you enter as a mark of respect in any Gurudwara.In another part of the complex across a dividing road is adequate car parking and the Langar (the community kitchen n dining hall). Eating at the Langar is an experience on its own. People of all ages pitch in to serve visitors and also help cleaning up. The food is delicious and not charged for. Of course one is free to leave any which donation they want!","Oct 2014 • Family","","","","2024-03-21T18:22:02Z"
"Chatti Padshahi Gurudwara","Srinagar Jammu and Kashmir","g297623","d3149563","4.5","https://www.tripadvisor.com/ShowUserReviews-g297623-d3149563-r309480236-Chatti_Padshahi_Gurudwara-Srinagar_Srinagar_District_Kashmir_Jammu_and_Kashmir.html","https://dynamic-media-cdn.tripadvisor.com/media/photo-o/1a/e3/9d/d1/dalbir-s-virdi.jpg?w=100&h=-1&s=1","5.0 of 5 bubbles","A Sikh Shrine dedicated to Guru Hargobind Ji (6th Guru)",28,"Its believed that 6th Guru of Sikhs (An Indian Religion) Shri Guru Hargobind ji had visited and stayed at this place during 16th century. There is a large Sikh community in Srinagar (Kashmiri Khalsas) who have maintained this place extremely well. Presence of Gurudwara, Temples and Muslim shrines in Kashmir indicate the fact that it was Kashmir was inhabited by all communities of India and it was also ruled by different dynasties of Hindu, Sikh and Muslim Kings.","Oct 2014 • Family","","","","2024-03-21T18:22:02Z"
"Chatti Padshahi Gurudwara","Srinagar Jammu and Kashmir","g297623","d3149563","4.5","https://www.tripadvisor.com/ShowUserReviews-g297623-d3149563-r309140666-Chatti_Padshahi_Gurudwara-Srinagar_Srinagar_District_Kashmir_Jammu_and_Kashmir.html","https://dynamic-media-cdn.tripadvisor.com/media/photo-o/08/e5/b1/b1/bps-patiala.jpg?w=100&h=-1&s=1","5.0 of 5 bubbles","Chhati Patshahi Gurudwara",31,"This gurudwara is a historical gurudwara. Sixth Guru of Sikhs Sri Guru Hargobind Sahib Ji came here. It is located in the Kathidarwaza area of Srinagar. It is a worth seeing place for everyone to pay obeisance, specially for sikhs who come to Srinagar.","Aug 2015 • Family","","","","2024-03-21T18:22:02Z"
"Chatti Padshahi Gurudwara","Srinagar Jammu and Kashmir","g297623","d3149563","4.5","https://www.tripadvisor.com/ShowUserReviews-g297623-d3149563-r277820902-Chatti_Padshahi_Gurudwara-Srinagar_Srinagar_District_Kashmir_Jammu_and_Kashmir.html","https://dynamic-media-cdn.tripadvisor.com/media/photo-o/1a/f6/f2/b8/default-avatar-2020-26.jpg?w=100&h=-1&s=1","4.0 of 5 bubbles","Very peaceful place and good Ora.",5,"Gurudwara located in the old city of Srinagar. one must visit for our Sikh brethren while visiting the capital. Very peaceful place and good Ora.","Jun 2015","","","","2024-03-21T18:22:02Z"
"Chatti Padshahi Gurudwara","Srinagar Jammu and Kashmir","g297623","d3149563","4.5","https://www.tripadvisor.com/ShowUserReviews-g297623-d3149563-r277558982-Chatti_Padshahi_Gurudwara-Srinagar_Srinagar_District_Kashmir_Jammu_and_Kashmir.html","https://dynamic-media-cdn.tripadvisor.com/media/photo-o/0f/66/b6/98/tarunds.jpg?w=100&h=-1&s=1","4.0 of 5 bubbles","History revisited",130,"It s the largest Gurudwara in Srinagar situated in the old city.I visited it on the day of gurpurab of Guru Hargobind Sahib Ji who visited this place which is said to be the residense of an old blind lady who wanted to meet guruJi which GuruJi granted by coming here to see her & also restored her vision so that she could meet GuruJi.Its peaceful and food(langar & prashad) is always available.","Jun 2015 • Family","","","","2024-03-21T18:22:03Z"
"Chatti Padshahi Gurudwara","Srinagar Jammu and Kashmir","g297623","d3149563","4.5","https://www.tripadvisor.com/ShowUserReviews-g297623-d3149563-r274981574-Chatti_Padshahi_Gurudwara-Srinagar_Srinagar_District_Kashmir_Jammu_and_Kashmir.html","https://dynamic-media-cdn.tripadvisor.com/media/photo-o/0d/45/95/82/ajaymsingh1.jpg?w=100&h=-1&s=1","3.0 of 5 bubbles","Only Gurudwara for the sikh community in Srinagar",134,"Gurudwara located in the old city of Srinagar. A must visit for our Sikh brethren while visiting the capital.","May 2015 • Family","","","","2024-03-21T18:22:03Z"
"Chatti Padshahi Gurudwara","Srinagar Jammu and Kashmir","g297623","d3149563","4.5","https://www.tripadvisor.com/ShowUserReviews-g297623-d3149563-r273224956-Chatti_Padshahi_Gurudwara-Srinagar_Srinagar_District_Kashmir_Jammu_and_Kashmir.html","https://dynamic-media-cdn.tripadvisor.com/media/photo-o/06/bd/bd/32/jayantpai.jpg?w=100&h=-1&s=1","4.0 of 5 bubbles","Peaceful place",149,"Worth visiting once. There was no Gurbani on when we went. I missed listening to it. Cross the road and eat the food at the Langar. Unlimited quantities of wholesome roti and gravy. Do not forget to wash your plates after eating...","May 2015 • Family","","","","2024-03-21T18:22:03Z"
"Chatti Padshahi Gurudwara","Srinagar Jammu and Kashmir","g297623","d3149563","4.5","https://www.tripadvisor.com/ShowUserReviews-g297623-d3149563-r267706693-Chatti_Padshahi_Gurudwara-Srinagar_Srinagar_District_Kashmir_Jammu_and_Kashmir.html","https://dynamic-media-cdn.tripadvisor.com/media/photo-f/01/2e/70/9f/avatar070.jpg?w=100&h=-1&s=1","4.0 of 5 bubbles","Religious Centre",25,"Chatti Padshahi Gurudwara in Srinagar is an important religious centre for Sikhs. It is situated outside the Har Parbat Fort's southern gate and forms an important part of the religious tourism in the city. The legend of this gurudwara associates it with Guru Hargobind – the sixth Sikh Guru and his ardent devotee Mai Bhagbhari. It is said that she yearned for long to get a glimpse of the Guru, who finally visited her. During the visit, he preached the virtues of Sikhism.","Oct 2014 • Family","","","","2024-03-21T18:22:03Z"
"Chatti Padshahi Gurudwara","Srinagar Jammu and Kashmir","g297623","d3149563","4.5","https://www.tripadvisor.com/ShowUserReviews-g297623-d3149563-r256919913-Chatti_Padshahi_Gurudwara-Srinagar_Srinagar_District_Kashmir_Jammu_and_Kashmir.html","https://dynamic-media-cdn.tripadvisor.com/media/photo-o/07/6b/15/56/gtkf.jpg?w=100&h=-1&s=1","5.0 of 5 bubbles","Quite and peaceful",76,"Very beautiful place. Very peaceful and quite place. We visited in Feb 2015. This is a historical place. Has a main sanctum and a smaller sanctum by the left side. There is also a sacred well in the premises.Pls drink the holy nectar before coming out of the Gurudwara. Have a conversation with the disciples in and around the region to get a deeper understanding of this sacred place.","Feb 2015 • Family","","","","2024-03-21T18:22:03Z"
"Chatti Padshahi Gurudwara","Srinagar Jammu and Kashmir","g297623","d3149563","4.5","https://www.tripadvisor.com/ShowUserReviews-g297623-d3149563-r250275109-Chatti_Padshahi_Gurudwara-Srinagar_Srinagar_District_Kashmir_Jammu_and_Kashmir.html","https://dynamic-media-cdn.tripadvisor.com/media/photo-o/1a/f6/de/0a/default-avatar-2020-35.jpg?w=100&h=-1&s=1","5.0 of 5 bubbles","Chhatti Padshahi",34,"History and religion together at this place inside Srinagar.Must for Sikhs, but others can also take a tour.The sixth Guru, had restored the vision of his devotee in this place.Also, there is a sacred well there.","Apr 2014 • Couples","","","","2024-03-21T18:22:03Z"
"Chatti Padshahi Gurudwara","Srinagar Jammu and Kashmir","g297623","d3149563","4.5","https://www.tripadvisor.com/ShowUserReviews-g297623-d3149563-r228475374-Chatti_Padshahi_Gurudwara-Srinagar_Srinagar_District_Kashmir_Jammu_and_Kashmir.html","https://dynamic-media-cdn.tripadvisor.com/media/photo-s/02/d0/4f/d8/nfl49ers.jpg?w=100&h=-1&s=1","4.0 of 5 bubbles","Worth a visit.",119,"Has history and is worth paying respects to. Has a main sanctum and a smaller sanctum. Wahe Guru ji Da Khalsa, Wahe Guru Ji Di Fateh.","Sep 2014 • Couples","","","","2024-03-21T18:22:03Z"
"Chatti Padshahi Gurudwara","Srinagar Jammu and Kashmir","g297623","d3149563","4.5","https://www.tripadvisor.com/ShowUserReviews-g297623-d3149563-r211306630-Chatti_Padshahi_Gurudwara-Srinagar_Srinagar_District_Kashmir_Jammu_and_Kashmir.html","https://dynamic-media-cdn.tripadvisor.com/media/photo-o/0f/23/a7/39/adee1234.jpg?w=100&h=-1&s=1","4.0 of 5 bubbles","A gurudwara with a very devotional piece of history",433,"Hi All,This holy guruduara is quite in the middle of the city of Srinagar and is the only guruduara in the city , i guess.Please ask some one to show you the kutiya of bibbiji just to the left of the main building. Also, dont miss drinking  the holy nector","","","","","2024-03-21T18:22:03Z"
"Chatti Padshahi Gurudwara","Srinagar Jammu and Kashmir","g297623","d3149563","4.5","https://www.tripadvisor.com/ShowUserReviews-g297623-d3149563-r209170401-Chatti_Padshahi_Gurudwara-Srinagar_Srinagar_District_Kashmir_Jammu_and_Kashmir.html","https://dynamic-media-cdn.tripadvisor.com/media/photo-o/07/03/a0/ed/k-yogi.jpg?w=100&h=-1&s=1","5.0 of 5 bubbles","Reverence !",883,"Visited this place while returning to our hotel from Hazaratbal shrine. Spiritual vibes all around....","May 2014 • Family","","","","2024-03-21T18:22:03Z"
"Chatti Padshahi Gurudwara","Srinagar Jammu and Kashmir","g297623","d3149563","4.5","https://www.tripadvisor.com/ShowUserReviews-g297623-d3149563-r205618204-Chatti_Padshahi_Gurudwara-Srinagar_Srinagar_District_Kashmir_Jammu_and_Kashmir.html","https://dynamic-media-cdn.tripadvisor.com/media/photo-o/06/13/cc/27/vckarandikar.jpg?w=100&h=-1&s=1","5.0 of 5 bubbles","Bow in respect",17,"We were unable to see this place thorougly due to timinng issuesBut the glimpes gave us a in sight waht we had missed , do visit this place , amazing monument ,","May 2014 • Family","","","","2024-03-21T18:22:03Z"
"Chatti Padshahi Gurudwara","Srinagar Jammu and Kashmir","g297623","d3149563","4.5","https://www.tripadvisor.com/ShowUserReviews-g297623-d3149563-r201415291-Chatti_Padshahi_Gurudwara-Srinagar_Srinagar_District_Kashmir_Jammu_and_Kashmir.html","https://dynamic-media-cdn.tripadvisor.com/media/photo-o/05/bb/95/80/harpreetsg.jpg?w=100&h=-1&s=1","5.0 of 5 bubbles","Excellent",60,"This historical Gurudwara is connected with the visit of the 6th Guru Hargobind Sahib.This gurudwara is on the way to sonmarg/Nageen lake.","Apr 2014 • Family","","","","2024-03-21T18:22:06Z"
"Chatti Padshahi Gurudwara","Srinagar Jammu and Kashmir","g297623","d3149563","4.5","https://www.tripadvisor.com/ShowUserReviews-g297623-d3149563-r199835732-Chatti_Padshahi_Gurudwara-Srinagar_Srinagar_District_Kashmir_Jammu_and_Kashmir.html","https://dynamic-media-cdn.tripadvisor.com/media/photo-o/05/42/20/c6/surd-banka.jpg?w=100&h=-1&s=1","5.0 of 5 bubbles","Sanctum of Peace",77,"This place commemorate the visit of Sixth sikh Guru in Kashmir. place of pilgrim and provide sense of history and peace .","Mar 2014 • Family","","","","2024-03-21T18:22:06Z"
"Chatti Padshahi Gurudwara","Srinagar Jammu and Kashmir","g297623","d3149563","4.5","https://www.tripadvisor.com/ShowUserReviews-g297623-d3149563-r198632346-Chatti_Padshahi_Gurudwara-Srinagar_Srinagar_District_Kashmir_Jammu_and_Kashmir.html","https://dynamic-media-cdn.tripadvisor.com/media/photo-o/0f/23/a7/39/adee1234.jpg?w=100&h=-1&s=1","5.0 of 5 bubbles","Please ask for the history of the guruduara",433,"Hi, Please google the history of the guruduara or ask there ... It would be a nice point which would make you like the guruduara much more.","Mar 2014 • Couples","","","","2024-03-21T18:22:06Z"
"Chatti Padshahi Gurudwara","Srinagar Jammu and Kashmir","g297623","d3149563","4.5","https://www.tripadvisor.com/ShowUserReviews-g297623-d3149563-r196458246-Chatti_Padshahi_Gurudwara-Srinagar_Srinagar_District_Kashmir_Jammu_and_Kashmir.html","https://dynamic-media-cdn.tripadvisor.com/media/photo-s/02/d3/ca/f3/amit-luvs-teddy.jpg?w=100&h=-1&s=1","5.0 of 5 bubbles","Nice place to relax with good wishes",290,"It will be inspirational and peaceful to visit this place. Not much explored by travelers but it is a sort of must visit. Hats off to the feelings of Sikhs which is associated with Guru Hargovind Singh Sahib. I think this Gurudwara is not so far from Nigeen lake. You can visit and spend some time there. I am sure you will really love it and have some time to relax. We went in colder days but, missed some langar if it would have been organized.","Feb 2014 • Couples","","","","2024-03-21T18:22:06Z"
"Chatti Padshahi Gurudwara","Srinagar Jammu and Kashmir","g297623","d3149563","4.5","https://www.tripadvisor.com/ShowUserReviews-g297623-d3149563-r194274413-Chatti_Padshahi_Gurudwara-Srinagar_Srinagar_District_Kashmir_Jammu_and_Kashmir.html","https://dynamic-media-cdn.tripadvisor.com/media/photo-o/04/a9/f7/66/paramjitsingh.jpg?w=100&h=-1&s=1","5.0 of 5 bubbles","place of faith",323,"this is located centrally in the main town srinagar this belongs to the SIKH HARGOBIND JI he come here to fulfill the dream of his devotee  and bliss her. here a good white building situated in the mountains of paradise one can visit it during the stay morning & evening are the best time to visit it every sunday morning many sikhs & other people get together there for pray. one can get tea and food free as a langar from the gurudwara inside","Jan 2014 • Family","","","","2024-03-21T18:22:06Z"
"Chatti Padshahi Gurudwara","Srinagar Jammu and Kashmir","g297623","d3149563","4.5","https://www.tripadvisor.com/ShowUserReviews-g297623-d3149563-r193743285-Chatti_Padshahi_Gurudwara-Srinagar_Srinagar_District_Kashmir_Jammu_and_Kashmir.html","https://dynamic-media-cdn.tripadvisor.com/media/photo-o/12/68/73/23/sunnykashmir7.jpg?w=100&h=-1&s=1","5.0 of 5 bubbles","Historical Gurudwara",966,"Chatti Padshahi is an Historical Gurudawara in old Srinagar City at Rainawari, The Gurudawara is now renovated by Kar sewa and a new marble building is built. The sikhs and all Devotees gather here on Gurupurab days and a special Deevan is held on every Sunday, Its below Hari Parbat Fort and near to Makhdoon sahib Shrine, Its a Must go Place for Devotees.RegardsSunny","Feb 2014 • Family","","","","2024-03-21T18:22:06Z"
"Chatti Padshahi Gurudwara","Srinagar Jammu and Kashmir","g297623","d3149563","4.5","https://www.tripadvisor.com/ShowUserReviews-g297623-d3149563-r159520885-Chatti_Padshahi_Gurudwara-Srinagar_Srinagar_District_Kashmir_Jammu_and_Kashmir.html","https://dynamic-media-cdn.tripadvisor.com/media/photo-o/0b/77/5a/94/elurslegna.jpg?w=100&h=-1&s=1","5.0 of 5 bubbles","historical",77,"it was built by the  the visit of the 6th Guru of the Sikhs- Guru Hargobind Sahib. A woman devotee used to dream that Guru ji would visit her and she had made a gown for him. Finally,the guruji came to meet her when she was here .She gifted him the gown she had made. This Gurudwara commemorates his visit. The Gurudwara has a well and the water from the same is supposed to have healing powers. The Darbar of the Gurudwara is quite impressive. the people who were there were also so nice they offered us tea and snacks to eat as we went there at around 4pm in the afternooon","Apr 2013 • Family","","","","2024-03-21T18:22:06Z"
"Chatti Padshahi Gurudwara","Srinagar Jammu and Kashmir","g297623","d3149563","4.5","https://www.tripadvisor.com/ShowUserReviews-g297623-d3149563-r135153465-Chatti_Padshahi_Gurudwara-Srinagar_Srinagar_District_Kashmir_Jammu_and_Kashmir.html","https://dynamic-media-cdn.tripadvisor.com/media/photo-o/1c/cd/ab/ba/ishwindersingh.jpg?w=100&h=-1&s=1","4.0 of 5 bubbles","Historical Gurudwara",177,"This historical Gurudwara is connected with the visit of the 6th Guru of the Sikhs- Guru Hargobind Sahib. A woman devotee used to dream that Guru ji would visit her and she had made a gown for him. Finally, her devotion bore fruit and Guru ji visited her when he was in Kashmir. She gifted him the gown she had made. This Gurudwara commemorates his visit. The Gurudwara has a well and the water from the same is supposed to have healing powers. The Darbar of the Gurudwara is quite impressive. Currently, some Kar Seva work is underway in one portion of the Gurudwara to develop the place where the Guru sat when he visited the area.The Gurudwara is quite far from downtown Srinagar and the localities on the way are not very nice. However, it is close to the Hari Parbat Fort, Nigeen Lake and Hazratbal Mosque.","Jul 2012 • Family","","","","2024-03-21T18:22:06Z"
