"names","address","geo_id","hotel_id","rating","url","profile_image","review_score","review_heading","profile_contr","review_body","date_of_stay","company_responder","company_response","company_response_date","timestamp"
"Dachigam Wildlife Sanctuary","Srinagar Jammu and Kashmir","g297623","d3913546","4.5","https://www.tripadvisor.com/ShowUserReviews-g297623-d3913546-r916845967-Dachigam_Wildlife_Sanctuary-Srinagar_Srinagar_District_Kashmir_Jammu_and_Kashmir.html","https://dynamic-media-cdn.tripadvisor.com/media/photo-o/1a/f6/f1/06/default-avatar-2020-18.jpg?w=100&h=-1&s=1","1.0 of 5 bubbles","DISAPPOINTING!! DECEIVING!!",4,"Terrible experience! Website description very deceiving, photos on website very deceiving. I am lost for adjectives to describe my experience, simply the worse ever!!If you take pride in ""saving"" the animals, please take time to clean their shelter too, it stinks! Please DO NOT WASTE YOUR MONEY!","Sep 2023 • Family","","","","2024-03-21T18:43:43Z"
"Dachigam Wildlife Sanctuary","Srinagar Jammu and Kashmir","g297623","d3913546","4.5","https://www.tripadvisor.com/ShowUserReviews-g297623-d3913546-r839788814-Dachigam_Wildlife_Sanctuary-Srinagar_Srinagar_District_Kashmir_Jammu_and_Kashmir.html","https://dynamic-media-cdn.tripadvisor.com/media/photo-o/1a/f6/f4/d0/default-avatar-2020-33.jpg?w=100&h=-1&s=1","5.0 of 5 bubbles","Experiencing adventure at its best",6,"Dachigam National Park is 22 kms from Srinagar and you need to get permit from J&K Dept. of Forest before visiting this place. This National Park will actually give you goosebumps as you enter deep inside. There's a beautiful Trout Farmland inside the forest at a distance of 1 km. One must visit this national park if you like adventure.","May 2022","","","","2024-03-21T18:43:43Z"
"Dachigam Wildlife Sanctuary","Srinagar Jammu and Kashmir","g297623","d3913546","4.5","https://www.tripadvisor.com/ShowUserReviews-g297623-d3913546-r838542066-Dachigam_Wildlife_Sanctuary-Srinagar_Srinagar_District_Kashmir_Jammu_and_Kashmir.html","https://dynamic-media-cdn.tripadvisor.com/media/photo-o/1a/f6/f4/5d/default-avatar-2020-32.jpg?w=100&h=-1&s=1","3.0 of 5 bubbles","Be there at least once in your life",7,"There are some places which we have only read or seen in pictures ,being there is a different experience..","Apr 2022","","","","2024-03-21T18:43:43Z"
"Dachigam Wildlife Sanctuary","Srinagar Jammu and Kashmir","g297623","d3913546","4.5","https://www.tripadvisor.com/ShowUserReviews-g297623-d3913546-r835663543-Dachigam_Wildlife_Sanctuary-Srinagar_Srinagar_District_Kashmir_Jammu_and_Kashmir.html","https://dynamic-media-cdn.tripadvisor.com/media/photo-o/07/44/b6/a5/ghoshs1.jpg?w=100&h=-1&s=1","5.0 of 5 bubbles","Superb Nature walk",869,"This is a superb nature walk but be ready to walk a lot. However, for people who are unable to they have a Battery buggy. Feel nature in its pristine form.","Apr 2022","","","","2024-03-21T18:43:43Z"
"Dachigam Wildlife Sanctuary","Srinagar Jammu and Kashmir","g297623","d3913546","4.5","https://www.tripadvisor.com/ShowUserReviews-g297623-d3913546-r835118055-Dachigam_Wildlife_Sanctuary-Srinagar_Srinagar_District_Kashmir_Jammu_and_Kashmir.html","https://dynamic-media-cdn.tripadvisor.com/media/photo-o/27/aa/7b/78/rakesh-mittal.jpg?w=100&h=-1&s=1","4.0 of 5 bubbles","Good nature walk",191,"We visited this during out stay in Srinagar for exploring the national park.It's better to take a walk ~5 km and you will see river a lot of tree and they do have 2-3 animal in cage to see.You will get the ticket at gate itself( online booking), guard there help you out with full procedure.","Mar 2022","","","","2024-03-21T18:43:43Z"
"Dachigam Wildlife Sanctuary","Srinagar Jammu and Kashmir","g297623","d3913546","4.5","https://www.tripadvisor.com/ShowUserReviews-g297623-d3913546-r817910219-Dachigam_Wildlife_Sanctuary-Srinagar_Srinagar_District_Kashmir_Jammu_and_Kashmir.html","https://dynamic-media-cdn.tripadvisor.com/media/photo-o/1a/f6/e8/91/default-avatar-2020-62.jpg?w=100&h=-1&s=1","5.0 of 5 bubbles","Beauty to next level",24,"Nestled in Srinagar, this protected reserve is a beauty in it's own. This needs a permit to enter, they have stays available as well. Go on the right time to get the best experience","Nov 2021","","","","2024-03-21T18:43:43Z"
"Dachigam Wildlife Sanctuary","Srinagar Jammu and Kashmir","g297623","d3913546","4.5","https://www.tripadvisor.com/ShowUserReviews-g297623-d3913546-r735241390-Dachigam_Wildlife_Sanctuary-Srinagar_Srinagar_District_Kashmir_Jammu_and_Kashmir.html","https://dynamic-media-cdn.tripadvisor.com/media/photo-o/1a/f6/e3/6a/default-avatar-2020-47.jpg?w=100&h=-1&s=1","4.0 of 5 bubbles","With the authority we went",448,"First of all we had to seek permission from the relavant authority to go inside and it was worth going to this wildlife sanctuary.","Jun 2019","","","","2024-03-21T18:43:43Z"
"Dachigam Wildlife Sanctuary","Srinagar Jammu and Kashmir","g297623","d3913546","4.5","https://www.tripadvisor.com/ShowUserReviews-g297623-d3913546-r667189570-Dachigam_Wildlife_Sanctuary-Srinagar_Srinagar_District_Kashmir_Jammu_and_Kashmir.html","https://dynamic-media-cdn.tripadvisor.com/media/photo-o/1a/f6/ef/9c/default-avatar-2020-14.jpg?w=100&h=-1&s=1","4.0 of 5 bubbles","Dachigam National Park",87,"Dachigam forest is a beautiful place surrounded by pure nature, mountains and water body.You have to get entry pass from wild life office near Dal Lake. Vehicle won't go inside jungle. You have to pay 1200 Rs to hire golf cart to visit jungle and if you are lucky enough can find leapard, bear, hangul, red deer and many species of birds.Amazing experience, must visit place to cleans your aura.","Apr 2019 • Couples","","","","2024-03-21T18:43:43Z"
"Dachigam Wildlife Sanctuary","Srinagar Jammu and Kashmir","g297623","d3913546","4.5","https://www.tripadvisor.com/ShowUserReviews-g297623-d3913546-r625846833-Dachigam_Wildlife_Sanctuary-Srinagar_Srinagar_District_Kashmir_Jammu_and_Kashmir.html","https://dynamic-media-cdn.tripadvisor.com/media/photo-o/1a/f6/f4/5d/default-avatar-2020-32.jpg?w=100&h=-1&s=1","4.0 of 5 bubbles","Require a permit",149,"Since we didnt have the permit w were not allowed to go deep inside. Spoke to the gate keeper and managed to get inside and went pretty far. What we saw was extremely good and I can imagine what we missed.","May 2018 • Family","","","","2024-03-21T18:43:43Z"
"Dachigam Wildlife Sanctuary","Srinagar Jammu and Kashmir","g297623","d3913546","4.5","https://www.tripadvisor.com/ShowUserReviews-g297623-d3913546-r619880702-Dachigam_Wildlife_Sanctuary-Srinagar_Srinagar_District_Kashmir_Jammu_and_Kashmir.html","https://dynamic-media-cdn.tripadvisor.com/media/photo-o/04/11/e8/8e/sayadil.jpg?w=100&h=-1&s=1","5.0 of 5 bubbles","Great National Park.",349,"Its a great National Park... not only great for visiting Animals... few are caged every month and re released in the wild. these mostly include bears and leopards. Place is forest densed also includes a Trout Fisherie inside it. Must visit.","Aug 2018 • Family","","","","2024-03-21T18:43:43Z"
"Dachigam Wildlife Sanctuary","Srinagar Jammu and Kashmir","g297623","d3913546","4.5","https://www.tripadvisor.com/ShowUserReviews-g297623-d3913546-r605169834-Dachigam_Wildlife_Sanctuary-Srinagar_Srinagar_District_Kashmir_Jammu_and_Kashmir.html","https://dynamic-media-cdn.tripadvisor.com/media/photo-o/06/af/4f/5d/sam-s.jpg?w=100&h=-1&s=1","5.0 of 5 bubbles","Paradide for Nature Lovers",29,"Sometimes one needs to really see to believe the truth and the truth is what India has in terms of biodiversity no other countries have. Jaw-dropping views, Outstanding Mountain scape,almost  100 % pollution free, pristine  streams, plethora of bird watching opportunities, some unique wildlife like Himalayan Black Bears, Himalayan Langur, Hangul ( Kashmiri Stag) and many others. This","Aug 2018 • Solo","","","","2024-03-21T18:43:44Z"
"Dachigam Wildlife Sanctuary","Srinagar Jammu and Kashmir","g297623","d3913546","4.5","https://www.tripadvisor.com/ShowUserReviews-g297623-d3913546-r596281918-Dachigam_Wildlife_Sanctuary-Srinagar_Srinagar_District_Kashmir_Jammu_and_Kashmir.html","https://dynamic-media-cdn.tripadvisor.com/media/photo-o/1a/f6/eb/6d/default-avatar-2020-19.jpg?w=100&h=-1&s=1","5.0 of 5 bubbles","Amazing bears",106,"I was afraid I was going to see wildlife locked up in tiny cages but instead there are huge open areas as well as rescue bears in huge, interesting cages.  My daughter enjoyed feeding honey to a bear!We visited about mid-day during a heat wave - the wildlife was much more sensible and hid in th shade until it got cooler.","Jun 2018 • Family","","","","2024-03-21T18:43:44Z"
"Dachigam Wildlife Sanctuary","Srinagar Jammu and Kashmir","g297623","d3913546","4.5","https://www.tripadvisor.com/ShowUserReviews-g297623-d3913546-r593657630-Dachigam_Wildlife_Sanctuary-Srinagar_Srinagar_District_Kashmir_Jammu_and_Kashmir.html","https://dynamic-media-cdn.tripadvisor.com/media/photo-o/19/20/bf/e4/sanaa007.jpg?w=100&h=-1&s=1","3.0 of 5 bubbles","Dachigam",53,"My experience to this location quite unexpected as I had no Idea of this place. They offer three mode of transport  bicycle, sharing taxi, on foot. I prefer cycle. I will never recommend anyone to explore this place on foot, its dangerous. I didn't get the chance to see any wild animal in open but there are a she Leopard and a Brown Young Bear in in closer. One has to take permission before hand to get in to this place.for this you need to have photo ID/ Aadhar Card. You better go in Group.Sana","Jun 2018 • Solo","","","","2024-03-21T18:43:44Z"
"Dachigam Wildlife Sanctuary","Srinagar Jammu and Kashmir","g297623","d3913546","4.5","https://www.tripadvisor.com/ShowUserReviews-g297623-d3913546-r591051074-Dachigam_Wildlife_Sanctuary-Srinagar_Srinagar_District_Kashmir_Jammu_and_Kashmir.html","https://dynamic-media-cdn.tripadvisor.com/media/photo-o/1a/f6/e5/66/default-avatar-2020-53.jpg?w=100&h=-1&s=1","4.0 of 5 bubbles","Good hangout time with wife and friends",419,"Nothing much to see here but walking here is awesome. To spend some of the qualities time was memory for ever.","May 2018 • Couples","","","","2024-03-21T18:43:44Z"
"Dachigam Wildlife Sanctuary","Srinagar Jammu and Kashmir","g297623","d3913546","4.5","https://www.tripadvisor.com/ShowUserReviews-g297623-d3913546-r582740215-Dachigam_Wildlife_Sanctuary-Srinagar_Srinagar_District_Kashmir_Jammu_and_Kashmir.html","https://dynamic-media-cdn.tripadvisor.com/media/photo-o/29/d2/34/6b/puneetm747.jpg?w=100&h=-1&s=1","4.0 of 5 bubbles","Nice place ",290,"Went there in noon . Saw Brown bear SAHIBA ... black bear Rosy and leopard.  Nice place to visit .. lots of trout fishes were there... First took permission from forest and wildlife office near hotel Lalit .. it nearly took 5 minutes.. then went to sanctuary. Not many animals seen as came to know that early morning is best for visit. Still only place for wildlife enthusiasts near Srinagar...","May 2018 • Family","","","","2024-03-21T18:43:44Z"
"Dachigam Wildlife Sanctuary","Srinagar Jammu and Kashmir","g297623","d3913546","4.5","https://www.tripadvisor.com/ShowUserReviews-g297623-d3913546-r580536427-Dachigam_Wildlife_Sanctuary-Srinagar_Srinagar_District_Kashmir_Jammu_and_Kashmir.html","https://dynamic-media-cdn.tripadvisor.com/media/photo-o/05/98/d9/66/surikay.jpg?w=100&h=-1&s=1","5.0 of 5 bubbles","A must see for Bird watchers and nature lovers",306,"Dachigam is not everyone's cup of tea. This is a place for birdwatchers , trekkers and environmentalists. My wife and I fortunate in having Mr Nazir Malik as our guide through the forest. Mr Malik calls himself a 'junglee' having spent his lifetime in the place. He can identify calls of over 100 species of birds , and explain in detail the flora and fauna of the forest. This place is known for the Himalayan black bear and Hangul ( Kashmir stag ) . The Dachigam wildlife sanctuary needs a permit to enter ( easy too obtain from the Forest division in Srinagar. The forest has several layers of security inside. The dense forest , the meadows and the river flowing in the middle of the sanctuary makes the whole place a heaven on earth. This place was the high point of our visit to Kashmir. Mr Malik pointed out to the snake-tongue shaped plant whose botanical name is ophioglossum. This plant has a high chromosome count and is found in these parts. Do reach out to Mr Nazir Malik who can guide you about what to see and where to go inside. Mr Malik's number is 09622534456 and email is naziamalik659@gmail.com","Apr 2018 • Couples","","","","2024-03-21T18:43:44Z"
"Dachigam Wildlife Sanctuary","Srinagar Jammu and Kashmir","g297623","d3913546","4.5","https://www.tripadvisor.com/ShowUserReviews-g297623-d3913546-r579558573-Dachigam_Wildlife_Sanctuary-Srinagar_Srinagar_District_Kashmir_Jammu_and_Kashmir.html","https://dynamic-media-cdn.tripadvisor.com/media/photo-o/13/18/84/30/manjusampat.jpg?w=100&h=-1&s=1","5.0 of 5 bubbles","Beautiful",161,"Well worth a visit. Wonderful flora and fauna . Quite a lot of walking to do though . You need a permission to enter","May 2018 • Couples","","","","2024-03-21T18:43:44Z"
"Dachigam Wildlife Sanctuary","Srinagar Jammu and Kashmir","g297623","d3913546","4.5","https://www.tripadvisor.com/ShowUserReviews-g297623-d3913546-r566291096-Dachigam_Wildlife_Sanctuary-Srinagar_Srinagar_District_Kashmir_Jammu_and_Kashmir.html","https://dynamic-media-cdn.tripadvisor.com/media/photo-o/07/54/cc/3d/jai1976.jpg?w=100&h=-1&s=1","5.0 of 5 bubbles","Do plan a visit to Dachigam reserve forest",312,"If you like trekking and forest, you should be here. Zoo and a trout fishery is must visit. Go till the View point to enjoy the trip.","Mar 2018 • Friends","","","","2024-03-21T18:43:44Z"
"Dachigam Wildlife Sanctuary","Srinagar Jammu and Kashmir","g297623","d3913546","4.5","https://www.tripadvisor.com/ShowUserReviews-g297623-d3913546-r562699597-Dachigam_Wildlife_Sanctuary-Srinagar_Srinagar_District_Kashmir_Jammu_and_Kashmir.html","https://dynamic-media-cdn.tripadvisor.com/media/photo-o/1c/bf/3a/31/shamilcolombo.jpg?w=100&h=-1&s=1","5.0 of 5 bubbles","super beautiful place",36,"loved the bit of time we spent here,........was really great.....loved the leopard who was a little darling so fond of humans......lovely walk in the snow upto the rescued animals area.....","Feb 2018 • Family","","","","2024-03-21T18:43:44Z"
"Dachigam Wildlife Sanctuary","Srinagar Jammu and Kashmir","g297623","d3913546","4.5","https://www.tripadvisor.com/ShowUserReviews-g297623-d3913546-r528446921-Dachigam_Wildlife_Sanctuary-Srinagar_Srinagar_District_Kashmir_Jammu_and_Kashmir.html","https://dynamic-media-cdn.tripadvisor.com/media/photo-o/1a/f6/ee/68/default-avatar-2020-9.jpg?w=100&h=-1&s=1","5.0 of 5 bubbles","Amazing.",21,"Dachigam Wildlife centuary is an amazing wildlife in pahalgam .There is a lots of croud of tourists in that place.There are amazing animals to see.","Mar 2017 • Friends","","","","2024-03-21T18:43:44Z"
"Dachigam Wildlife Sanctuary","Srinagar Jammu and Kashmir","g297623","d3913546","4.5","https://www.tripadvisor.com/ShowUserReviews-g297623-d3913546-r519200151-Dachigam_Wildlife_Sanctuary-Srinagar_Srinagar_District_Kashmir_Jammu_and_Kashmir.html","https://dynamic-media-cdn.tripadvisor.com/media/photo-o/04/84/0b/93/abbasrampurawala.jpg?w=100&h=-1&s=1","5.0 of 5 bubbles","Heaven on earth",19,"nice natural and secluded place away from hustle bustle .staff not at all cooperative , travelers have to get permission from some wild life warden office near dal lake and then have to head towards sanctuary which is 25 km away. accommodation inside sanctuary meant for travelers is never available.it is packed with VIP guest. NO information abt this is available at TRC. tourism dept helpline and contacts not in working condition","Jun 2017 • Couples","","","","2024-03-21T18:43:46Z"
"Dachigam Wildlife Sanctuary","Srinagar Jammu and Kashmir","g297623","d3913546","4.5","https://www.tripadvisor.com/ShowUserReviews-g297623-d3913546-r495529052-Dachigam_Wildlife_Sanctuary-Srinagar_Srinagar_District_Kashmir_Jammu_and_Kashmir.html","https://dynamic-media-cdn.tripadvisor.com/media/photo-o/1a/f6/ec/3d/default-avatar-2020-1.jpg?w=100&h=-1&s=1","4.0 of 5 bubbles","Big sanctuary but less animals",175,"Big sanctuary but very less amount of animals can be founded here. But this is a good place for spend time in nature laps.","Apr 2017 • Couples","","","","2024-03-21T18:43:46Z"
"Dachigam Wildlife Sanctuary","Srinagar Jammu and Kashmir","g297623","d3913546","4.5","https://www.tripadvisor.com/ShowUserReviews-g297623-d3913546-r485300067-Dachigam_Wildlife_Sanctuary-Srinagar_Srinagar_District_Kashmir_Jammu_and_Kashmir.html","https://dynamic-media-cdn.tripadvisor.com/media/photo-o/0c/3e/08/a8/anamika-k.jpg?w=100&h=-1&s=1","4.0 of 5 bubbles","Good",559,"Dachingam Wildlife Sanctuary is a good greenery place with mountain view. Good place to enjy the time in Kashmir.","Apr 2017 • Couples","","","","2024-03-21T18:43:46Z"
"Dachigam Wildlife Sanctuary","Srinagar Jammu and Kashmir","g297623","d3913546","4.5","https://www.tripadvisor.com/ShowUserReviews-g297623-d3913546-r474414579-Dachigam_Wildlife_Sanctuary-Srinagar_Srinagar_District_Kashmir_Jammu_and_Kashmir.html","https://dynamic-media-cdn.tripadvisor.com/media/photo-o/0e/df/e3/6f/faumijk.jpg?w=100&h=-1&s=1","4.0 of 5 bubbles","Nishat, Shalimar, harwan and Dachigam",20,"I visited Dachigam along with my friend. It is a national park located about 19 km from srinagar city. started from the srinagar city, I visited Nishat garden, shalimar garden, harwan and Dachigam. All of these beautifu places are located on the boulevard Road along the banks of Dal Lake.","Oct 2016 • Friends","","","","2024-03-21T18:43:46Z"
"Dachigam Wildlife Sanctuary","Srinagar Jammu and Kashmir","g297623","d3913546","4.5","https://www.tripadvisor.com/ShowUserReviews-g297623-d3913546-r423837912-Dachigam_Wildlife_Sanctuary-Srinagar_Srinagar_District_Kashmir_Jammu_and_Kashmir.html","https://dynamic-media-cdn.tripadvisor.com/media/photo-o/1a/f6/e6/ea/default-avatar-2020-54.jpg?w=100&h=-1&s=1","4.0 of 5 bubbles","Bears and lions",262,"This national park is located about half an hour drive from Srinagar.. You will have  to take a battery car to see the lions and bears inside","Sep 2016 • Friends","","","","2024-03-21T18:43:46Z"
"Dachigam Wildlife Sanctuary","Srinagar Jammu and Kashmir","g297623","d3913546","4.5","https://www.tripadvisor.com/ShowUserReviews-g297623-d3913546-r392748267-Dachigam_Wildlife_Sanctuary-Srinagar_Srinagar_District_Kashmir_Jammu_and_Kashmir.html","https://dynamic-media-cdn.tripadvisor.com/media/photo-s/02/de/29/cb/umesh-12.jpg?w=100&h=-1&s=1","4.0 of 5 bubbles","Good for Children",121,"You can enjoy different experience. Mostly it is very rare to explore the wildlife sanctuary for every body. Those who are having passion to explore the nature, they will definitely enjoy.Try to start the visit early in the morning so that you can back before the sunset.","Jun 2016 • Family","","","","2024-03-21T18:43:46Z"
"Dachigam Wildlife Sanctuary","Srinagar Jammu and Kashmir","g297623","d3913546","4.5","https://www.tripadvisor.com/ShowUserReviews-g297623-d3913546-r378515364-Dachigam_Wildlife_Sanctuary-Srinagar_Srinagar_District_Kashmir_Jammu_and_Kashmir.html","https://dynamic-media-cdn.tripadvisor.com/media/photo-o/1a/f6/f1/b8/default-avatar-2020-22.jpg?w=100&h=-1&s=1","4.0 of 5 bubbles","Peaceful sanctuary",154,"If you are lucky to get to see Dachigam make sure you ask for Nazeer Junglee Malik ( the guide and Eco conservator) A wonderful man , absolutely passionate about the sanctuary.The scenic beauty is calming and the fact that entry is very selective makes this an oasis of serenity completely crowd free and trash free.","May 2016 • Couples","","","","2024-03-21T18:43:46Z"
"Dachigam Wildlife Sanctuary","Srinagar Jammu and Kashmir","g297623","d3913546","4.5","https://www.tripadvisor.com/ShowUserReviews-g297623-d3913546-r377503860-Dachigam_Wildlife_Sanctuary-Srinagar_Srinagar_District_Kashmir_Jammu_and_Kashmir.html","https://dynamic-media-cdn.tripadvisor.com/media/photo-o/0b/6e/85/5e/paradisehyd.jpg?w=100&h=-1&s=1","5.0 of 5 bubbles","Wonderful wildlife",9,"For those who maintain a keen interest in birding/wildlife/nature please do visit. There is the usual bureaucracy involved in taking prior permission","May 2016","","","","2024-03-21T18:43:46Z"
"Dachigam Wildlife Sanctuary","Srinagar Jammu and Kashmir","g297623","d3913546","4.5","https://www.tripadvisor.com/ShowUserReviews-g297623-d3913546-r340874043-Dachigam_Wildlife_Sanctuary-Srinagar_Srinagar_District_Kashmir_Jammu_and_Kashmir.html","https://dynamic-media-cdn.tripadvisor.com/media/photo-o/07/fe/51/cc/nunun345.jpg?w=100&h=-1&s=1","5.0 of 5 bubbles","dachigam wild life sanctury",20,"Located very close to Srinagar (22-km), Dachigam National Park with its splendid forests and magnificent scenery is easily accessible. But it requires permission from the Forest department .Bird Viewing - March To Maylion, bear and Hangul ( deer) and Fisheries farm are in dachigam","May 2015","","","","2024-03-21T18:43:46Z"
"Dachigam Wildlife Sanctuary","Srinagar Jammu and Kashmir","g297623","d3913546","4.5","https://www.tripadvisor.com/ShowUserReviews-g297623-d3913546-r329846070-Dachigam_Wildlife_Sanctuary-Srinagar_Srinagar_District_Kashmir_Jammu_and_Kashmir.html","https://dynamic-media-cdn.tripadvisor.com/media/photo-o/03/af/fe/6f/sdas54.jpg?w=100&h=-1&s=1","5.0 of 5 bubbles","Himalayan Bear",290,"On the dot of 5.30 am we were there at the gate, as advised by Mr. Nazir Malik. After 1 km we stopped . It was getting into first light . We could here sounds in the surrounding trees . Soon big huge black bodies started getting down from these trees all around us . They got down looked at us and moved on . Saw six of them . By 6.10 am , the party was over . At 6.20 we were out of the park .","Sep 2015 • Friends","","","","2024-03-21T18:43:46Z"
"Dachigam Wildlife Sanctuary","Srinagar Jammu and Kashmir","g297623","d3913546","4.5","https://www.tripadvisor.com/ShowUserReviews-g297623-d3913546-r327740020-Dachigam_Wildlife_Sanctuary-Srinagar_Srinagar_District_Kashmir_Jammu_and_Kashmir.html","https://dynamic-media-cdn.tripadvisor.com/media/photo-o/1a/f6/e9/ef/default-avatar-2020-66.jpg?w=100&h=-1&s=1","5.0 of 5 bubbles","Trout",200,"This place is a hidden gem. The people working there actually love animals unlike other reserves where the employees just do their job. There is a great trout farm there where my daughter fed the fish. We also caught some trout and took it to the hotel where the chef cooked it for us. Lovely place to go to","Nov 2015","","","","2024-03-21T18:43:47Z"
"Dachigam Wildlife Sanctuary","Srinagar Jammu and Kashmir","g297623","d3913546","4.5","https://www.tripadvisor.com/ShowUserReviews-g297623-d3913546-r327345970-Dachigam_Wildlife_Sanctuary-Srinagar_Srinagar_District_Kashmir_Jammu_and_Kashmir.html","https://dynamic-media-cdn.tripadvisor.com/media/photo-o/1a/f6/eb/6d/default-avatar-2020-19.jpg?w=100&h=-1&s=1","5.0 of 5 bubbles","Let us go wild ..........................................................................",4,"Cheeta, Leopard, Black Bear, Dear, Fox, Kashmiri Stag (hangul), Trout Fish and many more can be seen here.","Nov 2015 • Family","","","","2024-03-21T18:43:47Z"
"Dachigam Wildlife Sanctuary","Srinagar Jammu and Kashmir","g297623","d3913546","4.5","https://www.tripadvisor.com/ShowUserReviews-g297623-d3913546-r324349540-Dachigam_Wildlife_Sanctuary-Srinagar_Srinagar_District_Kashmir_Jammu_and_Kashmir.html","https://dynamic-media-cdn.tripadvisor.com/media/photo-o/1a/f6/ea/74/default-avatar-2020-68.jpg?w=100&h=-1&s=1","4.0 of 5 bubbles","Visit only early morning",36,"This sanctuary has a few caged animals like bear, lion etc. But I will recommend to visit this sanctuary early morning to spot other wildlife animals and make the visit worthy.","Jun 2015 • Family","","","","2024-03-21T18:43:47Z"
"Dachigam Wildlife Sanctuary","Srinagar Jammu and Kashmir","g297623","d3913546","4.5","https://www.tripadvisor.com/ShowUserReviews-g297623-d3913546-r320163455-Dachigam_Wildlife_Sanctuary-Srinagar_Srinagar_District_Kashmir_Jammu_and_Kashmir.html","https://dynamic-media-cdn.tripadvisor.com/media/photo-o/06/8d/ad/4b/john-w.jpg?w=100&h=-1&s=1","1.0 of 5 bubbles","Once again closed",164,"This is supposed to be a public wildlife park. We have tried visiting on two trips to Kashmir and have been unable to obtain permits - the person responsible for permits has been 'out of town' and no one else has the authority to issue permits.","Sep 2015 • Couples","","","","2024-03-21T18:43:47Z"
"Dachigam Wildlife Sanctuary","Srinagar Jammu and Kashmir","g297623","d3913546","4.5","https://www.tripadvisor.com/ShowUserReviews-g297623-d3913546-r312115269-Dachigam_Wildlife_Sanctuary-Srinagar_Srinagar_District_Kashmir_Jammu_and_Kashmir.html","https://dynamic-media-cdn.tripadvisor.com/media/photo-o/1a/f6/7c/01/default-avatar-2020-5.jpg?w=100&h=-1&s=1","4.0 of 5 bubbles","Yet another VIP destination",245,"Dachigam Wildlife sanctuary has turned into a VIP place with only VIPs being permitted into the sanctum of the forest or beyond the perpheral areas. Without the special permit issued for visiting tourists - they can only go up to an interpretation centre containing a pair of cats and bears.","Apr 2015 • Friends","","","","2024-03-21T18:43:47Z"
"Dachigam Wildlife Sanctuary","Srinagar Jammu and Kashmir","g297623","d3913546","4.5","https://www.tripadvisor.com/ShowUserReviews-g297623-d3913546-r307516217-Dachigam_Wildlife_Sanctuary-Srinagar_Srinagar_District_Kashmir_Jammu_and_Kashmir.html","https://dynamic-media-cdn.tripadvisor.com/media/photo-o/1a/f6/e4/59/default-avatar-2020-49.jpg?w=100&h=-1&s=1","4.0 of 5 bubbles","Worth a visit",97,"You need to get a pass from the Golf Club in Srinagar to present at Dachigam and be able to buy a ticket (the pass is free, they will want to see your passport). It's kinda worth it. They have three (well looked after) Himalayan moon bears and two Leopards, nothing else! You have to take a guide (although one wonders what he is there for!) and be insistent about going up or he will give you the shortest tour possible! There's a trout farm inside the sanctuary which is also worth seeing - fed by Himalayan streams!","Mar 2015 • Couples","","","","2024-03-21T18:43:47Z"
"Dachigam Wildlife Sanctuary","Srinagar Jammu and Kashmir","g297623","d3913546","4.5","https://www.tripadvisor.com/ShowUserReviews-g297623-d3913546-r305619373-Dachigam_Wildlife_Sanctuary-Srinagar_Srinagar_District_Kashmir_Jammu_and_Kashmir.html","https://dynamic-media-cdn.tripadvisor.com/media/photo-o/06/7c/0e/30/shawmam.jpg?w=100&h=-1&s=1","5.0 of 5 bubbles","Real Piece of heaven",12,"Once you enter this place you will forget every other place you have ever scene. it looks like a painting the whole place one will find some beautiful animals there as well . A beautiful trout fish pond id there as well.","May 2015 • Friends","","","","2024-03-21T18:43:47Z"
"Dachigam Wildlife Sanctuary","Srinagar Jammu and Kashmir","g297623","d3913546","4.5","https://www.tripadvisor.com/ShowUserReviews-g297623-d3913546-r303122956-Dachigam_Wildlife_Sanctuary-Srinagar_Srinagar_District_Kashmir_Jammu_and_Kashmir.html","https://dynamic-media-cdn.tripadvisor.com/media/photo-o/1a/f6/f4/d0/default-avatar-2020-33.jpg?w=100&h=-1&s=1","5.0 of 5 bubbles","superb experience",128,"oh what an experience. we saw lots of animals and it was a great place to spend an early morning. went across the park on cycles which was fun","May 2015 • Family","","","","2024-03-21T18:43:47Z"
"Dachigam Wildlife Sanctuary","Srinagar Jammu and Kashmir","g297623","d3913546","4.5","https://www.tripadvisor.com/ShowUserReviews-g297623-d3913546-r298427160-Dachigam_Wildlife_Sanctuary-Srinagar_Srinagar_District_Kashmir_Jammu_and_Kashmir.html","https://dynamic-media-cdn.tripadvisor.com/media/photo-o/09/55/e0/b7/suheelmughal.jpg?w=100&h=-1&s=1","4.0 of 5 bubbles","Come close to wild life",69,"As name represents its a Wildlife Sanctuary. They don't allow people like that you have to get a pass from concern authorities before going there","Apr 2015 • Friends","","","","2024-03-21T18:43:47Z"
"Dachigam Wildlife Sanctuary","Srinagar Jammu and Kashmir","g297623","d3913546","4.5","https://www.tripadvisor.com/ShowUserReviews-g297623-d3913546-r293060839-Dachigam_Wildlife_Sanctuary-Srinagar_Srinagar_District_Kashmir_Jammu_and_Kashmir.html","https://dynamic-media-cdn.tripadvisor.com/media/photo-o/1a/f6/ee/68/default-avatar-2020-9.jpg?w=100&h=-1&s=1","4.0 of 5 bubbles","greenery",4,"The wildlife sanctuary is so green that the tourists feel so peaceful while they visit here earlier it was open for the tourists but after the flood that had a devastating effect on kashmir it is now closed and tourists are not allowed to enter the wildlife sanctuary.","Dec 2014 • Family","","","","2024-03-21T18:43:47Z"
"Dachigam Wildlife Sanctuary","Srinagar Jammu and Kashmir","g297623","d3913546","4.5","https://www.tripadvisor.com/ShowUserReviews-g297623-d3913546-r291903602-Dachigam_Wildlife_Sanctuary-Srinagar_Srinagar_District_Kashmir_Jammu_and_Kashmir.html","https://dynamic-media-cdn.tripadvisor.com/media/photo-o/05/ed/c0/f4/abhajn.jpg?w=100&h=-1&s=1","4.0 of 5 bubbles","So green and serene",60,"Well I am always biased towards green places. But we had 2 4-year olds with us, and they had great fun too. We collected 10 different types of leaves and flowers, then saw bhaalu and leopards from close quarters, then we sat near a river cascading over boulders, and just whiled the afternoon away. Quite enchanting.One important thing to note is that the sanctuary closes down on some days due to security issues, so plan for that possibility.","May 2015 • Family","","","","2024-03-21T18:43:50Z"
"Dachigam Wildlife Sanctuary","Srinagar Jammu and Kashmir","g297623","d3913546","4.5","https://www.tripadvisor.com/ShowUserReviews-g297623-d3913546-r290967089-Dachigam_Wildlife_Sanctuary-Srinagar_Srinagar_District_Kashmir_Jammu_and_Kashmir.html","https://dynamic-media-cdn.tripadvisor.com/media/photo-o/1a/f6/eb/e3/default-avatar-2020-59.jpg?w=100&h=-1&s=1","5.0 of 5 bubbles","Great Place",17,"It is a great place to visit, but the only problem is that you require special permissiond for going there","Jul 2015 • Family","","","","2024-03-21T18:43:50Z"
"Dachigam Wildlife Sanctuary","Srinagar Jammu and Kashmir","g297623","d3913546","4.5","https://www.tripadvisor.com/ShowUserReviews-g297623-d3913546-r283802356-Dachigam_Wildlife_Sanctuary-Srinagar_Srinagar_District_Kashmir_Jammu_and_Kashmir.html","https://dynamic-media-cdn.tripadvisor.com/media/photo-o/1a/f6/ed/7b/default-avatar-2020-6.jpg?w=100&h=-1&s=1","3.0 of 5 bubbles","Average Wild Life",45,"Only two wildlife animal, Leopard and Bhalu I was able to spot. Otherwise nothing was there. There is no one inside to guide you where to go. Taxi wala whom we hired is also not aware of the place. Strange!!!!!","Jun 2015 • Family","","","","2024-03-21T18:43:50Z"
"Dachigam Wildlife Sanctuary","Srinagar Jammu and Kashmir","g297623","d3913546","4.5","https://www.tripadvisor.com/ShowUserReviews-g297623-d3913546-r279946903-Dachigam_Wildlife_Sanctuary-Srinagar_Srinagar_District_Kashmir_Jammu_and_Kashmir.html","https://dynamic-media-cdn.tripadvisor.com/media/photo-o/08/17/c4/63/aps55.jpg?w=100&h=-1&s=1","5.0 of 5 bubbles","Very nicely maintained",37,"This wildlife sanctuary is probably the only one where motor vehicles are not allowed.Off course some people still manage to get the permission, somehow, to go in with their vehicles but mostly it is not possible and this has kept the Sanctuary in its natural form.","Jun 2015 • Couples","","","","2024-03-21T18:43:50Z"
"Dachigam Wildlife Sanctuary","Srinagar Jammu and Kashmir","g297623","d3913546","4.5","https://www.tripadvisor.com/ShowUserReviews-g297623-d3913546-r275224830-Dachigam_Wildlife_Sanctuary-Srinagar_Srinagar_District_Kashmir_Jammu_and_Kashmir.html","https://dynamic-media-cdn.tripadvisor.com/media/photo-o/1a/f6/e4/59/default-avatar-2020-49.jpg?w=100&h=-1&s=1","5.0 of 5 bubbles","UP NEXT TO WILD",3,"park is enclosed by two ridges with a great variety of flora and fauna.Coniferous forests cover a large area in Dachigam National Park. The mountainsides of the forest are thickly covered with wild trees. Running don the mountain's face are the alpine pastures, watrefalls, scrub vegetation with deep gullies and undulating meadows forms the flora here. You will find equisite variety of flowers which cover most of the terrain, except for the winters which are cold dry. One of the important lake of the region is Maskar Lake which flows out of Dagwan river.At the entrance you will find some wild animals captivated for tourist exibition like leopard , black bear , monkeys ,stag and some birds as well.you can also hire a bicycle to roam inside the forest. At the centre point you can find stags grazing the grass.You can a alot of trout fish there . Stag and trout fish is two main specialisation of this park","Apr 2015 • Friends","","","","2024-03-21T18:43:50Z"
"Dachigam Wildlife Sanctuary","Srinagar Jammu and Kashmir","g297623","d3913546","4.5","https://www.tripadvisor.com/ShowUserReviews-g297623-d3913546-r275107116-Dachigam_Wildlife_Sanctuary-Srinagar_Srinagar_District_Kashmir_Jammu_and_Kashmir.html","https://dynamic-media-cdn.tripadvisor.com/media/photo-o/1a/f6/f2/11/default-avatar-2020-23.jpg?w=100&h=-1&s=1","5.0 of 5 bubbles","dachigam national park is a good place where vistors can visit with full of wild animals especially kashmiri deer hangul",7,"good place where vistors can visit with full of wild animals especially kashmiri deer hangul  visit and feel thd diffrence","May 2015 • Family","","","","2024-03-21T18:43:50Z"
"Dachigam Wildlife Sanctuary","Srinagar Jammu and Kashmir","g297623","d3913546","4.5","https://www.tripadvisor.com/ShowUserReviews-g297623-d3913546-r265830273-Dachigam_Wildlife_Sanctuary-Srinagar_Srinagar_District_Kashmir_Jammu_and_Kashmir.html","https://dynamic-media-cdn.tripadvisor.com/media/photo-o/1a/f6/e7/99/default-avatar-2020-57.jpg?w=100&h=-1&s=1","4.0 of 5 bubbles","good place",63,"better check before visiting the place as sometimes its closed due to security issue. whn we visited animals werent around so we havent got much to see except a walk in the jungle.","Mar 2015 • Family","","","","2024-03-21T18:43:50Z"
"Dachigam Wildlife Sanctuary","Srinagar Jammu and Kashmir","g297623","d3913546","4.5","https://www.tripadvisor.com/ShowUserReviews-g297623-d3913546-r263165734-Dachigam_Wildlife_Sanctuary-Srinagar_Srinagar_District_Kashmir_Jammu_and_Kashmir.html","https://dynamic-media-cdn.tripadvisor.com/media/photo-o/07/97/2c/cd/achaudhuri.jpg?w=100&h=-1&s=1","4.0 of 5 bubbles","Something different",7,"After being surrounded by snow...it was a welcome break to see tigers and bears albeit in enclosed spaces but they had enough space to romp around. If you have time worth a look.","Mar 2015 • Family","","","","2024-03-21T18:43:50Z"
"Dachigam Wildlife Sanctuary","Srinagar Jammu and Kashmir","g297623","d3913546","4.5","https://www.tripadvisor.com/ShowUserReviews-g297623-d3913546-r260854066-Dachigam_Wildlife_Sanctuary-Srinagar_Srinagar_District_Kashmir_Jammu_and_Kashmir.html","https://dynamic-media-cdn.tripadvisor.com/media/photo-o/07/8d/32/64/cheekaram.jpg?w=100&h=-1&s=1","5.0 of 5 bubbles","GREAT FOREST",23,"u can have a good trekking experience. start very early in the morning u can reach the highest peak and return by evening.  great view points and very natural. u will never like to come out of this forest.","Mar 2015 • Solo","","","","2024-03-21T18:43:50Z"
"Dachigam Wildlife Sanctuary","Srinagar Jammu and Kashmir","g297623","d3913546","4.5","https://www.tripadvisor.com/ShowUserReviews-g297623-d3913546-r259373546-Dachigam_Wildlife_Sanctuary-Srinagar_Srinagar_District_Kashmir_Jammu_and_Kashmir.html","https://dynamic-media-cdn.tripadvisor.com/media/photo-o/04/92/c4/6d/prm78.jpg?w=100&h=-1&s=1","4.0 of 5 bubbles","Beautiful wilderness",205,"Quite a contrast to Srinigar and Dal Lake - a peaceful sanctuary, with beautiful trees (many very large oaks) and a variety of unpolluted streams and a small river (Dagwan river).  We were there in late winter, so no leaves and only a few flowers, but still pretty, with the backdrop of the snowy Himalayas behind.  Lots of birds, but few animals to be seen in the wild - we were told early morning is best for this.  However we were fortunate to come across a troupe of grey langurs - amazing to watch them flying through the trees right across the road in front of us.  They also have some leopards and black bears in large enclosures (a rehab area for the animals), so you can still see some of the typical species even if not in the true wild.   Staff were very helpful, and accompanied us on a 1 1/2 hour bike ride and walk through the forest, showing us much we would otherwise have missed.  Note that you have to make prior arrangements to visit (can be done via your hotel concierge).","Mar 2015 • Couples","","","","2024-03-21T18:43:50Z"
"Dachigam Wildlife Sanctuary","Srinagar Jammu and Kashmir","g297623","d3913546","4.5","https://www.tripadvisor.com/ShowUserReviews-g297623-d3913546-r258507170-Dachigam_Wildlife_Sanctuary-Srinagar_Srinagar_District_Kashmir_Jammu_and_Kashmir.html","https://dynamic-media-cdn.tripadvisor.com/media/photo-o/03/db/56/11/nikhil0210.jpg?w=100&h=-1&s=1","5.0 of 5 bubbles","WOHAA",499,"Take a walk inside jungle with a proper guide and you might confront a Bear eating berries. I was a scary walk and the jungle noise was amazing. We do confronted a bear while we sat in our jeep. The bear was rushing towards our jeep breaking all the bushes and trees but we ran away -- but later we saw 2 Hanguls which are just very rare bread of Himalayan Deers with pretty unusual horns and are like purple in color  and according to guide they are nearing extinction and just 168 odd animals left that too in Himalayas. He said it was the rarest sight ever and you may find snow leopards but not Hanguls.","May 2014 • Family","","","","2024-03-21T18:43:52Z"
"Dachigam Wildlife Sanctuary","Srinagar Jammu and Kashmir","g297623","d3913546","4.5","https://www.tripadvisor.com/ShowUserReviews-g297623-d3913546-r252566158-Dachigam_Wildlife_Sanctuary-Srinagar_Srinagar_District_Kashmir_Jammu_and_Kashmir.html","https://dynamic-media-cdn.tripadvisor.com/media/photo-o/07/41/45/a7/nabhiraj.jpg?w=100&h=-1&s=1","4.0 of 5 bubbles","MEMORABLE MINI TRECK",67,"I would like to thank Mr Uzair (guide/operator/driver/friend) 09796102343, who insisted me to visit the park, he also took permissions from city office , this is the service some one hardly experience. the park was closed but part of it was open for visitors, when we reach there we found ourselves only tourist there. Even Mr Uzair said that there will be only bear and leopard (in natural cage), but the walk (hardly 0.5 km) was the time we enjoyed may be coz we were alone and its through national park, then we saw leopard and bears in cage and also some nice birds. my small daughter really enjoyed the time. thanks Dchigam, thanks Uzair","Jan 2015 • Family","","","","2024-03-21T18:43:52Z"
"Dachigam Wildlife Sanctuary","Srinagar Jammu and Kashmir","g297623","d3913546","4.5","https://www.tripadvisor.com/ShowUserReviews-g297623-d3913546-r252352093-Dachigam_Wildlife_Sanctuary-Srinagar_Srinagar_District_Kashmir_Jammu_and_Kashmir.html","https://dynamic-media-cdn.tripadvisor.com/media/photo-o/07/81/df/70/monicasharmab.jpg?w=100&h=-1&s=1","5.0 of 5 bubbles","Wonderful experience!",88,"Dachigam Wildlife Sanctuary is approximately 20- 22 kms  NE of Srinagar.An amazing and peaceful place in the lap of nature. Filled with sights and sounds , which sooth your nerves, it is a must visit place in Srinagar. We not only enjoyed watching the beautiful birds but were also impressed by the majestic leopards and black Himalayan bears. The high point was the Dagwan river which flows down through Dachigam; really enjoyed sitting on its bank and soaking my feet in the cold, rushing water!Tip: Do remember to carry a bottle of drinking water- all that walking makes you thirsty!","Jun 2014 • Couples","","","","2024-03-21T18:43:52Z"
"Dachigam Wildlife Sanctuary","Srinagar Jammu and Kashmir","g297623","d3913546","4.5","https://www.tripadvisor.com/ShowUserReviews-g297623-d3913546-r250139678-Dachigam_Wildlife_Sanctuary-Srinagar_Srinagar_District_Kashmir_Jammu_and_Kashmir.html","https://dynamic-media-cdn.tripadvisor.com/media/photo-o/1a/f6/f2/59/default-avatar-2020-24.jpg?w=100&h=-1&s=1","5.0 of 5 bubbles","BARA SINGHA",15,"This place is ideal to visit and see the world famous bara singha which is very rare and u have a set of some good lions and if u happen to go a bit further ahead please don't miss to see the shikar gah / tourist hut","Jun 2014 • Family","","","","2024-03-21T18:43:52Z"
"Dachigam Wildlife Sanctuary","Srinagar Jammu and Kashmir","g297623","d3913546","4.5","https://www.tripadvisor.com/ShowUserReviews-g297623-d3913546-r238029485-Dachigam_Wildlife_Sanctuary-Srinagar_Srinagar_District_Kashmir_Jammu_and_Kashmir.html","https://dynamic-media-cdn.tripadvisor.com/media/photo-o/03/ef/a3/dc/jsarna.jpg?w=100&h=-1&s=1","5.0 of 5 bubbles","A great experience",94,"We were late for the early morning tour but were there mid morning. Nazir Ahmad Malik - a wildlife expert and our guide for the day is a brilliant, well informed articulate person, who made our visit memorable. A store bank of knowledge, Nazir helps you soak in the surroundings while imparting knowledge about the flora and fauna and the wild life. It is a beautiful sanctuary and a must visit for everyone.","Jul 2014 • Family","","","","2024-03-21T18:43:52Z"
"Dachigam Wildlife Sanctuary","Srinagar Jammu and Kashmir","g297623","d3913546","4.5","https://www.tripadvisor.com/ShowUserReviews-g297623-d3913546-r228422186-Dachigam_Wildlife_Sanctuary-Srinagar_Srinagar_District_Kashmir_Jammu_and_Kashmir.html","https://dynamic-media-cdn.tripadvisor.com/media/photo-o/1a/f6/f2/b8/default-avatar-2020-26.jpg?w=100&h=-1&s=1","3.0 of 5 bubbles","Trip To dachigam in Aug-Sept",45,"The ambiance is good, but only you can expect is the leopard and the black bear, nothing more. Children will enjoy.","Aug 2014 • Family","","","","2024-03-21T18:43:52Z"
"Dachigam Wildlife Sanctuary","Srinagar Jammu and Kashmir","g297623","d3913546","4.5","https://www.tripadvisor.com/ShowUserReviews-g297623-d3913546-r226593135-Dachigam_Wildlife_Sanctuary-Srinagar_Srinagar_District_Kashmir_Jammu_and_Kashmir.html","https://dynamic-media-cdn.tripadvisor.com/media/photo-o/1a/f6/e6/ea/default-avatar-2020-54.jpg?w=100&h=-1&s=1","4.0 of 5 bubbles","Stay at Dachigam",5,"Went to dachigam wildlife sanctuary in the of august and stayed there for 5 days. The experience was out of this world with lush green surroundings and beautiful scenic beauty. The chirping of birds and the silence.makes one with the God. The food and accommodation is slightly above average and the staff is always helpful.In nut shell an wonderful experience.","Aug 2014 • Couples","","","","2024-03-21T18:43:52Z"
"Dachigam Wildlife Sanctuary","Srinagar Jammu and Kashmir","g297623","d3913546","4.5","https://www.tripadvisor.com/ShowUserReviews-g297623-d3913546-r219305726-Dachigam_Wildlife_Sanctuary-Srinagar_Srinagar_District_Kashmir_Jammu_and_Kashmir.html","https://dynamic-media-cdn.tripadvisor.com/media/photo-o/1a/f6/f6/0d/default-avatar-2020-34.jpg?w=100&h=-1&s=1","3.0 of 5 bubbles","Scenic but unexplored and not understood",12,"The sanctuary is vast with exotic views of the Himalayas but the wildlife guides are not well versed with the life in the sanctuary. The skill level of the researchers and guides is also primitive and non wildlife friendly","Jul 2014 • Couples","","","","2024-03-21T18:43:52Z"
"Dachigam Wildlife Sanctuary","Srinagar Jammu and Kashmir","g297623","d3913546","4.5","https://www.tripadvisor.com/ShowUserReviews-g297623-d3913546-r213004067-Dachigam_Wildlife_Sanctuary-Srinagar_Srinagar_District_Kashmir_Jammu_and_Kashmir.html","https://dynamic-media-cdn.tripadvisor.com/media/photo-o/06/4f/f3/e9/rohitwattal.jpg?w=100&h=-1&s=1","5.0 of 5 bubbles","The most beautiful place",273,"Dachigam National Park is located 22 kilometers from Srinagar, Jammu and Kashmir. It covers an area of 141 square kilometers.its the most beautiful place i have ever seen it surely is heaven on the planet.","Jun 2014 • Couples","","","","2024-03-21T18:43:52Z"
"Dachigam Wildlife Sanctuary","Srinagar Jammu and Kashmir","g297623","d3913546","4.5","https://www.tripadvisor.com/ShowUserReviews-g297623-d3913546-r212464432-Dachigam_Wildlife_Sanctuary-Srinagar_Srinagar_District_Kashmir_Jammu_and_Kashmir.html","https://dynamic-media-cdn.tripadvisor.com/media/photo-o/07/89/4d/a4/vinamra-g.jpg?w=100&h=-1&s=1","1.0 of 5 bubbles","Not worth going",7,"We went to the national park on 28 June14. I just wasted my day. There is no point going.  There are two leopards and three bears in captivity. No birds at all(I mean it) there is a fishery section but for that you need to go 2 km on foot. Please don't waste your time going here.","","","","","2024-03-21T18:43:52Z"
